Unity Editor version:    6000.0.38f1 (82314a941f2d)
Branch:                  6000.0/staging
Build type:              Release
Batch mode:              YES
macOS version:           Version 14.0 (Build 23A344)
Darwin version:          23.0.0
Architecture:            arm64
Running under Rosetta:   NO
Available memory:        16384 MB
Using pre-set license
Pro License: YES

COMMAND LINE ARGUMENTS:
/Applications/Unity/Hub/Editor/6000.0.38f1/Unity.app/Contents/MacOS/Unity
-adb2
-batchMode
-noUpm
-name
AssetImportWorker0
-projectPath
/Users/macbook/Documents/Unity-Game/kor/CardOparator
-logFile
Logs/AssetImportWorker0.log
-srvPort
51558
-job-worker-count
3
-background-job-worker-count
8
-gc-helper-count
1
Successfully changed project path to: /Users/macbook/Documents/Unity-Game/kor/CardOparator
/Users/macbook/Documents/Unity-Game/kor/CardOparator
[UnityMemory] Configuration Parameters - Can be set up in boot.config
    "memorysetup-bucket-allocator-granularity=16"
    "memorysetup-bucket-allocator-bucket-count=8"
    "memorysetup-bucket-allocator-block-size=33554432"
    "memorysetup-bucket-allocator-block-count=8"
    "memorysetup-main-allocator-block-size=16777216"
    "memorysetup-thread-allocator-block-size=16777216"
    "memorysetup-gfx-main-allocator-block-size=16777216"
    "memorysetup-gfx-thread-allocator-block-size=16777216"
    "memorysetup-cache-allocator-block-size=4194304"
    "memorysetup-typetree-allocator-block-size=2097152"
    "memorysetup-profiler-bucket-allocator-granularity=16"
    "memorysetup-profiler-bucket-allocator-bucket-count=8"
    "memorysetup-profiler-bucket-allocator-block-size=33554432"
    "memorysetup-profiler-bucket-allocator-block-count=8"
    "memorysetup-profiler-allocator-block-size=16777216"
    "memorysetup-profiler-editor-allocator-block-size=1048576"
    "memorysetup-temp-allocator-size-main=16777216"
    "memorysetup-job-temp-allocator-block-size=2097152"
    "memorysetup-job-temp-allocator-block-size-background=1048576"
    "memorysetup-job-temp-allocator-reduction-small-platforms=262144"
    "memorysetup-allocator-temp-initial-block-size-main=262144"
    "memorysetup-allocator-temp-initial-block-size-worker=262144"
    "memorysetup-temp-allocator-size-background-worker=32768"
    "memorysetup-temp-allocator-size-job-worker=262144"
    "memorysetup-temp-allocator-size-preload-manager=33554432"
    "memorysetup-temp-allocator-size-nav-mesh-worker=65536"
    "memorysetup-temp-allocator-size-audio-worker=65536"
    "memorysetup-temp-allocator-size-cloud-worker=32768"
    "memorysetup-temp-allocator-size-gi-baking-worker=262144"
    "memorysetup-temp-allocator-size-gi-baking-worker=262144"
    "memorysetup-temp-allocator-size-gi-baking-worker=262144"
    "memorysetup-temp-allocator-size-gi-baking-worker=262144"
    "memorysetup-temp-allocator-size-gi-baking-worker=262144"
    "memorysetup-temp-allocator-size-gfx=262144"
Player connection [8151831296]  Target information:

Player connection [8151831296]  * "[IP] 192.168.1.106 [Port] 0 [Flags] 2 [Guid] 671544162 [EditorId] 671544162 [Version] 1048832 [Id] OSXEditor(0,MacBooks-MacBook-Pro.local) [Debug] 1 [PackageName] OSXEditor [ProjectName] Editor" 

Player connection [8151831296] Host joined multi-casting on [225.0.0.222:54997]...
Player connection [8151831296] Host joined alternative multi-casting on [225.0.0.222:34997]...
JobSystem: Creating JobQueue using job-worker-count value 3
Input System module state changed to: Initialized.
[Physics::Module] Initialized fallback backend.
[Physics::Module] Id: 0xdecafbad
Library Redirect Path: Library/
[Physics::Module] Selected backend.
[Physics::Module] Name: PhysX
[Physics::Module] Id: 0xf2b8ea05
[Physics::Module] SDK Version: 4.1.2
[Physics::Module] Integration Version: 1.0.0
[Physics::Module] Threading Mode: Multi-Threaded
Refreshing native plugins compatible for Editor in 1.61 ms, found 3 plugins.
Preloading 0 native plugins for Editor in 0.00 ms.
Initialize engine version: 6000.0.38f1 (82314a941f2d)
[Subsystems] Discovering subsystems at path /Applications/Unity/Hub/Editor/6000.0.38f1/Unity.app/Contents/Resources/UnitySubsystems
[Subsystems] Discovering subsystems at path /Users/macbook/Documents/Unity-Game/kor/CardOparator/Assets
GfxDevice: creating device client; kGfxThreadingModeNonThreaded
 preferred device: Apple M1 Pro (high power)
Metal devices available: 1
0: Apple M1 Pro (high power)
Using device Apple M1 Pro (high power)
Initializing Metal device caps: Apple M1 Pro
Initialize mono
Mono path[0] = '/Applications/Unity/Hub/Editor/6000.0.38f1/Unity.app/Contents/Managed'
Mono path[1] = '/Applications/Unity/Hub/Editor/6000.0.38f1/Unity.app/Contents/MonoBleedingEdge/lib/mono/unityjit-macos'
Mono config path = '/Applications/Unity/Hub/Editor/6000.0.38f1/Unity.app/Contents/MonoBleedingEdge/etc'
Using monoOptions --debugger-agent=transport=dt_socket,embedding=1,server=y,suspend=n,address=127.0.0.1:56913
Begin MonoManager ReloadAssembly
Registering precompiled unity dll's ...
Register platform support module: /Applications/Unity/Hub/Editor/6000.0.38f1/PlaybackEngines/WebGLSupport/UnityEditor.WebGL.Extensions.dll
Register platform support module: /Applications/Unity/Hub/Editor/6000.0.38f1/Unity.app/Contents/PlaybackEngines/MacStandaloneSupport/UnityEditor.OSXStandalone.Extensions.dll
Register platform support module: /Applications/Unity/Hub/Editor/6000.0.38f1/PlaybackEngines/AndroidPlayer/UnityEditor.Android.Extensions.dll
Register platform support module: /Applications/Unity/Hub/Editor/6000.0.38f1/PlaybackEngines/iOSSupport/UnityEditor.iOS.Extensions.dll
Registered in 0.003776 seconds.
- Loaded All Assemblies, in  0.303 seconds
[usbmuxd] Start listen thread
[usbmuxd] Listen thread started
[usbmuxd] Send listen message
Native extension for iOS target not found
Native extension for Android target not found
Android Extension - Scanning For ADB Devices 72 ms
Native extension for OSXStandalone target not found
Native extension for WebGL target not found
Mono: successfully reloaded assembly
- Finished resetting the current domain, in  0.409 seconds
Domain Reload Profiling: 712ms
	BeginReloadAssembly (94ms)
		ExecutionOrderSort (0ms)
		DisableScriptedObjects (0ms)
		BackupInstance (0ms)
		ReleaseScriptingObjects (0ms)
		CreateAndSetChildDomain (0ms)
	RebuildCommonClasses (26ms)
	RebuildNativeTypeToScriptingClass (10ms)
	initialDomainReloadingComplete (34ms)
	LoadAllAssembliesAndSetupDomain (139ms)
		LoadAssemblies (95ms)
		RebuildTransferFunctionScriptingTraits (0ms)
		AnalyzeDomain (136ms)
			TypeCache.Refresh (134ms)
				TypeCache.ScanAssembly (122ms)
			BuildScriptInfoCaches (0ms)
			ResolveRequiredComponents (0ms)
	FinalizeReload (410ms)
		ReleaseScriptCaches (0ms)
		RebuildScriptCaches (0ms)
		SetupLoadedEditorAssemblies (376ms)
			LogAssemblyErrors (0ms)
			InitializePlatformSupportModulesInManaged (195ms)
			SetLoadedEditorAssemblies (3ms)
			BeforeProcessingInitializeOnLoad (38ms)
			ProcessInitializeOnLoadAttributes (90ms)
			ProcessInitializeOnLoadMethodAttributes (49ms)
			AfterProcessingInitializeOnLoad (0ms)
			EditorAssembliesLoaded (0ms)
		ExecutionOrderSort2 (0ms)
		AwakeInstancesAfterBackupRestoration (0ms)
========================================================================
Worker process is ready to serve import requests
Import Worker Mode flag is 0x00
Begin MonoManager ReloadAssembly
- Loaded All Assemblies, in  0.486 seconds
Refreshing native plugins compatible for Editor in 0.41 ms, found 3 plugins.
Native extension for iOS target not found
Native extension for Android target not found
Native extension for OSXStandalone target not found
Native extension for WebGL target not found
Mono: successfully reloaded assembly
- Finished resetting the current domain, in  0.441 seconds
Domain Reload Profiling: 927ms
	BeginReloadAssembly (87ms)
		ExecutionOrderSort (0ms)
		DisableScriptedObjects (4ms)
		BackupInstance (0ms)
		ReleaseScriptingObjects (0ms)
		CreateAndSetChildDomain (28ms)
	RebuildCommonClasses (28ms)
	RebuildNativeTypeToScriptingClass (9ms)
	initialDomainReloadingComplete (24ms)
	LoadAllAssembliesAndSetupDomain (337ms)
		LoadAssemblies (227ms)
		RebuildTransferFunctionScriptingTraits (0ms)
		AnalyzeDomain (146ms)
			TypeCache.Refresh (118ms)
				TypeCache.ScanAssembly (103ms)
			BuildScriptInfoCaches (23ms)
			ResolveRequiredComponents (4ms)
	FinalizeReload (441ms)
		ReleaseScriptCaches (0ms)
		RebuildScriptCaches (0ms)
		SetupLoadedEditorAssemblies (369ms)
			LogAssemblyErrors (0ms)
			InitializePlatformSupportModulesInManaged (13ms)
			SetLoadedEditorAssemblies (3ms)
			BeforeProcessingInitializeOnLoad (71ms)
			ProcessInitializeOnLoadAttributes (259ms)
			ProcessInitializeOnLoadMethodAttributes (22ms)
			AfterProcessingInitializeOnLoad (1ms)
			EditorAssembliesLoaded (0ms)
		ExecutionOrderSort2 (0ms)
		AwakeInstancesAfterBackupRestoration (2ms)
Launching external process: /Applications/Unity/Hub/Editor/6000.0.38f1/Unity.app/Contents/Tools/UnityShaderCompiler
Launched and connected shader compiler UnityShaderCompiler after 0.05 seconds
Refreshing native plugins compatible for Editor in 0.51 ms, found 3 plugins.
Preloading 0 native plugins for Editor in 0.00 ms.
Unloading 14 Unused Serialized files (Serialized files now loaded: 0)
Unloading 4710 unused Assets / (1.0 MB). Loaded Objects now: 5200.
Memory consumption went from 90.0 MB to 89.0 MB.
Total: 5.602208 ms (FindLiveObjects: 0.365667 ms CreateObjectMapping: 0.128792 ms MarkObjects: 4.348208 ms  DeleteObjects: 0.758917 ms)

========================================================================
Received Import Request.
  Time since last request: 5994.617735 seconds.
  path: Assets/Readme.asset
  artifactKey: Guid(7f2c382dc2c22446db59030979f6e495) Importer(815301076,1909f56bfc062723c751e8b465ee728b)
Start importing Assets/Readme.asset using Guid(7f2c382dc2c22446db59030979f6e495) Importer(815301076,1909f56bfc062723c751e8b465ee728b) (PreviewImporter) -> (artifact id: '244eb9245ef379a30a587d13c498d14e') in 0.014701209 seconds
Number of updated asset objects reloaded before import = 0Number of asset objects unloaded after import = 2

========================================================================
Received Import Request.
  Time since last request: 0.000041 seconds.
  path: Assets/InputSystem_Actions.inputactions
  artifactKey: Guid(abfc50568cd094ab2a57f0b3510d3384) Importer(815301076,1909f56bfc062723c751e8b465ee728b)
Start importing Assets/InputSystem_Actions.inputactions using Guid(abfc50568cd094ab2a57f0b3510d3384) Importer(815301076,1909f56bfc062723c751e8b465ee728b) (PreviewImporter) -> (artifact id: 'c7602d31fbd04f81544b47fac7616950') in 0.002434125 seconds
Number of updated asset objects reloaded before import = 0Number of asset objects unloaded after import = 19

========================================================================
Received Import Request.
  Time since last request: 7.796352 seconds.
  path: Assets/CardsOparator/Scenes/EASY.unity
  artifactKey: Guid(3fc8acdd13e6c734bafef6554d6fdbcd) Importer(815301076,1909f56bfc062723c751e8b465ee728b)
Start importing Assets/CardsOparator/Scenes/EASY.unity using Guid(3fc8acdd13e6c734bafef6554d6fdbcd) Importer(815301076,1909f56bfc062723c751e8b465ee728b) (PreviewImporter) -> (artifact id: '693e6106431fb764dc0ac89b04fac9ed') in 0.00032525 seconds
Number of updated asset objects reloaded before import = 0Number of asset objects unloaded after import = 0

========================================================================
Received Import Request.
  Time since last request: 2.820579 seconds.
  path: Assets/CardsOparator/Scenes/Loading.unity
  artifactKey: Guid(f97c8dd38d8b7430caf574f55835afb2) Importer(815301076,1909f56bfc062723c751e8b465ee728b)
Start importing Assets/CardsOparator/Scenes/Loading.unity using Guid(f97c8dd38d8b7430caf574f55835afb2) Importer(815301076,1909f56bfc062723c751e8b465ee728b) (PreviewImporter) -> (artifact id: '90b41242e19c2016d5b08ee6a389ec7e') in 0.000320125 seconds
Number of updated asset objects reloaded before import = 0Number of asset objects unloaded after import = 0

========================================================================
Received Import Request.
  Time since last request: 11.923442 seconds.
  path: Assets/CardsOparator/icon/Icon HangMan.png
  artifactKey: Guid(761f860aaf3b64f45a052ad88cd9d153) Importer(815301076,1909f56bfc062723c751e8b465ee728b)
Start importing Assets/CardsOparator/icon/Icon HangMan.png using Guid(761f860aaf3b64f45a052ad88cd9d153) Importer(815301076,1909f56bfc062723c751e8b465ee728b) (PreviewImporter) -> (artifact id: '8f1d1c370f601ed3be01a5f34aa4da23') in 0.096042542 seconds
Number of updated asset objects reloaded before import = 0Number of asset objects unloaded after import = 3

========================================================================
Received Import Request.
  Time since last request: 20.786753 seconds.
  path: Assets/CardsOparator/UI/bg.png
  artifactKey: Guid(e9618fdae30ba44a1b7cad6886e84e7a) Importer(815301076,1909f56bfc062723c751e8b465ee728b)
Start importing Assets/CardsOparator/UI/bg.png using Guid(e9618fdae30ba44a1b7cad6886e84e7a) Importer(815301076,1909f56bfc062723c751e8b465ee728b) (PreviewImporter) -> (artifact id: 'c6ed2f1154633ab785975cdd7a5d2260') in 0.007433041 seconds
Number of updated asset objects reloaded before import = 0Number of asset objects unloaded after import = 3

========================================================================
Received Import Request.
  Time since last request: 18.478513 seconds.
  path: Assets/CardsOparator/Scenes/menu.unity
  artifactKey: Guid(b13f191d9fd674015b3e318148600f11) Importer(815301076,1909f56bfc062723c751e8b465ee728b)
Start importing Assets/CardsOparator/Scenes/menu.unity using Guid(b13f191d9fd674015b3e318148600f11) Importer(815301076,1909f56bfc062723c751e8b465ee728b) (PreviewImporter) -> (artifact id: '29b1c7a8843e449851bb9cb14bf2c9a1') in 0.000477583 seconds
Number of updated asset objects reloaded before import = 0Number of asset objects unloaded after import = 0

========================================================================
Received Prepare
Begin MonoManager ReloadAssembly
Thread 0x28a087000 may have been prematurely finalized
- Loaded All Assemblies, in  0.460 seconds
Refreshing native plugins compatible for Editor in 0.40 ms, found 3 plugins.
Native extension for iOS target not found
Native extension for Android target not found
Native extension for OSXStandalone target not found
Native extension for WebGL target not found
Mono: successfully reloaded assembly
- Finished resetting the current domain, in  0.465 seconds
Domain Reload Profiling: 926ms
	BeginReloadAssembly (116ms)
		ExecutionOrderSort (0ms)
		DisableScriptedObjects (8ms)
		BackupInstance (0ms)
		ReleaseScriptingObjects (0ms)
		CreateAndSetChildDomain (46ms)
	RebuildCommonClasses (28ms)
	RebuildNativeTypeToScriptingClass (11ms)
	initialDomainReloadingComplete (19ms)
	LoadAllAssembliesAndSetupDomain (288ms)
		LoadAssemblies (209ms)
		RebuildTransferFunctionScriptingTraits (0ms)
		AnalyzeDomain (113ms)
			TypeCache.Refresh (9ms)
				TypeCache.ScanAssembly (0ms)
			BuildScriptInfoCaches (98ms)
			ResolveRequiredComponents (4ms)
	FinalizeReload (465ms)
		ReleaseScriptCaches (0ms)
		RebuildScriptCaches (0ms)
		SetupLoadedEditorAssemblies (378ms)
			LogAssemblyErrors (0ms)
			InitializePlatformSupportModulesInManaged (18ms)
			SetLoadedEditorAssemblies (4ms)
			BeforeProcessingInitializeOnLoad (74ms)
			ProcessInitializeOnLoadAttributes (259ms)
			ProcessInitializeOnLoadMethodAttributes (23ms)
			AfterProcessingInitializeOnLoad (1ms)
			EditorAssembliesLoaded (0ms)
		ExecutionOrderSort2 (0ms)
		AwakeInstancesAfterBackupRestoration (2ms)
Refreshing native plugins compatible for Editor in 0.45 ms, found 3 plugins.
Preloading 0 native plugins for Editor in 0.00 ms.
Unloading 0 Unused Serialized files (Serialized files now loaded: 0)
Unloading 4708 unused Assets / (0.9 MB). Loaded Objects now: 5213.
Memory consumption went from 101.5 MB to 100.6 MB.
Total: 4.566000 ms (FindLiveObjects: 0.226250 ms CreateObjectMapping: 0.125083 ms MarkObjects: 3.576333 ms  DeleteObjects: 0.637833 ms)

Prepare: number of updated asset objects reloaded= 0
========================================================================
Received Prepare
Begin MonoManager ReloadAssembly
Thread 0x299dcb000 may have been prematurely finalized
- Loaded All Assemblies, in  0.418 seconds
Refreshing native plugins compatible for Editor in 0.41 ms, found 3 plugins.
Native extension for iOS target not found
Native extension for Android target not found
Native extension for OSXStandalone target not found
Native extension for WebGL target not found
Mono: successfully reloaded assembly
- Finished resetting the current domain, in  0.455 seconds
Domain Reload Profiling: 875ms
	BeginReloadAssembly (104ms)
		ExecutionOrderSort (0ms)
		DisableScriptedObjects (8ms)
		BackupInstance (0ms)
		ReleaseScriptingObjects (0ms)
		CreateAndSetChildDomain (39ms)
	RebuildCommonClasses (30ms)
	RebuildNativeTypeToScriptingClass (10ms)
	initialDomainReloadingComplete (14ms)
	LoadAllAssembliesAndSetupDomain (261ms)
		LoadAssemblies (189ms)
		RebuildTransferFunctionScriptingTraits (0ms)
		AnalyzeDomain (105ms)
			TypeCache.Refresh (7ms)
				TypeCache.ScanAssembly (0ms)
			BuildScriptInfoCaches (92ms)
			ResolveRequiredComponents (4ms)
	FinalizeReload (456ms)
		ReleaseScriptCaches (0ms)
		RebuildScriptCaches (0ms)
		SetupLoadedEditorAssemblies (372ms)
			LogAssemblyErrors (0ms)
			InitializePlatformSupportModulesInManaged (12ms)
			SetLoadedEditorAssemblies (4ms)
			BeforeProcessingInitializeOnLoad (74ms)
			ProcessInitializeOnLoadAttributes (255ms)
			ProcessInitializeOnLoadMethodAttributes (26ms)
			AfterProcessingInitializeOnLoad (1ms)
			EditorAssembliesLoaded (0ms)
		ExecutionOrderSort2 (0ms)
		AwakeInstancesAfterBackupRestoration (2ms)
Refreshing native plugins compatible for Editor in 0.45 ms, found 3 plugins.
Preloading 0 native plugins for Editor in 0.00 ms.
Unloading 0 Unused Serialized files (Serialized files now loaded: 0)
Unloading 4708 unused Assets / (1.0 MB). Loaded Objects now: 5215.
Memory consumption went from 99.7 MB to 98.7 MB.
Total: 4.523750 ms (FindLiveObjects: 0.219625 ms CreateObjectMapping: 0.125625 ms MarkObjects: 3.562083 ms  DeleteObjects: 0.615875 ms)

Prepare: number of updated asset objects reloaded= 0
========================================================================
Received Import Request.
  Time since last request: 104.460459 seconds.
  path: Assets/CardsOparator/Scenes/HARD.unity
  artifactKey: Guid(68cf692b927f44f7895d2c1ff5f4bc90) Importer(815301076,1909f56bfc062723c751e8b465ee728b)
Start importing Assets/CardsOparator/Scenes/HARD.unity using Guid(68cf692b927f44f7895d2c1ff5f4bc90) Importer(815301076,1909f56bfc062723c751e8b465ee728b) (PreviewImporter) -> (artifact id: 'aae4b761f96dff97afffdd9f00bba97a') in 0.0009385 seconds
Number of updated asset objects reloaded before import = 0Number of asset objects unloaded after import = 0

========================================================================
Received Import Request.
  Time since last request: 16.906949 seconds.
  path: Assets/CardsOparator/Script/GameManager.cs
  artifactKey: Guid(407969c1c9e4e4826b8d4cd72dddd7e7) Importer(815301076,1909f56bfc062723c751e8b465ee728b)
Start importing Assets/CardsOparator/Script/GameManager.cs using Guid(407969c1c9e4e4826b8d4cd72dddd7e7) Importer(815301076,1909f56bfc062723c751e8b465ee728b) (PreviewImporter) -> (artifact id: 'b28968ea68c59fb11208724f97d747dc') in 0.000339375 seconds
Number of updated asset objects reloaded before import = 0Number of asset objects unloaded after import = 0

========================================================================
Received Import Request.
  Time since last request: 48.011577 seconds.
  path: Assets/CardsOparator/Scenes/HARD.unity
  artifactKey: Guid(68cf692b927f44f7895d2c1ff5f4bc90) Importer(815301076,1909f56bfc062723c751e8b465ee728b)
Start importing Assets/CardsOparator/Scenes/HARD.unity using Guid(68cf692b927f44f7895d2c1ff5f4bc90) Importer(815301076,1909f56bfc062723c751e8b465ee728b) (PreviewImporter) -> (artifact id: 'ece69c3e630c657dda229a6b2c392b43') in 0.00042625 seconds
Number of updated asset objects reloaded before import = 0Number of asset objects unloaded after import = 0

========================================================================
Received Import Request.
  Time since last request: 15.806163 seconds.
  path: Assets/CardsOparator/Scenes/Loading.unity
  artifactKey: Guid(f97c8dd38d8b7430caf574f55835afb2) Importer(815301076,1909f56bfc062723c751e8b465ee728b)
Start importing Assets/CardsOparator/Scenes/Loading.unity using Guid(f97c8dd38d8b7430caf574f55835afb2) Importer(815301076,1909f56bfc062723c751e8b465ee728b) (PreviewImporter) -> (artifact id: 'e172f5f0c638195e956017cd1d126586') in 0.00052775 seconds
Number of updated asset objects reloaded before import = 0Number of asset objects unloaded after import = 0

========================================================================
Received Import Request.
  Time since last request: 20.391688 seconds.
  path: Assets/CardsOparator/Scenes/menu.unity
  artifactKey: Guid(b13f191d9fd674015b3e318148600f11) Importer(815301076,1909f56bfc062723c751e8b465ee728b)
Start importing Assets/CardsOparator/Scenes/menu.unity using Guid(b13f191d9fd674015b3e318148600f11) Importer(815301076,1909f56bfc062723c751e8b465ee728b) (PreviewImporter) -> (artifact id: 'b66c36cb92ae7d47391fa83e56473c94') in 0.000500417 seconds
Number of updated asset objects reloaded before import = 0Number of asset objects unloaded after import = 0

========================================================================
Received Import Request.
  Time since last request: 1.262463 seconds.
  path: Assets/CardsOparator/Scenes/VERY-HARD.unity
  artifactKey: Guid(8db9995fcfdf24f94aa7ed93fe5743bf) Importer(815301076,1909f56bfc062723c751e8b465ee728b)
Start importing Assets/CardsOparator/Scenes/VERY-HARD.unity using Guid(8db9995fcfdf24f94aa7ed93fe5743bf) Importer(815301076,1909f56bfc062723c751e8b465ee728b) (PreviewImporter) -> (artifact id: '82987184d8f396edc69a8be298d56644') in 0.000373042 seconds
Number of updated asset objects reloaded before import = 0Number of asset objects unloaded after import = 0

========================================================================
Received Import Request.
  Time since last request: 17.358237 seconds.
  path: Assets/CardsOparator/Scenes/VERY-HARD.unity
  artifactKey: Guid(8db9995fcfdf24f94aa7ed93fe5743bf) Importer(815301076,1909f56bfc062723c751e8b465ee728b)
Start importing Assets/CardsOparator/Scenes/VERY-HARD.unity using Guid(8db9995fcfdf24f94aa7ed93fe5743bf) Importer(815301076,1909f56bfc062723c751e8b465ee728b) (PreviewImporter) -> (artifact id: 'a9c4ea450133e2a8ac1b76cb2ab02829') in 0.000454 seconds
Number of updated asset objects reloaded before import = 0Number of asset objects unloaded after import = 0

========================================================================
Received Import Request.
  Time since last request: 58.356796 seconds.
  path: Assets/CardsOparator/Font/Super Squad.ttf
  artifactKey: Guid(22b35054b114b40f683f7110b89519b1) Importer(815301076,1909f56bfc062723c751e8b465ee728b)
Start importing Assets/CardsOparator/Font/Super Squad.ttf using Guid(22b35054b114b40f683f7110b89519b1) Importer(815301076,1909f56bfc062723c751e8b465ee728b) (PreviewImporter) -> (artifact id: '235ac672f7f3b0a861cfc74d06141543') in 0.157212375 seconds
Number of updated asset objects reloaded before import = 0Number of asset objects unloaded after import = 4

========================================================================
Received Import Request.
  Time since last request: 49.438179 seconds.
  path: Assets/CardsOparator/Font/Stormfaze.otf
  artifactKey: Guid(1ceabcb76f382474dbd18b18d31ab514) Importer(815301076,1909f56bfc062723c751e8b465ee728b)
Start importing Assets/CardsOparator/Font/Stormfaze.otf using Guid(1ceabcb76f382474dbd18b18d31ab514) Importer(815301076,1909f56bfc062723c751e8b465ee728b) (PreviewImporter) -> (artifact id: '8cc2ae32543c864c2968a8ffb11f0979') in 0.006260667 seconds
Number of updated asset objects reloaded before import = 0Number of asset objects unloaded after import = 4

========================================================================
Received Import Request.
  Time since last request: 254.022548 seconds.
  path: Assets/CardsOparator/Music/correct-choice-43861.mp3
  artifactKey: Guid(74542c39651584550a9049634b1bf818) Importer(815301076,1909f56bfc062723c751e8b465ee728b)
Start importing Assets/CardsOparator/Music/correct-choice-43861.mp3 using Guid(74542c39651584550a9049634b1bf818) Importer(815301076,1909f56bfc062723c751e8b465ee728b) (PreviewImporter) -> (artifact id: '5fe1d668c6a669234c57cb9bbce12ea4') in 0.0636925 seconds
Number of updated asset objects reloaded before import = 0Number of asset objects unloaded after import = 2

========================================================================
Received Import Request.
  Time since last request: 0.000049 seconds.
  path: Assets/CardsOparator/Music/tap-notification-180637.mp3
  artifactKey: Guid(b7859231c0c1849068499ac56af8ceee) Importer(815301076,1909f56bfc062723c751e8b465ee728b)
Start importing Assets/CardsOparator/Music/tap-notification-180637.mp3 using Guid(b7859231c0c1849068499ac56af8ceee) Importer(815301076,1909f56bfc062723c751e8b465ee728b) (PreviewImporter) -> (artifact id: 'b0735f487222ebb96088064bc3152720') in 0.003787 seconds
Number of updated asset objects reloaded before import = 0Number of asset objects unloaded after import = 2

========================================================================
Received Import Request.
  Time since last request: 0.000086 seconds.
  path: Assets/CardsOparator/Music/in-slow-motion-inspiring-ambient-lounge-219592.mp3
  artifactKey: Guid(f7b193091375d424798c47f33a8dbfe1) Importer(815301076,1909f56bfc062723c751e8b465ee728b)
Start importing Assets/CardsOparator/Music/in-slow-motion-inspiring-ambient-lounge-219592.mp3 using Guid(f7b193091375d424798c47f33a8dbfe1) Importer(815301076,1909f56bfc062723c751e8b465ee728b) (PreviewImporter) -> (artifact id: 'a07686ce121388244460cd028b63a884') in 0.004467166 seconds
Number of updated asset objects reloaded before import = 0Number of asset objects unloaded after import = 2

========================================================================
Received Import Request.
  Time since last request: 0.000071 seconds.
  path: Assets/CardsOparator/Music/wrong-answer-126515.mp3
  artifactKey: Guid(33b7be9648a4b40edacd881f9863267a) Importer(815301076,1909f56bfc062723c751e8b465ee728b)
Start importing Assets/CardsOparator/Music/wrong-answer-126515.mp3 using Guid(33b7be9648a4b40edacd881f9863267a) Importer(815301076,1909f56bfc062723c751e8b465ee728b) (PreviewImporter) -> (artifact id: '68bf5458322999d5a6fb0bdf0e77d37b') in 0.004091584 seconds
Number of updated asset objects reloaded before import = 0Number of asset objects unloaded after import = 2

========================================================================
Received Import Request.
  Time since last request: 0.000108 seconds.
  path: Assets/CardsOparator/Music/gun-load-88938.mp3
  artifactKey: Guid(321a27d1208674865bc2cc8adf9abb57) Importer(815301076,1909f56bfc062723c751e8b465ee728b)
Start importing Assets/CardsOparator/Music/gun-load-88938.mp3 using Guid(321a27d1208674865bc2cc8adf9abb57) Importer(815301076,1909f56bfc062723c751e8b465ee728b) (PreviewImporter) -> (artifact id: '0362b7e0ddaaf90d28f1383e7b17e6d6') in 0.004961958 seconds
Number of updated asset objects reloaded before import = 0Number of asset objects unloaded after import = 2

========================================================================
Received Import Request.
  Time since last request: 2.468315 seconds.
  path: Assets/CardsOparator/UI/UI-1.png
  artifactKey: Guid(846fec8e63cde4731898bb630703ffa7) Importer(815301076,1909f56bfc062723c751e8b465ee728b)
Start importing Assets/CardsOparator/UI/UI-1.png using Guid(846fec8e63cde4731898bb630703ffa7) Importer(815301076,1909f56bfc062723c751e8b465ee728b) (PreviewImporter) -> (artifact id: 'ae3ac5a26b61a62b96bf375e52f61661') in 0.014447417 seconds
Number of updated asset objects reloaded before import = 0Number of asset objects unloaded after import = 3

========================================================================
Received Import Request.
  Time since last request: 2.998939 seconds.
  path: Assets/CardsOparator/UI/asset/%.png
  artifactKey: Guid(7920f6130b62346b1bcfdeec32a2319e) Importer(815301076,1909f56bfc062723c751e8b465ee728b)
Start importing Assets/CardsOparator/UI/asset/%.png using Guid(7920f6130b62346b1bcfdeec32a2319e) Importer(815301076,1909f56bfc062723c751e8b465ee728b) (PreviewImporter) -> (artifact id: '183223f1e695ec2b6ea4494ac2c37808') in 0.006785 seconds
Number of updated asset objects reloaded before import = 0Number of asset objects unloaded after import = 3

========================================================================
Received Import Request.
  Time since last request: 0.000055 seconds.
  path: Assets/CardsOparator/UI/asset/x.png
  artifactKey: Guid(0df07b89c5f004a36b7faa607e01b775) Importer(815301076,1909f56bfc062723c751e8b465ee728b)
Start importing Assets/CardsOparator/UI/asset/x.png using Guid(0df07b89c5f004a36b7faa607e01b775) Importer(815301076,1909f56bfc062723c751e8b465ee728b) (PreviewImporter) -> (artifact id: '312acf3ecbe51ac44189651b2a0c8448') in 0.00700075 seconds
Number of updated asset objects reloaded before import = 0Number of asset objects unloaded after import = 3

========================================================================
Received Import Request.
  Time since last request: 0.000060 seconds.
  path: Assets/CardsOparator/UI/asset/start.png
  artifactKey: Guid(bc383f21ff1204573af7a6882c9009a5) Importer(815301076,1909f56bfc062723c751e8b465ee728b)
Start importing Assets/CardsOparator/UI/asset/start.png using Guid(bc383f21ff1204573af7a6882c9009a5) Importer(815301076,1909f56bfc062723c751e8b465ee728b) (PreviewImporter) -> (artifact id: 'f78b6d9b258c2bf9eece8de7352d6e8e') in 0.004736667 seconds
Number of updated asset objects reloaded before import = 0Number of asset objects unloaded after import = 3

========================================================================
Received Import Request.
  Time since last request: 0.000035 seconds.
  path: Assets/CardsOparator/UI/asset/home.png
  artifactKey: Guid(4208d3cb8856c439eb91d95d88914c85) Importer(815301076,1909f56bfc062723c751e8b465ee728b)
Start importing Assets/CardsOparator/UI/asset/home.png using Guid(4208d3cb8856c439eb91d95d88914c85) Importer(815301076,1909f56bfc062723c751e8b465ee728b) (PreviewImporter) -> (artifact id: '29ffa9e38daee525997cf287b729cab2') in 0.006234 seconds
Number of updated asset objects reloaded before import = 0Number of asset objects unloaded after import = 3

========================================================================
Received Import Request.
  Time since last request: 0.000061 seconds.
  path: Assets/CardsOparator/UI/asset/Total-pannel.png
  artifactKey: Guid(2c9f39174e09c4fc8ab5c607a36420e1) Importer(815301076,1909f56bfc062723c751e8b465ee728b)
Start importing Assets/CardsOparator/UI/asset/Total-pannel.png using Guid(2c9f39174e09c4fc8ab5c607a36420e1) Importer(815301076,1909f56bfc062723c751e8b465ee728b) (PreviewImporter) -> (artifact id: 'debbd62d6635e533ddc087784f6a4829') in 0.00605675 seconds
Number of updated asset objects reloaded before import = 0Number of asset objects unloaded after import = 3

========================================================================
Received Import Request.
  Time since last request: 0.000108 seconds.
  path: Assets/CardsOparator/UI/asset/quit.png
  artifactKey: Guid(dab07e65241194871b1afae7b144c854) Importer(815301076,1909f56bfc062723c751e8b465ee728b)
Start importing Assets/CardsOparator/UI/asset/quit.png using Guid(dab07e65241194871b1afae7b144c854) Importer(815301076,1909f56bfc062723c751e8b465ee728b) (PreviewImporter) -> (artifact id: 'bb8a95b00a888b4617c6d26e47d6b777') in 0.005840083 seconds
Number of updated asset objects reloaded before import = 0Number of asset objects unloaded after import = 3

========================================================================
Received Import Request.
  Time since last request: 0.000042 seconds.
  path: Assets/CardsOparator/UI/asset/-.png
  artifactKey: Guid(ffe23cc5224d844c3ac5746611d7a47d) Importer(815301076,1909f56bfc062723c751e8b465ee728b)
Start importing Assets/CardsOparator/UI/asset/-.png using Guid(ffe23cc5224d844c3ac5746611d7a47d) Importer(815301076,1909f56bfc062723c751e8b465ee728b) (PreviewImporter) -> (artifact id: 'd758e8c874d427e428bd278b7d489a1c') in 0.005877208 seconds
Number of updated asset objects reloaded before import = 0Number of asset objects unloaded after import = 3

========================================================================
Received Import Request.
  Time since last request: 0.000055 seconds.
  path: Assets/CardsOparator/UI/asset/music-off.png
  artifactKey: Guid(4d10756271f0542c3ad95dc7c805b466) Importer(815301076,1909f56bfc062723c751e8b465ee728b)
Start importing Assets/CardsOparator/UI/asset/music-off.png using Guid(4d10756271f0542c3ad95dc7c805b466) Importer(815301076,1909f56bfc062723c751e8b465ee728b) (PreviewImporter) -> (artifact id: '510f6b8ac1d60f1d531c222c86122646') in 0.007624041 seconds
Number of updated asset objects reloaded before import = 0Number of asset objects unloaded after import = 3

========================================================================
Received Import Request.
  Time since last request: 0.000107 seconds.
  path: Assets/CardsOparator/UI/asset/sound-off.png
  artifactKey: Guid(e48205a6effd640f1b1adce221c2f692) Importer(815301076,1909f56bfc062723c751e8b465ee728b)
Start importing Assets/CardsOparator/UI/asset/sound-off.png using Guid(e48205a6effd640f1b1adce221c2f692) Importer(815301076,1909f56bfc062723c751e8b465ee728b) (PreviewImporter) -> (artifact id: 'd0f2abffb37c4a0a1faacbefe71c3f96') in 0.00681975 seconds
Number of updated asset objects reloaded before import = 0Number of asset objects unloaded after import = 3

========================================================================
Received Import Request.
  Time since last request: 0.423092 seconds.
  path: Assets/CardsOparator/UI/Card/back-card.png
  artifactKey: Guid(a3a1308352dbd44f1ac74fd1174e1129) Importer(815301076,1909f56bfc062723c751e8b465ee728b)
Start importing Assets/CardsOparator/UI/Card/back-card.png using Guid(a3a1308352dbd44f1ac74fd1174e1129) Importer(815301076,1909f56bfc062723c751e8b465ee728b) (PreviewImporter) -> (artifact id: '60ba89044bd97269079f281f2926a99b') in 0.007206458 seconds
Number of updated asset objects reloaded before import = 0Number of asset objects unloaded after import = 3

========================================================================
Received Import Request.
  Time since last request: 2.213029 seconds.
  path: Assets/CardsOparator/UI/Card/Club/Club (1).png
  artifactKey: Guid(127814d52e761460988f1181cdb470c1) Importer(815301076,1909f56bfc062723c751e8b465ee728b)
Start importing Assets/CardsOparator/UI/Card/Club/Club (1).png using Guid(127814d52e761460988f1181cdb470c1) Importer(815301076,1909f56bfc062723c751e8b465ee728b) (PreviewImporter) -> (artifact id: '3f73790be78543ef1083bdfddd8b47d7') in 0.007422625 seconds
Number of updated asset objects reloaded before import = 0Number of asset objects unloaded after import = 3

========================================================================
Received Import Request.
  Time since last request: 0.000042 seconds.
  path: Assets/CardsOparator/UI/Card/Club/Club (13).png
  artifactKey: Guid(6434b2b0700a44f3cba3fcece706a6ba) Importer(815301076,1909f56bfc062723c751e8b465ee728b)
Start importing Assets/CardsOparator/UI/Card/Club/Club (13).png using Guid(6434b2b0700a44f3cba3fcece706a6ba) Importer(815301076,1909f56bfc062723c751e8b465ee728b) (PreviewImporter) -> (artifact id: '1d081d9b6c19bf8cd4cb0c77a015ddc0') in 0.006037791 seconds
Number of updated asset objects reloaded before import = 0Number of asset objects unloaded after import = 3

========================================================================
Received Import Request.
  Time since last request: 0.000058 seconds.
  path: Assets/CardsOparator/UI/Card/Club/Club (8).png
  artifactKey: Guid(5daf08ad326904b7d954969c6421d9e0) Importer(815301076,1909f56bfc062723c751e8b465ee728b)
Start importing Assets/CardsOparator/UI/Card/Club/Club (8).png using Guid(5daf08ad326904b7d954969c6421d9e0) Importer(815301076,1909f56bfc062723c751e8b465ee728b) (PreviewImporter) -> (artifact id: '22b9e54e8f9217a0d7e3da1b53ee3665') in 0.00531375 seconds
Number of updated asset objects reloaded before import = 0Number of asset objects unloaded after import = 3

========================================================================
Received Import Request.
  Time since last request: 0.000088 seconds.
  path: Assets/CardsOparator/UI/Card/Club/Club (7).png
  artifactKey: Guid(7799faf68b6cb4406a8c4cbe3a209b5f) Importer(815301076,1909f56bfc062723c751e8b465ee728b)
Start importing Assets/CardsOparator/UI/Card/Club/Club (7).png using Guid(7799faf68b6cb4406a8c4cbe3a209b5f) Importer(815301076,1909f56bfc062723c751e8b465ee728b) (PreviewImporter) -> (artifact id: 'bf401a0e021161b8844f49eeb2caec85') in 0.005642125 seconds
Number of updated asset objects reloaded before import = 0Number of asset objects unloaded after import = 3

========================================================================
Received Import Request.
  Time since last request: 0.000046 seconds.
  path: Assets/CardsOparator/UI/Card/Club/Club (5).png
  artifactKey: Guid(a3df7a1c3213144b4a8247a298996dee) Importer(815301076,1909f56bfc062723c751e8b465ee728b)
Start importing Assets/CardsOparator/UI/Card/Club/Club (5).png using Guid(a3df7a1c3213144b4a8247a298996dee) Importer(815301076,1909f56bfc062723c751e8b465ee728b) (PreviewImporter) -> (artifact id: 'd61504708091a65621f964f505f74532') in 0.005439292 seconds
Number of updated asset objects reloaded before import = 0Number of asset objects unloaded after import = 3

========================================================================
Received Import Request.
  Time since last request: 0.000118 seconds.
  path: Assets/CardsOparator/UI/Card/Club/Club (9).png
  artifactKey: Guid(d98dacfcc00334505850d1bbec415108) Importer(815301076,1909f56bfc062723c751e8b465ee728b)
Start importing Assets/CardsOparator/UI/Card/Club/Club (9).png using Guid(d98dacfcc00334505850d1bbec415108) Importer(815301076,1909f56bfc062723c751e8b465ee728b) (PreviewImporter) -> (artifact id: 'd46077b003e5675aa2cea591262d79ab') in 0.006244709 seconds
Number of updated asset objects reloaded before import = 0Number of asset objects unloaded after import = 3

========================================================================
Received Import Request.
  Time since last request: 0.000061 seconds.
  path: Assets/CardsOparator/UI/Card/Club/Club (4).png
  artifactKey: Guid(964e7fcd61b024299a8e8c5315b0b1e7) Importer(815301076,1909f56bfc062723c751e8b465ee728b)
Start importing Assets/CardsOparator/UI/Card/Club/Club (4).png using Guid(964e7fcd61b024299a8e8c5315b0b1e7) Importer(815301076,1909f56bfc062723c751e8b465ee728b) (PreviewImporter) -> (artifact id: '92138a483dfe1581347830aa61a4f9be') in 0.005862083 seconds
Number of updated asset objects reloaded before import = 0Number of asset objects unloaded after import = 3

========================================================================
Received Import Request.
  Time since last request: 1.241488 seconds.
  path: Assets/CardsOparator/UI/Card/Diamond/Diamond (1).png
  artifactKey: Guid(bae673e1bb0ba4924bf09439808cb5e3) Importer(815301076,1909f56bfc062723c751e8b465ee728b)
Start importing Assets/CardsOparator/UI/Card/Diamond/Diamond (1).png using Guid(bae673e1bb0ba4924bf09439808cb5e3) Importer(815301076,1909f56bfc062723c751e8b465ee728b) (PreviewImporter) -> (artifact id: '0f90551797c091146dbfef98403c56b5') in 0.007439041 seconds
Number of updated asset objects reloaded before import = 0Number of asset objects unloaded after import = 3

========================================================================
Received Import Request.
  Time since last request: 0.000032 seconds.
  path: Assets/CardsOparator/UI/Card/Diamond/Diamond (11).png
  artifactKey: Guid(063fcb983f09f4c6cbda0b7444b0ca61) Importer(815301076,1909f56bfc062723c751e8b465ee728b)
Start importing Assets/CardsOparator/UI/Card/Diamond/Diamond (11).png using Guid(063fcb983f09f4c6cbda0b7444b0ca61) Importer(815301076,1909f56bfc062723c751e8b465ee728b) (PreviewImporter) -> (artifact id: 'a7287b0ede6967351b2c967ad1433adf') in 0.005456791 seconds
Number of updated asset objects reloaded before import = 0Number of asset objects unloaded after import = 3

========================================================================
Received Import Request.
  Time since last request: 0.000070 seconds.
  path: Assets/CardsOparator/UI/Card/Diamond/Diamond (8).png
  artifactKey: Guid(dd7716ff1f88a48fc83e997f89b11058) Importer(815301076,1909f56bfc062723c751e8b465ee728b)
Start importing Assets/CardsOparator/UI/Card/Diamond/Diamond (8).png using Guid(dd7716ff1f88a48fc83e997f89b11058) Importer(815301076,1909f56bfc062723c751e8b465ee728b) (PreviewImporter) -> (artifact id: 'f5f0e28797bdc75f42561d5ebfb6b26a') in 0.005559959 seconds
Number of updated asset objects reloaded before import = 0Number of asset objects unloaded after import = 3

========================================================================
Received Import Request.
  Time since last request: 0.000059 seconds.
  path: Assets/CardsOparator/UI/Card/Diamond/Diamond (13).png
  artifactKey: Guid(cf2f3ad8abc884ac59d124e24ce18d45) Importer(815301076,1909f56bfc062723c751e8b465ee728b)
Start importing Assets/CardsOparator/UI/Card/Diamond/Diamond (13).png using Guid(cf2f3ad8abc884ac59d124e24ce18d45) Importer(815301076,1909f56bfc062723c751e8b465ee728b) (PreviewImporter) -> (artifact id: '8a949136bd2317c0b71c8d823db0a483') in 0.005767125 seconds
Number of updated asset objects reloaded before import = 0Number of asset objects unloaded after import = 3

========================================================================
Received Import Request.
  Time since last request: 0.000042 seconds.
  path: Assets/CardsOparator/UI/Card/Diamond/Diamond (5).png
  artifactKey: Guid(0bda396e60c1b40a0a06588e0d565a20) Importer(815301076,1909f56bfc062723c751e8b465ee728b)
Start importing Assets/CardsOparator/UI/Card/Diamond/Diamond (5).png using Guid(0bda396e60c1b40a0a06588e0d565a20) Importer(815301076,1909f56bfc062723c751e8b465ee728b) (PreviewImporter) -> (artifact id: 'c102c97b5ad45db646bde9d0d25f392a') in 0.004950333 seconds
Number of updated asset objects reloaded before import = 0Number of asset objects unloaded after import = 3

========================================================================
Received Import Request.
  Time since last request: 0.000051 seconds.
  path: Assets/CardsOparator/UI/Card/Diamond/Diamond (14).png
  artifactKey: Guid(1c117c8de3253480294f1fded9503c7c) Importer(815301076,1909f56bfc062723c751e8b465ee728b)
Start importing Assets/CardsOparator/UI/Card/Diamond/Diamond (14).png using Guid(1c117c8de3253480294f1fded9503c7c) Importer(815301076,1909f56bfc062723c751e8b465ee728b) (PreviewImporter) -> (artifact id: '579dfbc5e79bc36c9389996ac813cfa0') in 0.005087291 seconds
Number of updated asset objects reloaded before import = 0Number of asset objects unloaded after import = 3

========================================================================
Received Import Request.
  Time since last request: 0.000058 seconds.
  path: Assets/CardsOparator/UI/Card/Diamond/Diamond (12).png
  artifactKey: Guid(bf5567cfabea043b88a539f57a7e2b1c) Importer(815301076,1909f56bfc062723c751e8b465ee728b)
Start importing Assets/CardsOparator/UI/Card/Diamond/Diamond (12).png using Guid(bf5567cfabea043b88a539f57a7e2b1c) Importer(815301076,1909f56bfc062723c751e8b465ee728b) (PreviewImporter) -> (artifact id: '20ba99a5b798bced37eb33976f06b8a1') in 0.005318417 seconds
Number of updated asset objects reloaded before import = 0Number of asset objects unloaded after import = 3

========================================================================
Received Import Request.
  Time since last request: 1.063832 seconds.
  path: Assets/CardsOparator/UI/Card/Heart/Heart (1).png
  artifactKey: Guid(a3fa587810e564f9e80e2bde09765b09) Importer(815301076,1909f56bfc062723c751e8b465ee728b)
Start importing Assets/CardsOparator/UI/Card/Heart/Heart (1).png using Guid(a3fa587810e564f9e80e2bde09765b09) Importer(815301076,1909f56bfc062723c751e8b465ee728b) (PreviewImporter) -> (artifact id: '8669a19fb03c49e9044935b538017bac') in 0.007040916 seconds
Number of updated asset objects reloaded before import = 0Number of asset objects unloaded after import = 3

========================================================================
Received Import Request.
  Time since last request: 0.000041 seconds.
  path: Assets/CardsOparator/UI/Card/Heart/Heart (7).png
  artifactKey: Guid(1cd150682711840e08af22549285b31d) Importer(815301076,1909f56bfc062723c751e8b465ee728b)
Start importing Assets/CardsOparator/UI/Card/Heart/Heart (7).png using Guid(1cd150682711840e08af22549285b31d) Importer(815301076,1909f56bfc062723c751e8b465ee728b) (PreviewImporter) -> (artifact id: '7644fbcbdf05fee3053fe0dece698c1c') in 0.0057335 seconds
Number of updated asset objects reloaded before import = 0Number of asset objects unloaded after import = 3

========================================================================
Received Import Request.
  Time since last request: 0.000056 seconds.
  path: Assets/CardsOparator/UI/Card/Heart/Heart (3).png
  artifactKey: Guid(2525f29e9d6274017a9babca93790542) Importer(815301076,1909f56bfc062723c751e8b465ee728b)
Start importing Assets/CardsOparator/UI/Card/Heart/Heart (3).png using Guid(2525f29e9d6274017a9babca93790542) Importer(815301076,1909f56bfc062723c751e8b465ee728b) (PreviewImporter) -> (artifact id: 'dde55f156e7107ac528b7399048bec4b') in 0.005589084 seconds
Number of updated asset objects reloaded before import = 0Number of asset objects unloaded after import = 3

========================================================================
Received Import Request.
  Time since last request: 0.000032 seconds.
  path: Assets/CardsOparator/UI/Card/Heart/Heart (12).png
  artifactKey: Guid(3109fc79cfd2642e3b84b8884d51ae28) Importer(815301076,1909f56bfc062723c751e8b465ee728b)
Start importing Assets/CardsOparator/UI/Card/Heart/Heart (12).png using Guid(3109fc79cfd2642e3b84b8884d51ae28) Importer(815301076,1909f56bfc062723c751e8b465ee728b) (PreviewImporter) -> (artifact id: 'ebaa6178d715b4b849376c592a96bee4') in 0.005461584 seconds
Number of updated asset objects reloaded before import = 0Number of asset objects unloaded after import = 3

========================================================================
Received Import Request.
  Time since last request: 0.000046 seconds.
  path: Assets/CardsOparator/UI/Card/Heart/Heart (5).png
  artifactKey: Guid(345dd4b38d5bd474594f9601253d5ea3) Importer(815301076,1909f56bfc062723c751e8b465ee728b)
Start importing Assets/CardsOparator/UI/Card/Heart/Heart (5).png using Guid(345dd4b38d5bd474594f9601253d5ea3) Importer(815301076,1909f56bfc062723c751e8b465ee728b) (PreviewImporter) -> (artifact id: 'f3fb23cbee13df2212bf5bb6ddc80e12') in 0.006112791 seconds
Number of updated asset objects reloaded before import = 0Number of asset objects unloaded after import = 3

========================================================================
Received Import Request.
  Time since last request: 0.000035 seconds.
  path: Assets/CardsOparator/UI/Card/Heart/Heart (9).png
  artifactKey: Guid(91ffe7ff96f8447dfa0f15fd145e678a) Importer(815301076,1909f56bfc062723c751e8b465ee728b)
Start importing Assets/CardsOparator/UI/Card/Heart/Heart (9).png using Guid(91ffe7ff96f8447dfa0f15fd145e678a) Importer(815301076,1909f56bfc062723c751e8b465ee728b) (PreviewImporter) -> (artifact id: '50a5ad769fa9b43e816990775a39fadb') in 0.005795875 seconds
Number of updated asset objects reloaded before import = 0Number of asset objects unloaded after import = 3

========================================================================
Received Import Request.
  Time since last request: 0.000039 seconds.
  path: Assets/CardsOparator/UI/Card/Heart/Heart (4).png
  artifactKey: Guid(31b0458e2cb994c2491497857b7531b5) Importer(815301076,1909f56bfc062723c751e8b465ee728b)
Start importing Assets/CardsOparator/UI/Card/Heart/Heart (4).png using Guid(31b0458e2cb994c2491497857b7531b5) Importer(815301076,1909f56bfc062723c751e8b465ee728b) (PreviewImporter) -> (artifact id: '7f313fdb00fb4a0d63e82dab3697f7c0') in 0.005415417 seconds
Number of updated asset objects reloaded before import = 0Number of asset objects unloaded after import = 3

========================================================================
Received Import Request.
  Time since last request: 0.885345 seconds.
  path: Assets/CardsOparator/UI/Card/spade/Spade (1).png
  artifactKey: Guid(df8372a428b244c1e99f89c82c22d145) Importer(815301076,1909f56bfc062723c751e8b465ee728b)
Start importing Assets/CardsOparator/UI/Card/spade/Spade (1).png using Guid(df8372a428b244c1e99f89c82c22d145) Importer(815301076,1909f56bfc062723c751e8b465ee728b) (PreviewImporter) -> (artifact id: '9e52e5783d3da18641d65892e7c70bfb') in 0.006709667 seconds
Number of updated asset objects reloaded before import = 0Number of asset objects unloaded after import = 3

========================================================================
Received Import Request.
  Time since last request: 0.000067 seconds.
  path: Assets/CardsOparator/UI/Card/spade/Spade (3).png
  artifactKey: Guid(3505d55cebd404fcdbde795f33e40ec1) Importer(815301076,1909f56bfc062723c751e8b465ee728b)
Start importing Assets/CardsOparator/UI/Card/spade/Spade (3).png using Guid(3505d55cebd404fcdbde795f33e40ec1) Importer(815301076,1909f56bfc062723c751e8b465ee728b) (PreviewImporter) -> (artifact id: 'b2d89c4d0532046bc5b8210e65cef44b') in 0.00564425 seconds
Number of updated asset objects reloaded before import = 0Number of asset objects unloaded after import = 3

========================================================================
Received Import Request.
  Time since last request: 0.000059 seconds.
  path: Assets/CardsOparator/UI/Card/spade/Spade (5).png
  artifactKey: Guid(3d45384f89d5a40639fbe4711e195605) Importer(815301076,1909f56bfc062723c751e8b465ee728b)
Start importing Assets/CardsOparator/UI/Card/spade/Spade (5).png using Guid(3d45384f89d5a40639fbe4711e195605) Importer(815301076,1909f56bfc062723c751e8b465ee728b) (PreviewImporter) -> (artifact id: 'a9744f2a9a9aa861b64df312c7ab08ce') in 0.005882833 seconds
Number of updated asset objects reloaded before import = 0Number of asset objects unloaded after import = 3

========================================================================
Received Import Request.
  Time since last request: 0.000070 seconds.
  path: Assets/CardsOparator/UI/Card/spade/Spade (13).png
  artifactKey: Guid(b5bf69d32cde14b4a88a350daa8dc804) Importer(815301076,1909f56bfc062723c751e8b465ee728b)
Start importing Assets/CardsOparator/UI/Card/spade/Spade (13).png using Guid(b5bf69d32cde14b4a88a350daa8dc804) Importer(815301076,1909f56bfc062723c751e8b465ee728b) (PreviewImporter) -> (artifact id: '4bfb5f1adaf6e1f6330d92140bce3083') in 0.005684791 seconds
Number of updated asset objects reloaded before import = 0Number of asset objects unloaded after import = 3

========================================================================
Received Import Request.
  Time since last request: 0.000041 seconds.
  path: Assets/CardsOparator/UI/Card/spade/Spade (4).png
  artifactKey: Guid(8ac4fb04f23134c9d976830026a5493f) Importer(815301076,1909f56bfc062723c751e8b465ee728b)
Start importing Assets/CardsOparator/UI/Card/spade/Spade (4).png using Guid(8ac4fb04f23134c9d976830026a5493f) Importer(815301076,1909f56bfc062723c751e8b465ee728b) (PreviewImporter) -> (artifact id: '1ce107c1f18310ba887eb84cef88d7fc') in 0.007002625 seconds
Number of updated asset objects reloaded before import = 0Number of asset objects unloaded after import = 3

========================================================================
Received Import Request.
  Time since last request: 0.000048 seconds.
  path: Assets/CardsOparator/UI/Card/spade/Spade (10).png
  artifactKey: Guid(170ce414c5f4c405baf045f36e01e2df) Importer(815301076,1909f56bfc062723c751e8b465ee728b)
Start importing Assets/CardsOparator/UI/Card/spade/Spade (10).png using Guid(170ce414c5f4c405baf045f36e01e2df) Importer(815301076,1909f56bfc062723c751e8b465ee728b) (PreviewImporter) -> (artifact id: 'abed58d610c93bc9aec1a29ea9bb5d96') in 0.006185542 seconds
Number of updated asset objects reloaded before import = 0Number of asset objects unloaded after import = 3

========================================================================
Received Import Request.
  Time since last request: 0.000042 seconds.
  path: Assets/CardsOparator/UI/Card/spade/Spade (12).png
  artifactKey: Guid(17c1ff2df53f843f285f6292e8061ef3) Importer(815301076,1909f56bfc062723c751e8b465ee728b)
Start importing Assets/CardsOparator/UI/Card/spade/Spade (12).png using Guid(17c1ff2df53f843f285f6292e8061ef3) Importer(815301076,1909f56bfc062723c751e8b465ee728b) (PreviewImporter) -> (artifact id: '4131e0018a07dbae0cac3dfc1bc8d3ac') in 0.006531334 seconds
Number of updated asset objects reloaded before import = 0Number of asset objects unloaded after import = 3

========================================================================
Received Import Request.
  Time since last request: 197.679202 seconds.
  path: Assets/CardsOparator/Scenes/menu.unity
  artifactKey: Guid(b13f191d9fd674015b3e318148600f11) Importer(815301076,1909f56bfc062723c751e8b465ee728b)
Start importing Assets/CardsOparator/Scenes/menu.unity using Guid(b13f191d9fd674015b3e318148600f11) Importer(815301076,1909f56bfc062723c751e8b465ee728b) (PreviewImporter) -> (artifact id: 'c5ccb1d912365f4add7b30c422c0efb5') in 0.000679208 seconds
Number of updated asset objects reloaded before import = 0Number of asset objects unloaded after import = 0

========================================================================
Received Import Request.
  Time since last request: 9.531879 seconds.
  path: Assets/CardsOparator/Scenes/EASY.unity
  artifactKey: Guid(3fc8acdd13e6c734bafef6554d6fdbcd) Importer(815301076,1909f56bfc062723c751e8b465ee728b)
Start importing Assets/CardsOparator/Scenes/EASY.unity using Guid(3fc8acdd13e6c734bafef6554d6fdbcd) Importer(815301076,1909f56bfc062723c751e8b465ee728b) (PreviewImporter) -> (artifact id: '10260187edcaa881b59b11c010913086') in 0.000313417 seconds
Number of updated asset objects reloaded before import = 0Number of asset objects unloaded after import = 0

========================================================================
Received Import Request.
  Time since last request: 1732.143305 seconds.
  path: Assets/Violet Theme Ui/Buttons/Button Blue.png
  artifactKey: Guid(4edd415ab2cd6784ea5e7905122a703d) Importer(815301076,1909f56bfc062723c751e8b465ee728b)
Start importing Assets/Violet Theme Ui/Buttons/Button Blue.png using Guid(4edd415ab2cd6784ea5e7905122a703d) Importer(815301076,1909f56bfc062723c751e8b465ee728b) (PreviewImporter) -> (artifact id: '73d53e3e1f1a888891d5536d7beee67e') in 0.020451792 seconds
Number of updated asset objects reloaded before import = 0Number of asset objects unloaded after import = 3

========================================================================
Received Import Request.
  Time since last request: 0.000076 seconds.
  path: Assets/Violet Theme Ui/Buttons/Button Red.png
  artifactKey: Guid(f05ec7f8583bfa3468fb8958e87e24d9) Importer(815301076,1909f56bfc062723c751e8b465ee728b)
Start importing Assets/Violet Theme Ui/Buttons/Button Red.png using Guid(f05ec7f8583bfa3468fb8958e87e24d9) Importer(815301076,1909f56bfc062723c751e8b465ee728b) (PreviewImporter) -> (artifact id: 'e578fc450a75eea76bc5df8e37adc42c') in 0.006037208 seconds
Number of updated asset objects reloaded before import = 0Number of asset objects unloaded after import = 3

========================================================================
Received Import Request.
  Time since last request: 0.000275 seconds.
  path: Assets/Violet Theme Ui/Buttons/Button Orange.png
  artifactKey: Guid(7ed010a2b51d0fb4f9fee6a47b1334fd) Importer(815301076,1909f56bfc062723c751e8b465ee728b)
Start importing Assets/Violet Theme Ui/Buttons/Button Orange.png using Guid(7ed010a2b51d0fb4f9fee6a47b1334fd) Importer(815301076,1909f56bfc062723c751e8b465ee728b) (PreviewImporter) -> (artifact id: '8930c6d7ab6b061b21170e369e29fb33') in 0.006303792 seconds
Number of updated asset objects reloaded before import = 0Number of asset objects unloaded after import = 3

========================================================================
Received Import Request.
  Time since last request: 0.000060 seconds.
  path: Assets/Violet Theme Ui/Buttons/Button Pink.png
  artifactKey: Guid(6c083c68f537d944db0c5a63177e9627) Importer(815301076,1909f56bfc062723c751e8b465ee728b)
Start importing Assets/Violet Theme Ui/Buttons/Button Pink.png using Guid(6c083c68f537d944db0c5a63177e9627) Importer(815301076,1909f56bfc062723c751e8b465ee728b) (PreviewImporter) -> (artifact id: 'fe1642a2e553a179674b70faad69ffea') in 0.005033708 seconds
Number of updated asset objects reloaded before import = 0Number of asset objects unloaded after import = 3

========================================================================
Received Import Request.
  Time since last request: 43.425991 seconds.
  path: Assets/Violet Theme Ui/Buttons/Misc/80x80 Background.png
  artifactKey: Guid(a64f98d7a00501442ae40845562f1c20) Importer(815301076,1909f56bfc062723c751e8b465ee728b)
Start importing Assets/Violet Theme Ui/Buttons/Misc/80x80 Background.png using Guid(a64f98d7a00501442ae40845562f1c20) Importer(815301076,1909f56bfc062723c751e8b465ee728b) (PreviewImporter) -> (artifact id: '4d90ba0b70326d78192bf7bc93198895') in 0.006212417 seconds
Number of updated asset objects reloaded before import = 0Number of asset objects unloaded after import = 3

========================================================================
Received Import Request.
  Time since last request: 0.000039 seconds.
  path: Assets/Violet Theme Ui/Buttons/Misc/Small Square Button Purple.png
  artifactKey: Guid(59df2390a598c904bab275d1ea743916) Importer(815301076,1909f56bfc062723c751e8b465ee728b)
Start importing Assets/Violet Theme Ui/Buttons/Misc/Small Square Button Purple.png using Guid(59df2390a598c904bab275d1ea743916) Importer(815301076,1909f56bfc062723c751e8b465ee728b) (PreviewImporter) -> (artifact id: '6b5e1c046665bc9d79a167f21b7f07cd') in 0.005798291 seconds
Number of updated asset objects reloaded before import = 0Number of asset objects unloaded after import = 3

========================================================================
Received Import Request.
  Time since last request: 0.000057 seconds.
  path: Assets/Violet Theme Ui/Buttons/Misc/Small Square Button Blue.png
  artifactKey: Guid(b35fcaa46fa9f3e49b71c103f69df698) Importer(815301076,1909f56bfc062723c751e8b465ee728b)
Start importing Assets/Violet Theme Ui/Buttons/Misc/Small Square Button Blue.png using Guid(b35fcaa46fa9f3e49b71c103f69df698) Importer(815301076,1909f56bfc062723c751e8b465ee728b) (PreviewImporter) -> (artifact id: '20a22d49461e9cfaf67958d8aa747bbe') in 0.008572084 seconds
Number of updated asset objects reloaded before import = 0Number of asset objects unloaded after import = 3

========================================================================
Received Import Request.
  Time since last request: 0.000205 seconds.
  path: Assets/Violet Theme Ui/Buttons/Misc/Input Field Background.png
  artifactKey: Guid(f3e6a4a22e2056f4d88695188bc39a6e) Importer(815301076,1909f56bfc062723c751e8b465ee728b)
Start importing Assets/Violet Theme Ui/Buttons/Misc/Input Field Background.png using Guid(f3e6a4a22e2056f4d88695188bc39a6e) Importer(815301076,1909f56bfc062723c751e8b465ee728b) (PreviewImporter) -> (artifact id: 'b2b013e5137344c180f9bec777c8e2c5') in 0.005796042 seconds
Number of updated asset objects reloaded before import = 0Number of asset objects unloaded after import = 3

========================================================================
Received Import Request.
  Time since last request: 0.000048 seconds.
  path: Assets/Violet Theme Ui/Buttons/Misc/Small Square Button Red.png
  artifactKey: Guid(fa360ec6245a3dd43bfbae1ac1093a6e) Importer(815301076,1909f56bfc062723c751e8b465ee728b)
Start importing Assets/Violet Theme Ui/Buttons/Misc/Small Square Button Red.png using Guid(fa360ec6245a3dd43bfbae1ac1093a6e) Importer(815301076,1909f56bfc062723c751e8b465ee728b) (PreviewImporter) -> (artifact id: '1982f7ae98de9d311be3ae4c9c02c219') in 0.007665833 seconds
Number of updated asset objects reloaded before import = 0Number of asset objects unloaded after import = 3

========================================================================
Received Import Request.
  Time since last request: 0.000091 seconds.
  path: Assets/Violet Theme Ui/Buttons/Misc/Small Square Button Orange.png
  artifactKey: Guid(23a48ca1e983a4c47971fcf7eab26b89) Importer(815301076,1909f56bfc062723c751e8b465ee728b)
Start importing Assets/Violet Theme Ui/Buttons/Misc/Small Square Button Orange.png using Guid(23a48ca1e983a4c47971fcf7eab26b89) Importer(815301076,1909f56bfc062723c751e8b465ee728b) (PreviewImporter) -> (artifact id: '9bf516b0b9c170c565c1f240ad8a10c6') in 0.00965275 seconds
Number of updated asset objects reloaded before import = 0Number of asset objects unloaded after import = 3

========================================================================
Received Import Request.
  Time since last request: 0.436717 seconds.
  path: Assets/Violet Theme Ui/Colored Icons/apple green.png
  artifactKey: Guid(375a132719b8f114aadcfda6bf62f8b1) Importer(815301076,1909f56bfc062723c751e8b465ee728b)
Start importing Assets/Violet Theme Ui/Colored Icons/apple green.png using Guid(375a132719b8f114aadcfda6bf62f8b1) Importer(815301076,1909f56bfc062723c751e8b465ee728b) (PreviewImporter) -> (artifact id: '5d42b2d04f4a63c36531a2f7a6c66eee') in 0.006454459 seconds
Number of updated asset objects reloaded before import = 0Number of asset objects unloaded after import = 3

========================================================================
Received Import Request.
  Time since last request: 0.000074 seconds.
  path: Assets/Violet Theme Ui/Colored Icons/Check.png
  artifactKey: Guid(27834320931067c4b9127246cba948d2) Importer(815301076,1909f56bfc062723c751e8b465ee728b)
Start importing Assets/Violet Theme Ui/Colored Icons/Check.png using Guid(27834320931067c4b9127246cba948d2) Importer(815301076,1909f56bfc062723c751e8b465ee728b) (PreviewImporter) -> (artifact id: '5dd04c913534e723944c256d5b3b3fda') in 0.005801083 seconds
Number of updated asset objects reloaded before import = 0Number of asset objects unloaded after import = 3

========================================================================
Received Import Request.
  Time since last request: 0.000065 seconds.
  path: Assets/Violet Theme Ui/Colored Icons/camera.png
  artifactKey: Guid(83392a0c45d009b4ca9b8bc8ec04cc55) Importer(815301076,1909f56bfc062723c751e8b465ee728b)
Start importing Assets/Violet Theme Ui/Colored Icons/camera.png using Guid(83392a0c45d009b4ca9b8bc8ec04cc55) Importer(815301076,1909f56bfc062723c751e8b465ee728b) (PreviewImporter) -> (artifact id: '0cc5dff0d69b48aed67a7791f24e2ee0') in 0.005810875 seconds
Number of updated asset objects reloaded before import = 0Number of asset objects unloaded after import = 3

========================================================================
Received Import Request.
  Time since last request: 0.000065 seconds.
  path: Assets/Violet Theme Ui/Colored Icons/Box.png
  artifactKey: Guid(45ab094653c66ba40a2ca337adf32ff4) Importer(815301076,1909f56bfc062723c751e8b465ee728b)
Start importing Assets/Violet Theme Ui/Colored Icons/Box.png using Guid(45ab094653c66ba40a2ca337adf32ff4) Importer(815301076,1909f56bfc062723c751e8b465ee728b) (PreviewImporter) -> (artifact id: '8a2c7086d1b6c2a1baa063e1c8d20356') in 0.006385458 seconds
Number of updated asset objects reloaded before import = 0Number of asset objects unloaded after import = 3

========================================================================
Received Import Request.
  Time since last request: 0.000058 seconds.
  path: Assets/Violet Theme Ui/Colored Icons/Clock.png
  artifactKey: Guid(4879c28807ad63542b6f1c0842b574b2) Importer(815301076,1909f56bfc062723c751e8b465ee728b)
Start importing Assets/Violet Theme Ui/Colored Icons/Clock.png using Guid(4879c28807ad63542b6f1c0842b574b2) Importer(815301076,1909f56bfc062723c751e8b465ee728b) (PreviewImporter) -> (artifact id: '4bc61d907eb3a1d27a5664a0118a70af') in 0.005717333 seconds
Number of updated asset objects reloaded before import = 0Number of asset objects unloaded after import = 3

========================================================================
Received Import Request.
  Time since last request: 0.000040 seconds.
  path: Assets/Violet Theme Ui/Colored Icons/Dark Gem.png
  artifactKey: Guid(1dbf5dede7c691641bc771e42b2de99b) Importer(815301076,1909f56bfc062723c751e8b465ee728b)
Start importing Assets/Violet Theme Ui/Colored Icons/Dark Gem.png using Guid(1dbf5dede7c691641bc771e42b2de99b) Importer(815301076,1909f56bfc062723c751e8b465ee728b) (PreviewImporter) -> (artifact id: '564544f789ea5ebb038a25316b02ac20') in 0.006749584 seconds
Number of updated asset objects reloaded before import = 0Number of asset objects unloaded after import = 3

========================================================================
Received Import Request.
  Time since last request: 0.000102 seconds.
  path: Assets/Violet Theme Ui/Colored Icons/Battery.png
  artifactKey: Guid(4373b5a1916f3a8468bc2b0fdefa655e) Importer(815301076,1909f56bfc062723c751e8b465ee728b)
Start importing Assets/Violet Theme Ui/Colored Icons/Battery.png using Guid(4373b5a1916f3a8468bc2b0fdefa655e) Importer(815301076,1909f56bfc062723c751e8b465ee728b) (PreviewImporter) -> (artifact id: '4206bcf2ca16822b68659000b5df75f7') in 0.006194666 seconds
Number of updated asset objects reloaded before import = 0Number of asset objects unloaded after import = 3

========================================================================
Received Import Request.
  Time since last request: 0.000033 seconds.
  path: Assets/Violet Theme Ui/Colored Icons/Book.png
  artifactKey: Guid(29243acfb820a2c4bbc18d922ca0c39f) Importer(815301076,1909f56bfc062723c751e8b465ee728b)
Start importing Assets/Violet Theme Ui/Colored Icons/Book.png using Guid(29243acfb820a2c4bbc18d922ca0c39f) Importer(815301076,1909f56bfc062723c751e8b465ee728b) (PreviewImporter) -> (artifact id: 'dbefde479c8a5dfa401520dcc3c54d23') in 0.007046833 seconds
Number of updated asset objects reloaded before import = 0Number of asset objects unloaded after import = 3

========================================================================
Received Import Request.
  Time since last request: 0.000057 seconds.
  path: Assets/Violet Theme Ui/Colored Icons/Cash.png
  artifactKey: Guid(a5e15db1384d7b54a9485ae4b9c22cef) Importer(815301076,1909f56bfc062723c751e8b465ee728b)
Start importing Assets/Violet Theme Ui/Colored Icons/Cash.png using Guid(a5e15db1384d7b54a9485ae4b9c22cef) Importer(815301076,1909f56bfc062723c751e8b465ee728b) (PreviewImporter) -> (artifact id: '3a06f5c7fd802b9029b53adf74cf1d7d') in 0.006006 seconds
Number of updated asset objects reloaded before import = 0Number of asset objects unloaded after import = 3

========================================================================
Received Import Request.
  Time since last request: 0.000075 seconds.
  path: Assets/Violet Theme Ui/Colored Icons/axe.png
  artifactKey: Guid(7abd59d488ec3484089d5f418816dbdb) Importer(815301076,1909f56bfc062723c751e8b465ee728b)
Start importing Assets/Violet Theme Ui/Colored Icons/axe.png using Guid(7abd59d488ec3484089d5f418816dbdb) Importer(815301076,1909f56bfc062723c751e8b465ee728b) (PreviewImporter) -> (artifact id: 'c50167162beaef1ec11249ea95b6f13b') in 0.005281625 seconds
Number of updated asset objects reloaded before import = 0Number of asset objects unloaded after import = 3

========================================================================
Received Import Request.
  Time since last request: 1.158869 seconds.
  path: Assets/Violet Theme Ui/Colored Icons/Dice.png
  artifactKey: Guid(7f080337138fccf41983b1dfefed52f6) Importer(815301076,1909f56bfc062723c751e8b465ee728b)
Start importing Assets/Violet Theme Ui/Colored Icons/Dice.png using Guid(7f080337138fccf41983b1dfefed52f6) Importer(815301076,1909f56bfc062723c751e8b465ee728b) (PreviewImporter) -> (artifact id: 'afcb20ea74520197b77bbff37a2b7c5d') in 0.006683666 seconds
Number of updated asset objects reloaded before import = 0Number of asset objects unloaded after import = 3

========================================================================
Received Import Request.
  Time since last request: 0.000056 seconds.
  path: Assets/Violet Theme Ui/Colored Icons/Film.png
  artifactKey: Guid(0147758256f443c4aabf6e3f2478115a) Importer(815301076,1909f56bfc062723c751e8b465ee728b)
Start importing Assets/Violet Theme Ui/Colored Icons/Film.png using Guid(0147758256f443c4aabf6e3f2478115a) Importer(815301076,1909f56bfc062723c751e8b465ee728b) (PreviewImporter) -> (artifact id: '7d872c9910bf813609995d82eaa35cfb') in 0.005148125 seconds
Number of updated asset objects reloaded before import = 0Number of asset objects unloaded after import = 3

========================================================================
Received Import Request.
  Time since last request: 0.000085 seconds.
  path: Assets/Violet Theme Ui/Colored Icons/Energy.png
  artifactKey: Guid(0e97f32679693fb42816be9a80e0254b) Importer(815301076,1909f56bfc062723c751e8b465ee728b)
Start importing Assets/Violet Theme Ui/Colored Icons/Energy.png using Guid(0e97f32679693fb42816be9a80e0254b) Importer(815301076,1909f56bfc062723c751e8b465ee728b) (PreviewImporter) -> (artifact id: 'bb8f19cabe49b5ead985977b1116b668') in 0.005563833 seconds
Number of updated asset objects reloaded before import = 0Number of asset objects unloaded after import = 3

========================================================================
Received Import Request.
  Time since last request: 0.000047 seconds.
  path: Assets/Violet Theme Ui/Colored Icons/Gem 1 Purple.png
  artifactKey: Guid(7ae2be9a267597a4596c1cdebed8f84d) Importer(815301076,1909f56bfc062723c751e8b465ee728b)
Start importing Assets/Violet Theme Ui/Colored Icons/Gem 1 Purple.png using Guid(7ae2be9a267597a4596c1cdebed8f84d) Importer(815301076,1909f56bfc062723c751e8b465ee728b) (PreviewImporter) -> (artifact id: '1452e20b5fb4d5beda788353c904209d') in 0.00614675 seconds
Number of updated asset objects reloaded before import = 0Number of asset objects unloaded after import = 3

========================================================================
Received Import Request.
  Time since last request: 0.000032 seconds.
  path: Assets/Violet Theme Ui/Colored Icons/Gift.png
  artifactKey: Guid(fb9b6e0db65038e4686f8bf78ea56b68) Importer(815301076,1909f56bfc062723c751e8b465ee728b)
Start importing Assets/Violet Theme Ui/Colored Icons/Gift.png using Guid(fb9b6e0db65038e4686f8bf78ea56b68) Importer(815301076,1909f56bfc062723c751e8b465ee728b) (PreviewImporter) -> (artifact id: '2ea9effbad7577727b7f638456bc58c9') in 0.005783916 seconds
Number of updated asset objects reloaded before import = 0Number of asset objects unloaded after import = 3

========================================================================
Received Import Request.
  Time since last request: 0.000074 seconds.
  path: Assets/Violet Theme Ui/Colored Icons/Gem 2 Purple.png
  artifactKey: Guid(282adf27b271c3845b9037cebe0826ed) Importer(815301076,1909f56bfc062723c751e8b465ee728b)
Start importing Assets/Violet Theme Ui/Colored Icons/Gem 2 Purple.png using Guid(282adf27b271c3845b9037cebe0826ed) Importer(815301076,1909f56bfc062723c751e8b465ee728b) (PreviewImporter) -> (artifact id: '19367db93d033c029bf936cefc577ecf') in 0.006091166 seconds
Number of updated asset objects reloaded before import = 0Number of asset objects unloaded after import = 3

========================================================================
Received Import Request.
  Time since last request: 0.844073 seconds.
  path: Assets/Violet Theme Ui/Colored Icons/Gold Key.png
  artifactKey: Guid(76a0ae3b6739b9d49b8afe591137c19d) Importer(815301076,1909f56bfc062723c751e8b465ee728b)
Start importing Assets/Violet Theme Ui/Colored Icons/Gold Key.png using Guid(76a0ae3b6739b9d49b8afe591137c19d) Importer(815301076,1909f56bfc062723c751e8b465ee728b) (PreviewImporter) -> (artifact id: '4b98137d5de608b63579c4a18dc84964') in 0.00752775 seconds
Number of updated asset objects reloaded before import = 0Number of asset objects unloaded after import = 3

========================================================================
Received Import Request.
  Time since last request: 0.000052 seconds.
  path: Assets/Violet Theme Ui/Colored Icons/Heart.png
  artifactKey: Guid(2b8558b645a07d74582677fd0bf9dfa9) Importer(815301076,1909f56bfc062723c751e8b465ee728b)
Start importing Assets/Violet Theme Ui/Colored Icons/Heart.png using Guid(2b8558b645a07d74582677fd0bf9dfa9) Importer(815301076,1909f56bfc062723c751e8b465ee728b) (PreviewImporter) -> (artifact id: 'd8fedb8ab8c519765c2edd482d79e4f4') in 0.005799667 seconds
Number of updated asset objects reloaded before import = 0Number of asset objects unloaded after import = 3

========================================================================
Received Import Request.
  Time since last request: 0.000040 seconds.
  path: Assets/Violet Theme Ui/Colored Icons/Hour Glass.png
  artifactKey: Guid(647a538c2f2902245bf207b897881a5f) Importer(815301076,1909f56bfc062723c751e8b465ee728b)
Start importing Assets/Violet Theme Ui/Colored Icons/Hour Glass.png using Guid(647a538c2f2902245bf207b897881a5f) Importer(815301076,1909f56bfc062723c751e8b465ee728b) (PreviewImporter) -> (artifact id: '0f8af9dd80ce2329b200d0dc785dc0a6') in 0.005878167 seconds
Number of updated asset objects reloaded before import = 0Number of asset objects unloaded after import = 3

========================================================================
Received Import Request.
  Time since last request: 0.064544 seconds.
  path: Assets/Violet Theme Ui/Colored Icons/Ice Cream.png
  artifactKey: Guid(ff777246aa1a2ab428c099c13271de80) Importer(815301076,1909f56bfc062723c751e8b465ee728b)
Start importing Assets/Violet Theme Ui/Colored Icons/Ice Cream.png using Guid(ff777246aa1a2ab428c099c13271de80) Importer(815301076,1909f56bfc062723c751e8b465ee728b) (PreviewImporter) -> (artifact id: '8a4944a41a1cf23cf185c952a5d40abd') in 0.007705208 seconds
Number of updated asset objects reloaded before import = 0Number of asset objects unloaded after import = 3

========================================================================
Received Import Request.
  Time since last request: 0.000063 seconds.
  path: Assets/Violet Theme Ui/Colored Icons/Left.png
  artifactKey: Guid(a4a40bf300cd09d429fda74afa457a03) Importer(815301076,1909f56bfc062723c751e8b465ee728b)
Start importing Assets/Violet Theme Ui/Colored Icons/Left.png using Guid(a4a40bf300cd09d429fda74afa457a03) Importer(815301076,1909f56bfc062723c751e8b465ee728b) (PreviewImporter) -> (artifact id: '84ab99866d1c683c9dc015848d3335d7') in 0.005078334 seconds
Number of updated asset objects reloaded before import = 0Number of asset objects unloaded after import = 3

========================================================================
Received Import Request.
  Time since last request: 0.000152 seconds.
  path: Assets/Violet Theme Ui/Colored Icons/Magnet.png
  artifactKey: Guid(bd6ebf661ce04ab4599d54cda1928984) Importer(815301076,1909f56bfc062723c751e8b465ee728b)
Start importing Assets/Violet Theme Ui/Colored Icons/Magnet.png using Guid(bd6ebf661ce04ab4599d54cda1928984) Importer(815301076,1909f56bfc062723c751e8b465ee728b) (PreviewImporter) -> (artifact id: '1172d74202ea83ea47b23c41931081dc') in 0.006198833 seconds
Number of updated asset objects reloaded before import = 0Number of asset objects unloaded after import = 3

========================================================================
Received Import Request.
  Time since last request: 0.388491 seconds.
  path: Assets/Violet Theme Ui/Colored Icons/Magnifying Glass.png
  artifactKey: Guid(c565245094b56bb4e906bb430bd0702f) Importer(815301076,1909f56bfc062723c751e8b465ee728b)
Start importing Assets/Violet Theme Ui/Colored Icons/Magnifying Glass.png using Guid(c565245094b56bb4e906bb430bd0702f) Importer(815301076,1909f56bfc062723c751e8b465ee728b) (PreviewImporter) -> (artifact id: '10b86b95f1394d7c96ec2327f6b21775') in 0.007059959 seconds
Number of updated asset objects reloaded before import = 0Number of asset objects unloaded after import = 3

========================================================================
Received Import Request.
  Time since last request: 0.000042 seconds.
  path: Assets/Violet Theme Ui/Colored Icons/map pointer.png
  artifactKey: Guid(1298f0068576ea74a90e272e3e9cb693) Importer(815301076,1909f56bfc062723c751e8b465ee728b)
Start importing Assets/Violet Theme Ui/Colored Icons/map pointer.png using Guid(1298f0068576ea74a90e272e3e9cb693) Importer(815301076,1909f56bfc062723c751e8b465ee728b) (PreviewImporter) -> (artifact id: 'e3a3d29cdc16cd2b682e58b7cccec878') in 0.005332208 seconds
Number of updated asset objects reloaded before import = 0Number of asset objects unloaded after import = 3

========================================================================
Received Import Request.
  Time since last request: 0.000062 seconds.
  path: Assets/Violet Theme Ui/Colored Icons/meat.png
  artifactKey: Guid(f2846ec1658c8534d8487b998ae89b4b) Importer(815301076,1909f56bfc062723c751e8b465ee728b)
Start importing Assets/Violet Theme Ui/Colored Icons/meat.png using Guid(f2846ec1658c8534d8487b998ae89b4b) Importer(815301076,1909f56bfc062723c751e8b465ee728b) (PreviewImporter) -> (artifact id: '5cb369acb8c991ba10f1168eb2ab5bf2') in 0.005823666 seconds
Number of updated asset objects reloaded before import = 0Number of asset objects unloaded after import = 3

========================================================================
Received Import Request.
  Time since last request: 0.431171 seconds.
  path: Assets/Violet Theme Ui/Colored Icons/Messages.png
  artifactKey: Guid(a45f57030d9f2c74cac4e4517b2846a2) Importer(815301076,1909f56bfc062723c751e8b465ee728b)
Start importing Assets/Violet Theme Ui/Colored Icons/Messages.png using Guid(a45f57030d9f2c74cac4e4517b2846a2) Importer(815301076,1909f56bfc062723c751e8b465ee728b) (PreviewImporter) -> (artifact id: '0111af9813ffb4356eab5ccfd7555a4c') in 0.006791333 seconds
Number of updated asset objects reloaded before import = 0Number of asset objects unloaded after import = 3

========================================================================
Received Import Request.
  Time since last request: 0.000062 seconds.
  path: Assets/Violet Theme Ui/Colored Icons/Pencil.png
  artifactKey: Guid(f14422fe0972f6742b86a49a59c03d34) Importer(815301076,1909f56bfc062723c751e8b465ee728b)
Start importing Assets/Violet Theme Ui/Colored Icons/Pencil.png using Guid(f14422fe0972f6742b86a49a59c03d34) Importer(815301076,1909f56bfc062723c751e8b465ee728b) (PreviewImporter) -> (artifact id: '362ad5e0da128d2b4fe5df10477cada0') in 0.006142542 seconds
Number of updated asset objects reloaded before import = 0Number of asset objects unloaded after import = 3

========================================================================
Received Import Request.
  Time since last request: 0.000080 seconds.
  path: Assets/Violet Theme Ui/Colored Icons/pot of gold.png
  artifactKey: Guid(51d736afd0db7194b8ef184a5ae24672) Importer(815301076,1909f56bfc062723c751e8b465ee728b)
Start importing Assets/Violet Theme Ui/Colored Icons/pot of gold.png using Guid(51d736afd0db7194b8ef184a5ae24672) Importer(815301076,1909f56bfc062723c751e8b465ee728b) (PreviewImporter) -> (artifact id: '39e410d788d9387a683698a0a74ab788') in 0.006881792 seconds
Number of updated asset objects reloaded before import = 0Number of asset objects unloaded after import = 3

========================================================================
Received Import Request.
  Time since last request: 0.060667 seconds.
  path: Assets/Violet Theme Ui/Colored Icons/Potion Red.png
  artifactKey: Guid(9035a2602b4b6774fb8c30b4f5872fca) Importer(815301076,1909f56bfc062723c751e8b465ee728b)
Start importing Assets/Violet Theme Ui/Colored Icons/Potion Red.png using Guid(9035a2602b4b6774fb8c30b4f5872fca) Importer(815301076,1909f56bfc062723c751e8b465ee728b) (PreviewImporter) -> (artifact id: '0017d99403f2a2e69f12ce16357a9c9b') in 0.0063925 seconds
Number of updated asset objects reloaded before import = 0Number of asset objects unloaded after import = 3

========================================================================
Received Import Request.
  Time since last request: 0.000056 seconds.
  path: Assets/Violet Theme Ui/Colored Icons/Sack Of Coin.png
  artifactKey: Guid(1c959de863dbbf441a16e5ff5d2502f2) Importer(815301076,1909f56bfc062723c751e8b465ee728b)
Start importing Assets/Violet Theme Ui/Colored Icons/Sack Of Coin.png using Guid(1c959de863dbbf441a16e5ff5d2502f2) Importer(815301076,1909f56bfc062723c751e8b465ee728b) (PreviewImporter) -> (artifact id: 'aba0bf1559835ed21ffeb372149d46ca') in 0.006550792 seconds
Number of updated asset objects reloaded before import = 0Number of asset objects unloaded after import = 3

========================================================================
Received Import Request.
  Time since last request: 0.000092 seconds.
  path: Assets/Violet Theme Ui/Colored Icons/Return.png
  artifactKey: Guid(9165684ccdf1afe45b06edbd1d7632ea) Importer(815301076,1909f56bfc062723c751e8b465ee728b)
Start importing Assets/Violet Theme Ui/Colored Icons/Return.png using Guid(9165684ccdf1afe45b06edbd1d7632ea) Importer(815301076,1909f56bfc062723c751e8b465ee728b) (PreviewImporter) -> (artifact id: 'f34f39305cd3c976cdbb5d533bd9ee3f') in 0.005649584 seconds
Number of updated asset objects reloaded before import = 0Number of asset objects unloaded after import = 3

========================================================================
Received Import Request.
  Time since last request: 0.405771 seconds.
  path: Assets/Violet Theme Ui/Colored Icons/Settings.png
  artifactKey: Guid(48b0fefc4a72a0f4387285d695ca3e0a) Importer(815301076,1909f56bfc062723c751e8b465ee728b)
Start importing Assets/Violet Theme Ui/Colored Icons/Settings.png using Guid(48b0fefc4a72a0f4387285d695ca3e0a) Importer(815301076,1909f56bfc062723c751e8b465ee728b) (PreviewImporter) -> (artifact id: '77b0e6eaab65d25713707db80e735776') in 0.006691417 seconds
Number of updated asset objects reloaded before import = 0Number of asset objects unloaded after import = 3

========================================================================
Received Import Request.
  Time since last request: 0.000095 seconds.
  path: Assets/Violet Theme Ui/Colored Icons/shield green.png
  artifactKey: Guid(cea8186578848314b86d47c6daedf32d) Importer(815301076,1909f56bfc062723c751e8b465ee728b)
Start importing Assets/Violet Theme Ui/Colored Icons/shield green.png using Guid(cea8186578848314b86d47c6daedf32d) Importer(815301076,1909f56bfc062723c751e8b465ee728b) (PreviewImporter) -> (artifact id: '6a68b0c287bf075e9836aaf3256cc725') in 0.006159625 seconds
Number of updated asset objects reloaded before import = 0Number of asset objects unloaded after import = 3

========================================================================
Received Import Request.
  Time since last request: 0.000056 seconds.
  path: Assets/Violet Theme Ui/Colored Icons/Silver Key.png
  artifactKey: Guid(470da63d7c6afa64db7287d30ce49c90) Importer(815301076,1909f56bfc062723c751e8b465ee728b)
Start importing Assets/Violet Theme Ui/Colored Icons/Silver Key.png using Guid(470da63d7c6afa64db7287d30ce49c90) Importer(815301076,1909f56bfc062723c751e8b465ee728b) (PreviewImporter) -> (artifact id: '71eca1b9af62327cdcdf127f9ba1869c') in 0.006282833 seconds
Number of updated asset objects reloaded before import = 0Number of asset objects unloaded after import = 3

========================================================================
Received Import Request.
  Time since last request: 0.828396 seconds.
  path: Assets/Violet Theme Ui/Colored Icons/Skull.png
  artifactKey: Guid(18050bc5ddbcb9f4e8a573db7f543236) Importer(815301076,1909f56bfc062723c751e8b465ee728b)
Start importing Assets/Violet Theme Ui/Colored Icons/Skull.png using Guid(18050bc5ddbcb9f4e8a573db7f543236) Importer(815301076,1909f56bfc062723c751e8b465ee728b) (PreviewImporter) -> (artifact id: '84729b70c7566e4b305794ba8c4530ea') in 0.007379125 seconds
Number of updated asset objects reloaded before import = 0Number of asset objects unloaded after import = 3

========================================================================
Received Import Request.
  Time since last request: 0.000061 seconds.
  path: Assets/Violet Theme Ui/Colored Icons/Star Dark.png
  artifactKey: Guid(4851d0a9a81927a478fa6af654948fd8) Importer(815301076,1909f56bfc062723c751e8b465ee728b)
Start importing Assets/Violet Theme Ui/Colored Icons/Star Dark.png using Guid(4851d0a9a81927a478fa6af654948fd8) Importer(815301076,1909f56bfc062723c751e8b465ee728b) (PreviewImporter) -> (artifact id: 'd39729ba1f545db0a947ceeabce1a082') in 0.005486459 seconds
Number of updated asset objects reloaded before import = 0Number of asset objects unloaded after import = 3

========================================================================
Received Import Request.
  Time since last request: 0.000047 seconds.
  path: Assets/Violet Theme Ui/Colored Icons/Star.png
  artifactKey: Guid(174cd13a4c04d4944a6e414d9e3987f4) Importer(815301076,1909f56bfc062723c751e8b465ee728b)
Start importing Assets/Violet Theme Ui/Colored Icons/Star.png using Guid(174cd13a4c04d4944a6e414d9e3987f4) Importer(815301076,1909f56bfc062723c751e8b465ee728b) (PreviewImporter) -> (artifact id: '96c26045923460aade07582b5abb38be') in 0.006000667 seconds
Number of updated asset objects reloaded before import = 0Number of asset objects unloaded after import = 3

========================================================================
Received Import Request.
  Time since last request: 0.030418 seconds.
  path: Assets/Violet Theme Ui/Colored Icons/Store 1.png
  artifactKey: Guid(448349a00cacb4d4a9f92ac041a2cfb4) Importer(815301076,1909f56bfc062723c751e8b465ee728b)
Start importing Assets/Violet Theme Ui/Colored Icons/Store 1.png using Guid(448349a00cacb4d4a9f92ac041a2cfb4) Importer(815301076,1909f56bfc062723c751e8b465ee728b) (PreviewImporter) -> (artifact id: '51cc00c547db2a37f926ffb7871f05e4') in 0.005984375 seconds
Number of updated asset objects reloaded before import = 0Number of asset objects unloaded after import = 3

========================================================================
Received Import Request.
  Time since last request: 0.000056 seconds.
  path: Assets/Violet Theme Ui/Colored Icons/Timer.png
  artifactKey: Guid(12d33c45df2a46642bbc13c03009055b) Importer(815301076,1909f56bfc062723c751e8b465ee728b)
Start importing Assets/Violet Theme Ui/Colored Icons/Timer.png using Guid(12d33c45df2a46642bbc13c03009055b) Importer(815301076,1909f56bfc062723c751e8b465ee728b) (PreviewImporter) -> (artifact id: '62e1c6c49d334de0c5c912df3faeb08c') in 0.005939917 seconds
Number of updated asset objects reloaded before import = 0Number of asset objects unloaded after import = 3

========================================================================
Received Import Request.
  Time since last request: 0.000060 seconds.
  path: Assets/Violet Theme Ui/Colored Icons/Trophy.png
  artifactKey: Guid(3522f1dff3fd3564c98cbbb56b303b6b) Importer(815301076,1909f56bfc062723c751e8b465ee728b)
Start importing Assets/Violet Theme Ui/Colored Icons/Trophy.png using Guid(3522f1dff3fd3564c98cbbb56b303b6b) Importer(815301076,1909f56bfc062723c751e8b465ee728b) (PreviewImporter) -> (artifact id: 'eb34f7d5d82f14f7a9f3f6e3fd47a53d') in 0.006405542 seconds
Number of updated asset objects reloaded before import = 0Number of asset objects unloaded after import = 3

========================================================================
Received Import Request.
  Time since last request: 0.000088 seconds.
  path: Assets/Violet Theme Ui/Colored Icons/Ticket.png
  artifactKey: Guid(06322fbdfb1208249aa890e8ea3d1453) Importer(815301076,1909f56bfc062723c751e8b465ee728b)
Start importing Assets/Violet Theme Ui/Colored Icons/Ticket.png using Guid(06322fbdfb1208249aa890e8ea3d1453) Importer(815301076,1909f56bfc062723c751e8b465ee728b) (PreviewImporter) -> (artifact id: 'cd49f9771dc61a87234d4fbf84c444e3') in 0.00608725 seconds
Number of updated asset objects reloaded before import = 0Number of asset objects unloaded after import = 3

========================================================================
Received Import Request.
  Time since last request: 0.000060 seconds.
  path: Assets/Violet Theme Ui/Colored Icons/Up.png
  artifactKey: Guid(0c830f34fa702d84a9786a9740186963) Importer(815301076,1909f56bfc062723c751e8b465ee728b)
Start importing Assets/Violet Theme Ui/Colored Icons/Up.png using Guid(0c830f34fa702d84a9786a9740186963) Importer(815301076,1909f56bfc062723c751e8b465ee728b) (PreviewImporter) -> (artifact id: 'b5cec1e6a554cf72b1f4b5c3497f6016') in 0.005891583 seconds
Number of updated asset objects reloaded before import = 0Number of asset objects unloaded after import = 3

========================================================================
Received Import Request.
  Time since last request: 0.000090 seconds.
  path: Assets/Violet Theme Ui/Colored Icons/water melon.png
  artifactKey: Guid(a4822d008712e02409c12034e8bbe37a) Importer(815301076,1909f56bfc062723c751e8b465ee728b)
Start importing Assets/Violet Theme Ui/Colored Icons/water melon.png using Guid(a4822d008712e02409c12034e8bbe37a) Importer(815301076,1909f56bfc062723c751e8b465ee728b) (PreviewImporter) -> (artifact id: '8282936cf824f495aea5fe5d8c54469b') in 0.0064165 seconds
Number of updated asset objects reloaded before import = 0Number of asset objects unloaded after import = 3

========================================================================
Received Import Request.
  Time since last request: 2.837271 seconds.
  path: Assets/Violet Theme Ui/GemsAndCoins/Coin Chest.png
  artifactKey: Guid(1ccb15b522eac084698d270f707ec810) Importer(815301076,1909f56bfc062723c751e8b465ee728b)
Start importing Assets/Violet Theme Ui/GemsAndCoins/Coin Chest.png using Guid(1ccb15b522eac084698d270f707ec810) Importer(815301076,1909f56bfc062723c751e8b465ee728b) (PreviewImporter) -> (artifact id: '484dfe5ff9be224d4ff598bd31f043b7') in 0.007252292 seconds
Number of updated asset objects reloaded before import = 0Number of asset objects unloaded after import = 3

========================================================================
Received Import Request.
  Time since last request: 0.000054 seconds.
  path: Assets/Violet Theme Ui/GemsAndCoins/Gem Stack.png
  artifactKey: Guid(aa0422cf1c09b344a9a411fc1cba743e) Importer(815301076,1909f56bfc062723c751e8b465ee728b)
Start importing Assets/Violet Theme Ui/GemsAndCoins/Gem Stack.png using Guid(aa0422cf1c09b344a9a411fc1cba743e) Importer(815301076,1909f56bfc062723c751e8b465ee728b) (PreviewImporter) -> (artifact id: '9a82c087122817b3175442075d5a49ad') in 0.0064675 seconds
Number of updated asset objects reloaded before import = 0Number of asset objects unloaded after import = 3

========================================================================
Received Import Request.
  Time since last request: 0.000039 seconds.
  path: Assets/Violet Theme Ui/GemsAndCoins/Gem Chest.png
  artifactKey: Guid(f345d2a549da5f2468383961e4435f7a) Importer(815301076,1909f56bfc062723c751e8b465ee728b)
Start importing Assets/Violet Theme Ui/GemsAndCoins/Gem Chest.png using Guid(f345d2a549da5f2468383961e4435f7a) Importer(815301076,1909f56bfc062723c751e8b465ee728b) (PreviewImporter) -> (artifact id: '6d2437c8f15ee6e86447583d2ff8c6b5') in 0.006783625 seconds
Number of updated asset objects reloaded before import = 0Number of asset objects unloaded after import = 3

========================================================================
Received Import Request.
  Time since last request: 0.943821 seconds.
  path: Assets/Violet Theme Ui/Panels/Dark Panel Blue.png
  artifactKey: Guid(207cc794caeb5e74e9163ba05a99b1bc) Importer(815301076,1909f56bfc062723c751e8b465ee728b)
Start importing Assets/Violet Theme Ui/Panels/Dark Panel Blue.png using Guid(207cc794caeb5e74e9163ba05a99b1bc) Importer(815301076,1909f56bfc062723c751e8b465ee728b) (PreviewImporter) -> (artifact id: 'c49f4332ac68fbf489de984f9a0ec625') in 0.007877167 seconds
Number of updated asset objects reloaded before import = 0Number of asset objects unloaded after import = 3

========================================================================
Received Import Request.
  Time since last request: 0.000057 seconds.
  path: Assets/Violet Theme Ui/Panels/Dark Panels Style 2 Violet.png
  artifactKey: Guid(2423bc8beede9344d98c41e18af1a299) Importer(815301076,1909f56bfc062723c751e8b465ee728b)
Start importing Assets/Violet Theme Ui/Panels/Dark Panels Style 2 Violet.png using Guid(2423bc8beede9344d98c41e18af1a299) Importer(815301076,1909f56bfc062723c751e8b465ee728b) (PreviewImporter) -> (artifact id: '11aae43427808d1b803f6c0d589a75dd') in 0.011233 seconds
Number of updated asset objects reloaded before import = 0Number of asset objects unloaded after import = 3

========================================================================
Received Import Request.
  Time since last request: 0.000053 seconds.
  path: Assets/Violet Theme Ui/Panels/Dark Panel Violet.png
  artifactKey: Guid(6b1e6c0890cad0b47ada90b6965c9cd8) Importer(815301076,1909f56bfc062723c751e8b465ee728b)
Start importing Assets/Violet Theme Ui/Panels/Dark Panel Violet.png using Guid(6b1e6c0890cad0b47ada90b6965c9cd8) Importer(815301076,1909f56bfc062723c751e8b465ee728b) (PreviewImporter) -> (artifact id: '11731252fad5c2e62b6e87bf6b9f475f') in 0.012341416 seconds
Number of updated asset objects reloaded before import = 0Number of asset objects unloaded after import = 3

========================================================================
Received Import Request.
  Time since last request: 0.000125 seconds.
  path: Assets/Violet Theme Ui/Panels/White Panel Green.png
  artifactKey: Guid(61c69ee4216f9254eb98e9d4b2830aa7) Importer(815301076,1909f56bfc062723c751e8b465ee728b)
Start importing Assets/Violet Theme Ui/Panels/White Panel Green.png using Guid(61c69ee4216f9254eb98e9d4b2830aa7) Importer(815301076,1909f56bfc062723c751e8b465ee728b) (PreviewImporter) -> (artifact id: 'b67e763bcea499df44d6bab89c5d45f1') in 0.007847041 seconds
Number of updated asset objects reloaded before import = 0Number of asset objects unloaded after import = 3

========================================================================
Received Import Request.
  Time since last request: 0.000084 seconds.
  path: Assets/Violet Theme Ui/Panels/Dark Panels Style 2 Red.png
  artifactKey: Guid(54234daa6fede4540b5dfbada6f77142) Importer(815301076,1909f56bfc062723c751e8b465ee728b)
Start importing Assets/Violet Theme Ui/Panels/Dark Panels Style 2 Red.png using Guid(54234daa6fede4540b5dfbada6f77142) Importer(815301076,1909f56bfc062723c751e8b465ee728b) (PreviewImporter) -> (artifact id: 'ecc8c1b6d8d105f72a788e8ca2c605b3') in 0.008362334 seconds
Number of updated asset objects reloaded before import = 0Number of asset objects unloaded after import = 3

========================================================================
Received Import Request.
  Time since last request: 0.000090 seconds.
  path: Assets/Violet Theme Ui/Panels/Dark Panels Style 2 Pink.png
  artifactKey: Guid(816373d26daf2fe40b59acd3712be032) Importer(815301076,1909f56bfc062723c751e8b465ee728b)
Start importing Assets/Violet Theme Ui/Panels/Dark Panels Style 2 Pink.png using Guid(816373d26daf2fe40b59acd3712be032) Importer(815301076,1909f56bfc062723c751e8b465ee728b) (PreviewImporter) -> (artifact id: '93d1210caaa6996f86f63ec88d6a73fa') in 0.00907225 seconds
Number of updated asset objects reloaded before import = 0Number of asset objects unloaded after import = 3

========================================================================
Received Import Request.
  Time since last request: 0.000106 seconds.
  path: Assets/Violet Theme Ui/Panels/Dark Panels Style 2 Green.png
  artifactKey: Guid(b40d433859d7ac84bbaef8c466cbe4f1) Importer(815301076,1909f56bfc062723c751e8b465ee728b)
Start importing Assets/Violet Theme Ui/Panels/Dark Panels Style 2 Green.png using Guid(b40d433859d7ac84bbaef8c466cbe4f1) Importer(815301076,1909f56bfc062723c751e8b465ee728b) (PreviewImporter) -> (artifact id: '7f272008634aa0da48ecb590b9eda547') in 0.009133834 seconds
Number of updated asset objects reloaded before import = 0Number of asset objects unloaded after import = 3

========================================================================
Received Import Request.
  Time since last request: 0.000051 seconds.
  path: Assets/Violet Theme Ui/Panels/Dark Panel Orange.png
  artifactKey: Guid(d3775896da0a0d842bb96a97235b216f) Importer(815301076,1909f56bfc062723c751e8b465ee728b)
Start importing Assets/Violet Theme Ui/Panels/Dark Panel Orange.png using Guid(d3775896da0a0d842bb96a97235b216f) Importer(815301076,1909f56bfc062723c751e8b465ee728b) (PreviewImporter) -> (artifact id: '7db2be417438d0cbcf3c1663aed438a4') in 0.009237667 seconds
Number of updated asset objects reloaded before import = 0Number of asset objects unloaded after import = 3

========================================================================
Received Import Request.
  Time since last request: 0.000097 seconds.
  path: Assets/Violet Theme Ui/Panels/Dark Panel Red.png
  artifactKey: Guid(5429e319631b03a40b4c46ca3606b3a0) Importer(815301076,1909f56bfc062723c751e8b465ee728b)
Start importing Assets/Violet Theme Ui/Panels/Dark Panel Red.png using Guid(5429e319631b03a40b4c46ca3606b3a0) Importer(815301076,1909f56bfc062723c751e8b465ee728b) (PreviewImporter) -> (artifact id: 'c9ba7ec4ac4d1f94e228f35cd2e6be65') in 0.007280166 seconds
Number of updated asset objects reloaded before import = 0Number of asset objects unloaded after import = 3

========================================================================
Received Import Request.
  Time since last request: 1.020046 seconds.
  path: Assets/Violet Theme Ui/Prefab/Bottom Menu.prefab
  artifactKey: Guid(070add71008581e49986cf2f1d3ff193) Importer(815301076,1909f56bfc062723c751e8b465ee728b)
Start importing Assets/Violet Theme Ui/Prefab/Bottom Menu.prefab using Guid(070add71008581e49986cf2f1d3ff193) Importer(815301076,1909f56bfc062723c751e8b465ee728b) (PreviewImporter) -> (artifact id: 'fba0a7dad1c05f6a33004eaa3aa257d4') in 0.024311583 seconds
Number of updated asset objects reloaded before import = 0Number of asset objects unloaded after import = 59

========================================================================
Received Import Request.
  Time since last request: 0.000295 seconds.
  path: Assets/Violet Theme Ui/Prefab/Settings.prefab
  artifactKey: Guid(5cff5332165ee994bb3978aec68054b4) Importer(815301076,1909f56bfc062723c751e8b465ee728b)
Start importing Assets/Violet Theme Ui/Prefab/Settings.prefab using Guid(5cff5332165ee994bb3978aec68054b4) Importer(815301076,1909f56bfc062723c751e8b465ee728b) (PreviewImporter) -> (artifact id: 'e7557ed14c1b6f1524848bc48097d559') in 0.0305175 seconds
Number of updated asset objects reloaded before import = 0Number of asset objects unloaded after import = 156

========================================================================
Received Import Request.
  Time since last request: 0.000035 seconds.
  path: Assets/Violet Theme Ui/Prefab/Message.prefab
  artifactKey: Guid(b01002205b707a24c9bcc655f14264cb) Importer(815301076,1909f56bfc062723c751e8b465ee728b)
Start importing Assets/Violet Theme Ui/Prefab/Message.prefab using Guid(b01002205b707a24c9bcc655f14264cb) Importer(815301076,1909f56bfc062723c751e8b465ee728b) (PreviewImporter) -> (artifact id: '06d040290d8141719291c2aaa1b50590') in 0.004984875 seconds
Number of updated asset objects reloaded before import = 0Number of asset objects unloaded after import = 186

========================================================================
Received Import Request.
  Time since last request: 0.991028 seconds.
  path: Assets/Violet Theme Ui/Progress Bars/Progress Bar Background.png
  artifactKey: Guid(3884787ef484b9641b8d705dfa15ea9d) Importer(815301076,1909f56bfc062723c751e8b465ee728b)
Start importing Assets/Violet Theme Ui/Progress Bars/Progress Bar Background.png using Guid(3884787ef484b9641b8d705dfa15ea9d) Importer(815301076,1909f56bfc062723c751e8b465ee728b) (PreviewImporter) -> (artifact id: '71fa351298ec9468844113387fb6ad17') in 0.005492834 seconds
Number of updated asset objects reloaded before import = 0Number of asset objects unloaded after import = 3

========================================================================
Received Import Request.
  Time since last request: 0.000090 seconds.
  path: Assets/Violet Theme Ui/Progress Bars/Progress Bar Violet.png
  artifactKey: Guid(995f1bd50066f2b40a5bf442c8a8510c) Importer(815301076,1909f56bfc062723c751e8b465ee728b)
Start importing Assets/Violet Theme Ui/Progress Bars/Progress Bar Violet.png using Guid(995f1bd50066f2b40a5bf442c8a8510c) Importer(815301076,1909f56bfc062723c751e8b465ee728b) (PreviewImporter) -> (artifact id: 'a8eff985937ad66fba92f0d593bb1da3') in 0.003766542 seconds
Number of updated asset objects reloaded before import = 0Number of asset objects unloaded after import = 3

========================================================================
Received Import Request.
  Time since last request: 0.000060 seconds.
  path: Assets/Violet Theme Ui/Progress Bars/Progress Bar Purple.png
  artifactKey: Guid(0815faab49ccf63458bea68717a665ae) Importer(815301076,1909f56bfc062723c751e8b465ee728b)
Start importing Assets/Violet Theme Ui/Progress Bars/Progress Bar Purple.png using Guid(0815faab49ccf63458bea68717a665ae) Importer(815301076,1909f56bfc062723c751e8b465ee728b) (PreviewImporter) -> (artifact id: 'e0fddb2833dabd1e6f54abd58a9106cb') in 0.003337375 seconds
Number of updated asset objects reloaded before import = 0Number of asset objects unloaded after import = 3

========================================================================
Received Import Request.
  Time since last request: 0.000059 seconds.
  path: Assets/Violet Theme Ui/Progress Bars/Progress Bar Yellow.png
  artifactKey: Guid(b67c53ee68dad3640b6698ae3135ffd9) Importer(815301076,1909f56bfc062723c751e8b465ee728b)
Start importing Assets/Violet Theme Ui/Progress Bars/Progress Bar Yellow.png using Guid(b67c53ee68dad3640b6698ae3135ffd9) Importer(815301076,1909f56bfc062723c751e8b465ee728b) (PreviewImporter) -> (artifact id: 'c1c6f7ca16f899b11cb36b45079083c2') in 0.004871125 seconds
Number of updated asset objects reloaded before import = 0Number of asset objects unloaded after import = 3

========================================================================
Received Import Request.
  Time since last request: 0.000041 seconds.
  path: Assets/Violet Theme Ui/Progress Bars/Progress Bar Red.png
  artifactKey: Guid(1e8ffb2f21a909b46bb2883ddb8a7b21) Importer(815301076,1909f56bfc062723c751e8b465ee728b)
Start importing Assets/Violet Theme Ui/Progress Bars/Progress Bar Red.png using Guid(1e8ffb2f21a909b46bb2883ddb8a7b21) Importer(815301076,1909f56bfc062723c751e8b465ee728b) (PreviewImporter) -> (artifact id: '4ff58b39f23ec1c664febea233fdf024') in 0.003261416 seconds
Number of updated asset objects reloaded before import = 0Number of asset objects unloaded after import = 3

========================================================================
Received Import Request.
  Time since last request: 2.729273 seconds.
  path: Assets/Violet Theme Ui/Sliders/Fill Blue.png
  artifactKey: Guid(25ca2528409a30f4e827cb2d05c772bb) Importer(815301076,1909f56bfc062723c751e8b465ee728b)
Start importing Assets/Violet Theme Ui/Sliders/Fill Blue.png using Guid(25ca2528409a30f4e827cb2d05c772bb) Importer(815301076,1909f56bfc062723c751e8b465ee728b) (PreviewImporter) -> (artifact id: 'ec7e314ed19665ff969a4c934c79c36e') in 0.005490833 seconds
Number of updated asset objects reloaded before import = 0Number of asset objects unloaded after import = 3

========================================================================
Received Import Request.
  Time since last request: 0.000061 seconds.
  path: Assets/Violet Theme Ui/Sliders/Handle Green.png
  artifactKey: Guid(e0651aa178dd99b4ca94b6bcab5ed545) Importer(815301076,1909f56bfc062723c751e8b465ee728b)
Start importing Assets/Violet Theme Ui/Sliders/Handle Green.png using Guid(e0651aa178dd99b4ca94b6bcab5ed545) Importer(815301076,1909f56bfc062723c751e8b465ee728b) (PreviewImporter) -> (artifact id: '865eb6b2e358cdd68e8625fb7ffa7729') in 0.004084542 seconds
Number of updated asset objects reloaded before import = 0Number of asset objects unloaded after import = 3

========================================================================
Received Import Request.
  Time since last request: 0.000039 seconds.
  path: Assets/Violet Theme Ui/Sliders/Handle Violet.png
  artifactKey: Guid(1bf6b9a3ebb8b9444b55cca415d03ac5) Importer(815301076,1909f56bfc062723c751e8b465ee728b)
Start importing Assets/Violet Theme Ui/Sliders/Handle Violet.png using Guid(1bf6b9a3ebb8b9444b55cca415d03ac5) Importer(815301076,1909f56bfc062723c751e8b465ee728b) (PreviewImporter) -> (artifact id: '45e1e948fc407b540c6a7e82608de60d') in 0.004183875 seconds
Number of updated asset objects reloaded before import = 0Number of asset objects unloaded after import = 3

========================================================================
Received Import Request.
  Time since last request: 0.000062 seconds.
  path: Assets/Violet Theme Ui/Sliders/Fill Orange.png
  artifactKey: Guid(e48c6d8deee79854582bcfa4c7f93d4b) Importer(815301076,1909f56bfc062723c751e8b465ee728b)
Start importing Assets/Violet Theme Ui/Sliders/Fill Orange.png using Guid(e48c6d8deee79854582bcfa4c7f93d4b) Importer(815301076,1909f56bfc062723c751e8b465ee728b) (PreviewImporter) -> (artifact id: '2360ee8707090371a419798b73361dfe') in 0.003744917 seconds
Number of updated asset objects reloaded before import = 0Number of asset objects unloaded after import = 3

========================================================================
Received Import Request.
  Time since last request: 0.000065 seconds.
  path: Assets/Violet Theme Ui/Sliders/Handle Orange.png
  artifactKey: Guid(d8a3082eb4aa84c41babf3558d2a77e8) Importer(815301076,1909f56bfc062723c751e8b465ee728b)
Start importing Assets/Violet Theme Ui/Sliders/Handle Orange.png using Guid(d8a3082eb4aa84c41babf3558d2a77e8) Importer(815301076,1909f56bfc062723c751e8b465ee728b) (PreviewImporter) -> (artifact id: '4ea0a0c40adc66f2a974bb21ec1035ae') in 0.00450725 seconds
Number of updated asset objects reloaded before import = 0Number of asset objects unloaded after import = 3

========================================================================
Received Import Request.
  Time since last request: 0.000101 seconds.
  path: Assets/Violet Theme Ui/Sliders/Handle Red.png
  artifactKey: Guid(34c670642e6efda40b50b89365cb199b) Importer(815301076,1909f56bfc062723c751e8b465ee728b)
Start importing Assets/Violet Theme Ui/Sliders/Handle Red.png using Guid(34c670642e6efda40b50b89365cb199b) Importer(815301076,1909f56bfc062723c751e8b465ee728b) (PreviewImporter) -> (artifact id: 'ae5fbce1fffc4163462e43d359611de8') in 0.004411583 seconds
Number of updated asset objects reloaded before import = 0Number of asset objects unloaded after import = 3

========================================================================
Received Import Request.
  Time since last request: 0.000060 seconds.
  path: Assets/Violet Theme Ui/Sliders/Fill Pink.png
  artifactKey: Guid(e13090386b0ba8948876eaafcac9a9af) Importer(815301076,1909f56bfc062723c751e8b465ee728b)
Start importing Assets/Violet Theme Ui/Sliders/Fill Pink.png using Guid(e13090386b0ba8948876eaafcac9a9af) Importer(815301076,1909f56bfc062723c751e8b465ee728b) (PreviewImporter) -> (artifact id: '5f58507ca8d86ff4eaa642acf13efb2f') in 0.004263625 seconds
Number of updated asset objects reloaded before import = 0Number of asset objects unloaded after import = 3

========================================================================
Received Import Request.
  Time since last request: 0.000054 seconds.
  path: Assets/Violet Theme Ui/Sliders/Handle Purple.png
  artifactKey: Guid(404ffb4f6589b7d438379276024b6f39) Importer(815301076,1909f56bfc062723c751e8b465ee728b)
Start importing Assets/Violet Theme Ui/Sliders/Handle Purple.png using Guid(404ffb4f6589b7d438379276024b6f39) Importer(815301076,1909f56bfc062723c751e8b465ee728b) (PreviewImporter) -> (artifact id: 'f3a715e2196da4b449419d14ed9459e2') in 0.004244 seconds
Number of updated asset objects reloaded before import = 0Number of asset objects unloaded after import = 3

========================================================================
Received Import Request.
  Time since last request: 0.000074 seconds.
  path: Assets/Violet Theme Ui/Sliders/Fill Purple.png
  artifactKey: Guid(6cae52e32f6bb8043a16d589cd25370b) Importer(815301076,1909f56bfc062723c751e8b465ee728b)
Start importing Assets/Violet Theme Ui/Sliders/Fill Purple.png using Guid(6cae52e32f6bb8043a16d589cd25370b) Importer(815301076,1909f56bfc062723c751e8b465ee728b) (PreviewImporter) -> (artifact id: 'c9d942f265e1c6fb2f1336212920f498') in 0.005116833 seconds
Number of updated asset objects reloaded before import = 0Number of asset objects unloaded after import = 3

========================================================================
Received Import Request.
  Time since last request: 2.635320 seconds.
  path: Assets/Violet Theme Ui/Sliders/Slider Background.png
  artifactKey: Guid(1129e40c4bb98d04a8cc90b024594009) Importer(815301076,1909f56bfc062723c751e8b465ee728b)
Start importing Assets/Violet Theme Ui/Sliders/Slider Background.png using Guid(1129e40c4bb98d04a8cc90b024594009) Importer(815301076,1909f56bfc062723c751e8b465ee728b) (PreviewImporter) -> (artifact id: 'f7f4105728b8696e6151a4b9a17a534b') in 0.0053035 seconds
Number of updated asset objects reloaded before import = 0Number of asset objects unloaded after import = 3

========================================================================
Received Import Request.
  Time since last request: 123.278320 seconds.
  path: Assets/Violet Theme Ui/White Icons/PowerUp1.png
  artifactKey: Guid(12c7ee7a153b80e459933263e2a26be6) Importer(815301076,1909f56bfc062723c751e8b465ee728b)
Start importing Assets/Violet Theme Ui/White Icons/PowerUp1.png using Guid(12c7ee7a153b80e459933263e2a26be6) Importer(815301076,1909f56bfc062723c751e8b465ee728b) (PreviewImporter) -> (artifact id: '815015150732d76f9e8defc65447071c') in 0.008252334 seconds
Number of updated asset objects reloaded before import = 0Number of asset objects unloaded after import = 3

========================================================================
Received Import Request.
  Time since last request: 0.000049 seconds.
  path: Assets/Violet Theme Ui/White Icons/White Alarm 2 off.png
  artifactKey: Guid(2e49d973a56a83b428bf9346752a6cf3) Importer(815301076,1909f56bfc062723c751e8b465ee728b)
Start importing Assets/Violet Theme Ui/White Icons/White Alarm 2 off.png using Guid(2e49d973a56a83b428bf9346752a6cf3) Importer(815301076,1909f56bfc062723c751e8b465ee728b) (PreviewImporter) -> (artifact id: 'b934eff2fde5d63b281710aa2f208ac7') in 0.00481675 seconds
Number of updated asset objects reloaded before import = 0Number of asset objects unloaded after import = 3

========================================================================
Received Import Request.
  Time since last request: 0.000057 seconds.
  path: Assets/Violet Theme Ui/White Icons/White Acorn.png
  artifactKey: Guid(ce30ae4f5d358f243ad68cbfc8c41f4d) Importer(815301076,1909f56bfc062723c751e8b465ee728b)
Start importing Assets/Violet Theme Ui/White Icons/White Acorn.png using Guid(ce30ae4f5d358f243ad68cbfc8c41f4d) Importer(815301076,1909f56bfc062723c751e8b465ee728b) (PreviewImporter) -> (artifact id: '80e26a61255cbebf439c66b03ac3bafe') in 0.006534583 seconds
Number of updated asset objects reloaded before import = 0Number of asset objects unloaded after import = 4

========================================================================
Received Import Request.
  Time since last request: 0.000040 seconds.
  path: Assets/Violet Theme Ui/White Icons/White Airplane.png
  artifactKey: Guid(3d791145439c0ca448d67c427d476b89) Importer(815301076,1909f56bfc062723c751e8b465ee728b)
Start importing Assets/Violet Theme Ui/White Icons/White Airplane.png using Guid(3d791145439c0ca448d67c427d476b89) Importer(815301076,1909f56bfc062723c751e8b465ee728b) (PreviewImporter) -> (artifact id: '41cd5522b8051ccb22add5a3dd2c13c5') in 0.004919208 seconds
Number of updated asset objects reloaded before import = 0Number of asset objects unloaded after import = 3

========================================================================
Received Import Request.
  Time since last request: 0.000054 seconds.
  path: Assets/Violet Theme Ui/White Icons/White Alarm.png
  artifactKey: Guid(085769504e28a10409187eb9d0d38e0f) Importer(815301076,1909f56bfc062723c751e8b465ee728b)
Start importing Assets/Violet Theme Ui/White Icons/White Alarm.png using Guid(085769504e28a10409187eb9d0d38e0f) Importer(815301076,1909f56bfc062723c751e8b465ee728b) (PreviewImporter) -> (artifact id: '5461c2b4b68eff4b9e932314943227d4') in 0.008452959 seconds
Number of updated asset objects reloaded before import = 0Number of asset objects unloaded after import = 5

========================================================================
Received Import Request.
  Time since last request: 0.000044 seconds.
  path: Assets/Violet Theme Ui/White Icons/White Alarm 2.png
  artifactKey: Guid(e3937cebe64821a4f82f9d49c3c175db) Importer(815301076,1909f56bfc062723c751e8b465ee728b)
Start importing Assets/Violet Theme Ui/White Icons/White Alarm 2.png using Guid(e3937cebe64821a4f82f9d49c3c175db) Importer(815301076,1909f56bfc062723c751e8b465ee728b) (PreviewImporter) -> (artifact id: '248dcbff1950c02d10f0ec34a38dfb5b') in 0.004707625 seconds
Number of updated asset objects reloaded before import = 0Number of asset objects unloaded after import = 3

========================================================================
Received Import Request.
  Time since last request: 0.000058 seconds.
  path: Assets/Violet Theme Ui/White Icons/White Alert.png
  artifactKey: Guid(a9f32f23d12396345a8684444399eba2) Importer(815301076,1909f56bfc062723c751e8b465ee728b)
Start importing Assets/Violet Theme Ui/White Icons/White Alert.png using Guid(a9f32f23d12396345a8684444399eba2) Importer(815301076,1909f56bfc062723c751e8b465ee728b) (PreviewImporter) -> (artifact id: '30f0b1656e17ac790d8a69900278d83f') in 0.006341875 seconds
Number of updated asset objects reloaded before import = 0Number of asset objects unloaded after import = 4

========================================================================
Received Import Request.
  Time since last request: 0.000120 seconds.
  path: Assets/Violet Theme Ui/White Icons/White Arrow.png
  artifactKey: Guid(c50ddbba5ed77344c947c12c3e69d01d) Importer(815301076,1909f56bfc062723c751e8b465ee728b)
Start importing Assets/Violet Theme Ui/White Icons/White Arrow.png using Guid(c50ddbba5ed77344c947c12c3e69d01d) Importer(815301076,1909f56bfc062723c751e8b465ee728b) (PreviewImporter) -> (artifact id: '864fe015e708df4e7e41bed7cdfedb47') in 0.008983708 seconds
Number of updated asset objects reloaded before import = 0Number of asset objects unloaded after import = 4

========================================================================
Received Import Request.
  Time since last request: 0.000067 seconds.
  path: Assets/Violet Theme Ui/White Icons/White Battery Half.png
  artifactKey: Guid(b8c37e2574275e84aa76ff34202f1b2c) Importer(815301076,1909f56bfc062723c751e8b465ee728b)
Start importing Assets/Violet Theme Ui/White Icons/White Battery Half.png using Guid(b8c37e2574275e84aa76ff34202f1b2c) Importer(815301076,1909f56bfc062723c751e8b465ee728b) (PreviewImporter) -> (artifact id: '1691f7f38f3b06357cc2332f251e1ad7') in 0.007154291 seconds
Number of updated asset objects reloaded before import = 0Number of asset objects unloaded after import = 4

========================================================================
Received Import Request.
  Time since last request: 0.000044 seconds.
  path: Assets/Violet Theme Ui/White Icons/White Apple.png
  artifactKey: Guid(88ee26ba40b2d35469e56a21a6d12df0) Importer(815301076,1909f56bfc062723c751e8b465ee728b)
Start importing Assets/Violet Theme Ui/White Icons/White Apple.png using Guid(88ee26ba40b2d35469e56a21a6d12df0) Importer(815301076,1909f56bfc062723c751e8b465ee728b) (PreviewImporter) -> (artifact id: '1b9831e69e4958e16bbb7b57b1fa51ef') in 0.008049042 seconds
Number of updated asset objects reloaded before import = 0Number of asset objects unloaded after import = 4

========================================================================
Received Import Request.
  Time since last request: 0.000036 seconds.
  path: Assets/Violet Theme Ui/White Icons/White Anchor.png
  artifactKey: Guid(0e15a54d8d16a5a4aa53344f2f594196) Importer(815301076,1909f56bfc062723c751e8b465ee728b)
Start importing Assets/Violet Theme Ui/White Icons/White Anchor.png using Guid(0e15a54d8d16a5a4aa53344f2f594196) Importer(815301076,1909f56bfc062723c751e8b465ee728b) (PreviewImporter) -> (artifact id: '5a9bbb0c7b0f685d64951239356af04a') in 0.007318083 seconds
Number of updated asset objects reloaded before import = 0Number of asset objects unloaded after import = 4

========================================================================
Received Import Request.
  Time since last request: 0.000078 seconds.
  path: Assets/Violet Theme Ui/White Icons/White AddFriend.png
  artifactKey: Guid(32fb0e71e5c2dfc4f8f275025f792fc6) Importer(815301076,1909f56bfc062723c751e8b465ee728b)
Start importing Assets/Violet Theme Ui/White Icons/White AddFriend.png using Guid(32fb0e71e5c2dfc4f8f275025f792fc6) Importer(815301076,1909f56bfc062723c751e8b465ee728b) (PreviewImporter) -> (artifact id: '69cf02544207adb3c96930ee32dc8a70') in 0.00918925 seconds
Number of updated asset objects reloaded before import = 0Number of asset objects unloaded after import = 5

========================================================================
Received Import Request.
  Time since last request: 0.000083 seconds.
  path: Assets/Violet Theme Ui/White Icons/White Basket.png
  artifactKey: Guid(8522be17c7c0bdd4cb48c1358bd2386d) Importer(815301076,1909f56bfc062723c751e8b465ee728b)
Start importing Assets/Violet Theme Ui/White Icons/White Basket.png using Guid(8522be17c7c0bdd4cb48c1358bd2386d) Importer(815301076,1909f56bfc062723c751e8b465ee728b) (PreviewImporter) -> (artifact id: '9f87e5b8bcb7229040c63e43c3e253b0') in 0.0070435 seconds
Number of updated asset objects reloaded before import = 0Number of asset objects unloaded after import = 4

========================================================================
Received Import Request.
  Time since last request: 0.000055 seconds.
  path: Assets/Violet Theme Ui/White Icons/White Axe 3.png
  artifactKey: Guid(7173802728af7ad41b6e28336f8dd622) Importer(815301076,1909f56bfc062723c751e8b465ee728b)
Start importing Assets/Violet Theme Ui/White Icons/White Axe 3.png using Guid(7173802728af7ad41b6e28336f8dd622) Importer(815301076,1909f56bfc062723c751e8b465ee728b) (PreviewImporter) -> (artifact id: 'cbb3be92e7bc1dcd4bd1f6ca7a4141c6') in 0.007285417 seconds
Number of updated asset objects reloaded before import = 0Number of asset objects unloaded after import = 4

========================================================================
Received Import Request.
  Time since last request: 0.000317 seconds.
  path: Assets/Violet Theme Ui/White Icons/White Armor.png
  artifactKey: Guid(a367f43326a9d9a4aa4b7c39e8652c01) Importer(815301076,1909f56bfc062723c751e8b465ee728b)
Start importing Assets/Violet Theme Ui/White Icons/White Armor.png using Guid(a367f43326a9d9a4aa4b7c39e8652c01) Importer(815301076,1909f56bfc062723c751e8b465ee728b) (PreviewImporter) -> (artifact id: '37ea6afe16be3a1b400e199a76b0a08e') in 0.005391167 seconds
Number of updated asset objects reloaded before import = 0Number of asset objects unloaded after import = 3

========================================================================
Received Import Request.
  Time since last request: 0.000048 seconds.
  path: Assets/Violet Theme Ui/White Icons/White Battery Empty.png
  artifactKey: Guid(8d9f54261b21bc6408119d9e04cc974f) Importer(815301076,1909f56bfc062723c751e8b465ee728b)
Start importing Assets/Violet Theme Ui/White Icons/White Battery Empty.png using Guid(8d9f54261b21bc6408119d9e04cc974f) Importer(815301076,1909f56bfc062723c751e8b465ee728b) (PreviewImporter) -> (artifact id: '9a59f4c81cd20f1e67808dee757fca4d') in 0.006993625 seconds
Number of updated asset objects reloaded before import = 0Number of asset objects unloaded after import = 4

========================================================================
Received Import Request.
  Time since last request: 2.140712 seconds.
  path: Assets/Violet Theme Ui/White Icons/White Battery Storage.png
  artifactKey: Guid(b2c8ced3a99744645ad763b4d47c39d3) Importer(815301076,1909f56bfc062723c751e8b465ee728b)
Start importing Assets/Violet Theme Ui/White Icons/White Battery Storage.png using Guid(b2c8ced3a99744645ad763b4d47c39d3) Importer(815301076,1909f56bfc062723c751e8b465ee728b) (PreviewImporter) -> (artifact id: '2505d2a67af45f0950fbbf892abcc171') in 0.012968083 seconds
Number of updated asset objects reloaded before import = 0Number of asset objects unloaded after import = 6

========================================================================
Received Import Request.
  Time since last request: 0.000041 seconds.
  path: Assets/Violet Theme Ui/White Icons/White Bluetooth.png
  artifactKey: Guid(e9f6c0281d266d44c9351e417e328b40) Importer(815301076,1909f56bfc062723c751e8b465ee728b)
Start importing Assets/Violet Theme Ui/White Icons/White Bluetooth.png using Guid(e9f6c0281d266d44c9351e417e328b40) Importer(815301076,1909f56bfc062723c751e8b465ee728b) (PreviewImporter) -> (artifact id: 'acf1f6337c262516d8bb76ffa8aa2bd0') in 0.006037333 seconds
Number of updated asset objects reloaded before import = 0Number of asset objects unloaded after import = 3

========================================================================
Received Import Request.
  Time since last request: 0.000060 seconds.
  path: Assets/Violet Theme Ui/White Icons/White Blade 2.png
  artifactKey: Guid(645d5009f90f1804ab28fa2119bc9f9d) Importer(815301076,1909f56bfc062723c751e8b465ee728b)
Start importing Assets/Violet Theme Ui/White Icons/White Blade 2.png using Guid(645d5009f90f1804ab28fa2119bc9f9d) Importer(815301076,1909f56bfc062723c751e8b465ee728b) (PreviewImporter) -> (artifact id: '8b82d561c6e289936fe2b54c1e9fc0b2') in 0.007477125 seconds
Number of updated asset objects reloaded before import = 0Number of asset objects unloaded after import = 4

========================================================================
Received Import Request.
  Time since last request: 0.000068 seconds.
  path: Assets/Violet Theme Ui/White Icons/White Blade 1.png
  artifactKey: Guid(c68838cd724d5cc4a89b38f46c68a7d1) Importer(815301076,1909f56bfc062723c751e8b465ee728b)
Start importing Assets/Violet Theme Ui/White Icons/White Blade 1.png using Guid(c68838cd724d5cc4a89b38f46c68a7d1) Importer(815301076,1909f56bfc062723c751e8b465ee728b) (PreviewImporter) -> (artifact id: 'f32afa0beb44cb1e97ec7558a5ab05a8') in 0.010453917 seconds
Number of updated asset objects reloaded before import = 0Number of asset objects unloaded after import = 5

========================================================================
Received Import Request.
  Time since last request: 1.900430 seconds.
  path: Assets/Violet Theme Ui/White Icons/White Bomb 1.png
  artifactKey: Guid(e46522e28efe3b849b09ef69fc569232) Importer(815301076,1909f56bfc062723c751e8b465ee728b)
Start importing Assets/Violet Theme Ui/White Icons/White Bomb 1.png using Guid(e46522e28efe3b849b09ef69fc569232) Importer(815301076,1909f56bfc062723c751e8b465ee728b) (PreviewImporter) -> (artifact id: '556e39b2fcd1dbdbf14ad3f43b6a17f4') in 0.011213541 seconds
Number of updated asset objects reloaded before import = 0Number of asset objects unloaded after import = 5

========================================================================
Received Import Request.
  Time since last request: 0.000066 seconds.
  path: Assets/Violet Theme Ui/White Icons/White Book 2.png
  artifactKey: Guid(c481e9467be21884f91a1ee7aa1cf73b) Importer(815301076,1909f56bfc062723c751e8b465ee728b)
Start importing Assets/Violet Theme Ui/White Icons/White Book 2.png using Guid(c481e9467be21884f91a1ee7aa1cf73b) Importer(815301076,1909f56bfc062723c751e8b465ee728b) (PreviewImporter) -> (artifact id: 'edac1c54eedaa93acff14ce4c66bc06c') in 0.007629458 seconds
Number of updated asset objects reloaded before import = 0Number of asset objects unloaded after import = 4

========================================================================
Received Import Request.
  Time since last request: 0.000062 seconds.
  path: Assets/Violet Theme Ui/White Icons/White Bug 2.png
  artifactKey: Guid(4be13b6c09b7e124f9a37a39c92ce8ab) Importer(815301076,1909f56bfc062723c751e8b465ee728b)
Start importing Assets/Violet Theme Ui/White Icons/White Bug 2.png using Guid(4be13b6c09b7e124f9a37a39c92ce8ab) Importer(815301076,1909f56bfc062723c751e8b465ee728b) (PreviewImporter) -> (artifact id: 'f4fca1a1e5fc6b6b20f02ef301508536') in 0.005906167 seconds
Number of updated asset objects reloaded before import = 0Number of asset objects unloaded after import = 3

========================================================================
Received Import Request.
  Time since last request: 0.000036 seconds.
  path: Assets/Violet Theme Ui/White Icons/White Boots 1.png
  artifactKey: Guid(b3176559611ec2a439a40524ddf69c26) Importer(815301076,1909f56bfc062723c751e8b465ee728b)
Start importing Assets/Violet Theme Ui/White Icons/White Boots 1.png using Guid(b3176559611ec2a439a40524ddf69c26) Importer(815301076,1909f56bfc062723c751e8b465ee728b) (PreviewImporter) -> (artifact id: 'ba54713ca18dd067a9452039e707f2ac') in 0.0110615 seconds
Number of updated asset objects reloaded before import = 0Number of asset objects unloaded after import = 6

========================================================================
Received Import Request.
  Time since last request: 0.000054 seconds.
  path: Assets/Violet Theme Ui/White Icons/White Bow.png
  artifactKey: Guid(139896ae9c7105140bf96a66f05e1c40) Importer(815301076,1909f56bfc062723c751e8b465ee728b)
Start importing Assets/Violet Theme Ui/White Icons/White Bow.png using Guid(139896ae9c7105140bf96a66f05e1c40) Importer(815301076,1909f56bfc062723c751e8b465ee728b) (PreviewImporter) -> (artifact id: '60b0a96b21d8a28f0dcffbdd0bce1f44') in 0.005756625 seconds
Number of updated asset objects reloaded before import = 0Number of asset objects unloaded after import = 3

========================================================================
Received Import Request.
  Time since last request: 0.020434 seconds.
  path: Assets/Violet Theme Ui/White Icons/White Building.png
  artifactKey: Guid(3580e3b3da4859240ac7a3e3c6cedc81) Importer(815301076,1909f56bfc062723c751e8b465ee728b)
Start importing Assets/Violet Theme Ui/White Icons/White Building.png using Guid(3580e3b3da4859240ac7a3e3c6cedc81) Importer(815301076,1909f56bfc062723c751e8b465ee728b) (PreviewImporter) -> (artifact id: '4b6fb86d0c973f22240f75312094f5d9') in 0.006399291 seconds
Number of updated asset objects reloaded before import = 0Number of asset objects unloaded after import = 3

========================================================================
Received Import Request.
  Time since last request: 0.000078 seconds.
  path: Assets/Violet Theme Ui/White Icons/White Calendar 3.png
  artifactKey: Guid(12eb67918fb8c0540950ec4de2d608b3) Importer(815301076,1909f56bfc062723c751e8b465ee728b)
Start importing Assets/Violet Theme Ui/White Icons/White Calendar 3.png using Guid(12eb67918fb8c0540950ec4de2d608b3) Importer(815301076,1909f56bfc062723c751e8b465ee728b) (PreviewImporter) -> (artifact id: 'd1b733a68990ef61129688dd452cd42a') in 0.006912041 seconds
Number of updated asset objects reloaded before import = 0Number of asset objects unloaded after import = 4

========================================================================
Received Import Request.
  Time since last request: 0.000078 seconds.
  path: Assets/Violet Theme Ui/White Icons/White Calendar 1.png
  artifactKey: Guid(ab407958ffd2d24488672753a7f7fb93) Importer(815301076,1909f56bfc062723c751e8b465ee728b)
Start importing Assets/Violet Theme Ui/White Icons/White Calendar 1.png using Guid(ab407958ffd2d24488672753a7f7fb93) Importer(815301076,1909f56bfc062723c751e8b465ee728b) (PreviewImporter) -> (artifact id: '6803b442e1d7bc8417c7bd0f3db3d43c') in 0.00700825 seconds
Number of updated asset objects reloaded before import = 0Number of asset objects unloaded after import = 4

========================================================================
Received Import Request.
  Time since last request: 0.000060 seconds.
  path: Assets/Violet Theme Ui/White Icons/White Camera 2.png
  artifactKey: Guid(4c2d4bf8450af0145aebbf3e58351d75) Importer(815301076,1909f56bfc062723c751e8b465ee728b)
Start importing Assets/Violet Theme Ui/White Icons/White Camera 2.png using Guid(4c2d4bf8450af0145aebbf3e58351d75) Importer(815301076,1909f56bfc062723c751e8b465ee728b) (PreviewImporter) -> (artifact id: '43c2ae34a74360b23de9aea781678f93') in 0.007411042 seconds
Number of updated asset objects reloaded before import = 0Number of asset objects unloaded after import = 4

========================================================================
Received Import Request.
  Time since last request: 0.000050 seconds.
  path: Assets/Violet Theme Ui/White Icons/White Camera.png
  artifactKey: Guid(a2dee8c396b41da45833505aefb0c05e) Importer(815301076,1909f56bfc062723c751e8b465ee728b)
Start importing Assets/Violet Theme Ui/White Icons/White Camera.png using Guid(a2dee8c396b41da45833505aefb0c05e) Importer(815301076,1909f56bfc062723c751e8b465ee728b) (PreviewImporter) -> (artifact id: '6a1cd9797d1b37293edc7b996aaed961') in 0.006792875 seconds
Number of updated asset objects reloaded before import = 0Number of asset objects unloaded after import = 4

========================================================================
Received Import Request.
  Time since last request: 0.628065 seconds.
  path: Assets/Violet Theme Ui/White Icons/White Cash Bag.png
  artifactKey: Guid(a5ee1230bb9a4e14e8d88c065ebf0dbc) Importer(815301076,1909f56bfc062723c751e8b465ee728b)
Start importing Assets/Violet Theme Ui/White Icons/White Cash Bag.png using Guid(a5ee1230bb9a4e14e8d88c065ebf0dbc) Importer(815301076,1909f56bfc062723c751e8b465ee728b) (PreviewImporter) -> (artifact id: 'cc94c7f0d5fb89ee5389fccee64980c1') in 0.007756042 seconds
Number of updated asset objects reloaded before import = 0Number of asset objects unloaded after import = 4

========================================================================
Received Import Request.
  Time since last request: 0.000074 seconds.
  path: Assets/Violet Theme Ui/White Icons/White Chat 4.png
  artifactKey: Guid(8002cbd2607a54c408d377e6bc2283a2) Importer(815301076,1909f56bfc062723c751e8b465ee728b)
Start importing Assets/Violet Theme Ui/White Icons/White Chat 4.png using Guid(8002cbd2607a54c408d377e6bc2283a2) Importer(815301076,1909f56bfc062723c751e8b465ee728b) (PreviewImporter) -> (artifact id: '98929d1b4f692b22c41bd01f164fff2f') in 0.006557583 seconds
Number of updated asset objects reloaded before import = 0Number of asset objects unloaded after import = 4

========================================================================
Received Import Request.
  Time since last request: 0.000037 seconds.
  path: Assets/Violet Theme Ui/White Icons/White Castle 2.png
  artifactKey: Guid(a96e81d96e60c9946824ad7f9641ada1) Importer(815301076,1909f56bfc062723c751e8b465ee728b)
Start importing Assets/Violet Theme Ui/White Icons/White Castle 2.png using Guid(a96e81d96e60c9946824ad7f9641ada1) Importer(815301076,1909f56bfc062723c751e8b465ee728b) (PreviewImporter) -> (artifact id: '87b0a11456a090082917918c15da170b') in 0.005734709 seconds
Number of updated asset objects reloaded before import = 0Number of asset objects unloaded after import = 3

========================================================================
Received Import Request.
  Time since last request: 0.000049 seconds.
  path: Assets/Violet Theme Ui/White Icons/White Chat 2.png
  artifactKey: Guid(b87089d14f7860c41984539bdf4bb177) Importer(815301076,1909f56bfc062723c751e8b465ee728b)
Start importing Assets/Violet Theme Ui/White Icons/White Chat 2.png using Guid(b87089d14f7860c41984539bdf4bb177) Importer(815301076,1909f56bfc062723c751e8b465ee728b) (PreviewImporter) -> (artifact id: 'd6342afa037c47ba61fc9fcd5aec05e5') in 0.004856375 seconds
Number of updated asset objects reloaded before import = 0Number of asset objects unloaded after import = 3

========================================================================
Received Import Request.
  Time since last request: 0.000046 seconds.
  path: Assets/Violet Theme Ui/White Icons/White Chat.png
  artifactKey: Guid(e0e00ede350534947bddc09603379697) Importer(815301076,1909f56bfc062723c751e8b465ee728b)
Start importing Assets/Violet Theme Ui/White Icons/White Chat.png using Guid(e0e00ede350534947bddc09603379697) Importer(815301076,1909f56bfc062723c751e8b465ee728b) (PreviewImporter) -> (artifact id: 'd286263b8cf7594599464007b5f10657') in 0.005304084 seconds
Number of updated asset objects reloaded before import = 0Number of asset objects unloaded after import = 3

========================================================================
Received Import Request.
  Time since last request: 0.778876 seconds.
  path: Assets/Violet Theme Ui/White Icons/White Chest.png
  artifactKey: Guid(062478d802b535644af9b437b81a8bec) Importer(815301076,1909f56bfc062723c751e8b465ee728b)
Start importing Assets/Violet Theme Ui/White Icons/White Chest.png using Guid(062478d802b535644af9b437b81a8bec) Importer(815301076,1909f56bfc062723c751e8b465ee728b) (PreviewImporter) -> (artifact id: '6f671942517f459534031590f5ddb111') in 0.010673917 seconds
Number of updated asset objects reloaded before import = 0Number of asset objects unloaded after import = 6

========================================================================
Received Import Request.
  Time since last request: 0.000074 seconds.
  path: Assets/Violet Theme Ui/White Icons/White Click.png
  artifactKey: Guid(2f4af7272a8a2d84e9c9495b43d4b057) Importer(815301076,1909f56bfc062723c751e8b465ee728b)
Start importing Assets/Violet Theme Ui/White Icons/White Click.png using Guid(2f4af7272a8a2d84e9c9495b43d4b057) Importer(815301076,1909f56bfc062723c751e8b465ee728b) (PreviewImporter) -> (artifact id: 'a5be67c13472f61139e75e8183a4ddd8') in 0.006031916 seconds
Number of updated asset objects reloaded before import = 0Number of asset objects unloaded after import = 3

========================================================================
Received Import Request.
  Time since last request: 0.000039 seconds.
  path: Assets/Violet Theme Ui/White Icons/White Clock.png
  artifactKey: Guid(963e3ccea09488348a07e88fcbefd958) Importer(815301076,1909f56bfc062723c751e8b465ee728b)
Start importing Assets/Violet Theme Ui/White Icons/White Clock.png using Guid(963e3ccea09488348a07e88fcbefd958) Importer(815301076,1909f56bfc062723c751e8b465ee728b) (PreviewImporter) -> (artifact id: '55edb9c49fd2aaaf25e311020d93efde') in 0.005573042 seconds
Number of updated asset objects reloaded before import = 0Number of asset objects unloaded after import = 3

========================================================================
Received Import Request.
  Time since last request: 0.000041 seconds.
  path: Assets/Violet Theme Ui/White Icons/White Close 2.png
  artifactKey: Guid(578fc686cfcf7b848b77f202915a9e02) Importer(815301076,1909f56bfc062723c751e8b465ee728b)
Start importing Assets/Violet Theme Ui/White Icons/White Close 2.png using Guid(578fc686cfcf7b848b77f202915a9e02) Importer(815301076,1909f56bfc062723c751e8b465ee728b) (PreviewImporter) -> (artifact id: 'a1639accc7d31f1041aa43c69ff55106') in 0.005357916 seconds
Number of updated asset objects reloaded before import = 0Number of asset objects unloaded after import = 3

========================================================================
Received Import Request.
  Time since last request: 0.000054 seconds.
  path: Assets/Violet Theme Ui/White Icons/White Cloud.png
  artifactKey: Guid(83c044260d3230e45b3a6cb006416df2) Importer(815301076,1909f56bfc062723c751e8b465ee728b)
Start importing Assets/Violet Theme Ui/White Icons/White Cloud.png using Guid(83c044260d3230e45b3a6cb006416df2) Importer(815301076,1909f56bfc062723c751e8b465ee728b) (PreviewImporter) -> (artifact id: 'df4c1b76939b5a6870443337867f4054') in 0.006062625 seconds
Number of updated asset objects reloaded before import = 0Number of asset objects unloaded after import = 3

========================================================================
Received Import Request.
  Time since last request: 0.464410 seconds.
  path: Assets/Violet Theme Ui/White Icons/White Cloud 2.png
  artifactKey: Guid(fa97c0870713ae74b9f6c5d293e516c8) Importer(815301076,1909f56bfc062723c751e8b465ee728b)
Start importing Assets/Violet Theme Ui/White Icons/White Cloud 2.png using Guid(fa97c0870713ae74b9f6c5d293e516c8) Importer(815301076,1909f56bfc062723c751e8b465ee728b) (PreviewImporter) -> (artifact id: '33237d17e3c09cb7e79e98c9b3e4fa52') in 0.00580575 seconds
Number of updated asset objects reloaded before import = 0Number of asset objects unloaded after import = 3

========================================================================
Received Import Request.
  Time since last request: 0.000034 seconds.
  path: Assets/Violet Theme Ui/White Icons/White Connected Symbol.png
  artifactKey: Guid(2495dc67178999446959d40ba8991cfe) Importer(815301076,1909f56bfc062723c751e8b465ee728b)
Start importing Assets/Violet Theme Ui/White Icons/White Connected Symbol.png using Guid(2495dc67178999446959d40ba8991cfe) Importer(815301076,1909f56bfc062723c751e8b465ee728b) (PreviewImporter) -> (artifact id: 'ecc3f665f1aaad540e6125141df25639') in 0.008141583 seconds
Number of updated asset objects reloaded before import = 0Number of asset objects unloaded after import = 4

========================================================================
Received Import Request.
  Time since last request: 0.000058 seconds.
  path: Assets/Violet Theme Ui/White Icons/White Compress.png
  artifactKey: Guid(3133d4ad30dcfce4c8c365055d6645c7) Importer(815301076,1909f56bfc062723c751e8b465ee728b)
Start importing Assets/Violet Theme Ui/White Icons/White Compress.png using Guid(3133d4ad30dcfce4c8c365055d6645c7) Importer(815301076,1909f56bfc062723c751e8b465ee728b) (PreviewImporter) -> (artifact id: '2d8a6d045fe00e577dd6519e0927a7e3') in 0.011486 seconds
Number of updated asset objects reloaded before import = 0Number of asset objects unloaded after import = 6

========================================================================
Received Import Request.
  Time since last request: 0.000050 seconds.
  path: Assets/Violet Theme Ui/White Icons/White Compass.png
  artifactKey: Guid(12e105ba6efad2142bbc212df2701300) Importer(815301076,1909f56bfc062723c751e8b465ee728b)
Start importing Assets/Violet Theme Ui/White Icons/White Compass.png using Guid(12e105ba6efad2142bbc212df2701300) Importer(815301076,1909f56bfc062723c751e8b465ee728b) (PreviewImporter) -> (artifact id: '40ecf6668662ef8e81e3d014b9a2b70a') in 0.005801541 seconds
Number of updated asset objects reloaded before import = 0Number of asset objects unloaded after import = 3

========================================================================
Received Import Request.
  Time since last request: 0.026581 seconds.
  path: Assets/Violet Theme Ui/White Icons/White Crown 1.png
  artifactKey: Guid(ca3d94d268f761647b08ccf4ae103e85) Importer(815301076,1909f56bfc062723c751e8b465ee728b)
Start importing Assets/Violet Theme Ui/White Icons/White Crown 1.png using Guid(ca3d94d268f761647b08ccf4ae103e85) Importer(815301076,1909f56bfc062723c751e8b465ee728b) (PreviewImporter) -> (artifact id: 'e9058c870d9c5b68b1698eeb900da000') in 0.0069245 seconds
Number of updated asset objects reloaded before import = 0Number of asset objects unloaded after import = 4

========================================================================
Received Import Request.
  Time since last request: 0.000037 seconds.
  path: Assets/Violet Theme Ui/White Icons/White Disc.png
  artifactKey: Guid(2c248267db061ba4ebd1526d75220aec) Importer(815301076,1909f56bfc062723c751e8b465ee728b)
Start importing Assets/Violet Theme Ui/White Icons/White Disc.png using Guid(2c248267db061ba4ebd1526d75220aec) Importer(815301076,1909f56bfc062723c751e8b465ee728b) (PreviewImporter) -> (artifact id: '064179099d46b56558e22f35fe3d1001') in 0.004823792 seconds
Number of updated asset objects reloaded before import = 0Number of asset objects unloaded after import = 3

========================================================================
Received Import Request.
  Time since last request: 0.000032 seconds.
  path: Assets/Violet Theme Ui/White Icons/White Cycle.png
  artifactKey: Guid(0430fd83cb0609c459842cdaaeb19fcf) Importer(815301076,1909f56bfc062723c751e8b465ee728b)
Start importing Assets/Violet Theme Ui/White Icons/White Cycle.png using Guid(0430fd83cb0609c459842cdaaeb19fcf) Importer(815301076,1909f56bfc062723c751e8b465ee728b) (PreviewImporter) -> (artifact id: 'ca6cd106ab722a8094f788351b77af4b') in 0.006957041 seconds
Number of updated asset objects reloaded before import = 0Number of asset objects unloaded after import = 4

========================================================================
Received Import Request.
  Time since last request: 0.000068 seconds.
  path: Assets/Violet Theme Ui/White Icons/White Device Vibration.png
  artifactKey: Guid(14313135a6a46094cbdcab0e01c6e628) Importer(815301076,1909f56bfc062723c751e8b465ee728b)
Start importing Assets/Violet Theme Ui/White Icons/White Device Vibration.png using Guid(14313135a6a46094cbdcab0e01c6e628) Importer(815301076,1909f56bfc062723c751e8b465ee728b) (PreviewImporter) -> (artifact id: 'ad93b2891fb6db45e5632d1c02ccc6ad') in 0.00928225 seconds
Number of updated asset objects reloaded before import = 0Number of asset objects unloaded after import = 5

========================================================================
Received Import Request.
  Time since last request: 0.389784 seconds.
  path: Assets/Violet Theme Ui/White Icons/White DropDown.png
  artifactKey: Guid(9fa25d7ba9e486a49bd18911151230d7) Importer(815301076,1909f56bfc062723c751e8b465ee728b)
Start importing Assets/Violet Theme Ui/White Icons/White DropDown.png using Guid(9fa25d7ba9e486a49bd18911151230d7) Importer(815301076,1909f56bfc062723c751e8b465ee728b) (PreviewImporter) -> (artifact id: 'af2abe099ae08bd99fe8df38a0248060') in 0.011537 seconds
Number of updated asset objects reloaded before import = 0Number of asset objects unloaded after import = 8

========================================================================
Received Import Request.
  Time since last request: 0.000041 seconds.
  path: Assets/Violet Theme Ui/White Icons/White Explosion 2.png
  artifactKey: Guid(044c09bcaef1acb42aaf0be97aba2cf1) Importer(815301076,1909f56bfc062723c751e8b465ee728b)
Start importing Assets/Violet Theme Ui/White Icons/White Explosion 2.png using Guid(044c09bcaef1acb42aaf0be97aba2cf1) Importer(815301076,1909f56bfc062723c751e8b465ee728b) (PreviewImporter) -> (artifact id: 'c0cd7fa741fa83a8be6664dff063c525') in 0.00574475 seconds
Number of updated asset objects reloaded before import = 0Number of asset objects unloaded after import = 3

========================================================================
Received Import Request.
  Time since last request: 0.000063 seconds.
  path: Assets/Violet Theme Ui/White Icons/White Fast Rewind.png
  artifactKey: Guid(18f5c7c82bce94247913d6fb040a0eff) Importer(815301076,1909f56bfc062723c751e8b465ee728b)
Start importing Assets/Violet Theme Ui/White Icons/White Fast Rewind.png using Guid(18f5c7c82bce94247913d6fb040a0eff) Importer(815301076,1909f56bfc062723c751e8b465ee728b) (PreviewImporter) -> (artifact id: 'b52b25486e424257233d104a57a04d23') in 0.005222292 seconds
Number of updated asset objects reloaded before import = 0Number of asset objects unloaded after import = 3

========================================================================
Received Import Request.
  Time since last request: 0.000124 seconds.
  path: Assets/Violet Theme Ui/White Icons/White Euro.png
  artifactKey: Guid(b61bb04c4a92bb847a8974db2bf4c33b) Importer(815301076,1909f56bfc062723c751e8b465ee728b)
Start importing Assets/Violet Theme Ui/White Icons/White Euro.png using Guid(b61bb04c4a92bb847a8974db2bf4c33b) Importer(815301076,1909f56bfc062723c751e8b465ee728b) (PreviewImporter) -> (artifact id: '63222c56532ef0ec97414de55efa8b71') in 0.005680792 seconds
Number of updated asset objects reloaded before import = 0Number of asset objects unloaded after import = 3

========================================================================
Received Import Request.
  Time since last request: 0.000052 seconds.
  path: Assets/Violet Theme Ui/White Icons/White Energy 2.png
  artifactKey: Guid(2b5a9e4933cf124429a39d0ad5a3c2da) Importer(815301076,1909f56bfc062723c751e8b465ee728b)
Start importing Assets/Violet Theme Ui/White Icons/White Energy 2.png using Guid(2b5a9e4933cf124429a39d0ad5a3c2da) Importer(815301076,1909f56bfc062723c751e8b465ee728b) (PreviewImporter) -> (artifact id: '568738772a518ab9d7f8665d3fb70450') in 0.005105708 seconds
Number of updated asset objects reloaded before import = 0Number of asset objects unloaded after import = 3

========================================================================
Received Import Request.
  Time since last request: 0.015046 seconds.
  path: Assets/Violet Theme Ui/White Icons/White FastFordward.png
  artifactKey: Guid(33b75b278d79d0c40941250c42d16e69) Importer(815301076,1909f56bfc062723c751e8b465ee728b)
Start importing Assets/Violet Theme Ui/White Icons/White FastFordward.png using Guid(33b75b278d79d0c40941250c42d16e69) Importer(815301076,1909f56bfc062723c751e8b465ee728b) (PreviewImporter) -> (artifact id: 'cdde7381ef83cd6c97106d682d74d06c') in 0.005679541 seconds
Number of updated asset objects reloaded before import = 0Number of asset objects unloaded after import = 3

========================================================================
Received Import Request.
  Time since last request: 0.000049 seconds.
  path: Assets/Violet Theme Ui/White Icons/White Female.png
  artifactKey: Guid(34bf72806fa81cb4a871018b3fa1f88c) Importer(815301076,1909f56bfc062723c751e8b465ee728b)
Start importing Assets/Violet Theme Ui/White Icons/White Female.png using Guid(34bf72806fa81cb4a871018b3fa1f88c) Importer(815301076,1909f56bfc062723c751e8b465ee728b) (PreviewImporter) -> (artifact id: '35a40ee30789b18ccb53c3576528d862') in 0.005823542 seconds
Number of updated asset objects reloaded before import = 0Number of asset objects unloaded after import = 3

========================================================================
Received Import Request.
  Time since last request: 0.000080 seconds.
  path: Assets/Violet Theme Ui/White Icons/White Fish 2.png
  artifactKey: Guid(12a2b2176d386a94ba6b5099811eecea) Importer(815301076,1909f56bfc062723c751e8b465ee728b)
Start importing Assets/Violet Theme Ui/White Icons/White Fish 2.png using Guid(12a2b2176d386a94ba6b5099811eecea) Importer(815301076,1909f56bfc062723c751e8b465ee728b) (PreviewImporter) -> (artifact id: '28b8e86fc8452b13bb0368ee71ca0a14') in 0.005912792 seconds
Number of updated asset objects reloaded before import = 0Number of asset objects unloaded after import = 3

========================================================================
Received Import Request.
  Time since last request: 0.000040 seconds.
  path: Assets/Violet Theme Ui/White Icons/White Fish 1.png
  artifactKey: Guid(e9f5ffbfecb772241b4a237e6f94e80d) Importer(815301076,1909f56bfc062723c751e8b465ee728b)
Start importing Assets/Violet Theme Ui/White Icons/White Fish 1.png using Guid(e9f5ffbfecb772241b4a237e6f94e80d) Importer(815301076,1909f56bfc062723c751e8b465ee728b) (PreviewImporter) -> (artifact id: 'd51c871aee748eb0eb24f2ddb3432223') in 0.007399834 seconds
Number of updated asset objects reloaded before import = 0Number of asset objects unloaded after import = 4

========================================================================
Received Import Request.
  Time since last request: 0.188843 seconds.
  path: Assets/Violet Theme Ui/White Icons/White Flag.png
  artifactKey: Guid(f39592a71622d61498f1e5d04f07a0c6) Importer(815301076,1909f56bfc062723c751e8b465ee728b)
Start importing Assets/Violet Theme Ui/White Icons/White Flag.png using Guid(f39592a71622d61498f1e5d04f07a0c6) Importer(815301076,1909f56bfc062723c751e8b465ee728b) (PreviewImporter) -> (artifact id: '5c337b8f71964d4c1f9b5e500a033e1e') in 0.007456125 seconds
Number of updated asset objects reloaded before import = 0Number of asset objects unloaded after import = 4

========================================================================
Received Import Request.
  Time since last request: 0.000105 seconds.
  path: Assets/Violet Theme Ui/White Icons/White Friends.png
  artifactKey: Guid(5cc2642d821bdb54bb03592411e3180d) Importer(815301076,1909f56bfc062723c751e8b465ee728b)
Start importing Assets/Violet Theme Ui/White Icons/White Friends.png using Guid(5cc2642d821bdb54bb03592411e3180d) Importer(815301076,1909f56bfc062723c751e8b465ee728b) (PreviewImporter) -> (artifact id: '0b47b60b44efbacd41a75a8d4c7c5898') in 0.0102105 seconds
Number of updated asset objects reloaded before import = 0Number of asset objects unloaded after import = 6

========================================================================
Received Import Request.
  Time since last request: 0.000042 seconds.
  path: Assets/Violet Theme Ui/White Icons/White Forward.png
  artifactKey: Guid(52901ca2290ff9a4f8fe6db407064ab0) Importer(815301076,1909f56bfc062723c751e8b465ee728b)
Start importing Assets/Violet Theme Ui/White Icons/White Forward.png using Guid(52901ca2290ff9a4f8fe6db407064ab0) Importer(815301076,1909f56bfc062723c751e8b465ee728b) (PreviewImporter) -> (artifact id: 'f821173cde8326c5a2c65e8492cab7f4') in 0.00765475 seconds
Number of updated asset objects reloaded before import = 0Number of asset objects unloaded after import = 3

========================================================================
Received Import Request.
  Time since last request: 0.000096 seconds.
  path: Assets/Violet Theme Ui/White Icons/White Folder 2.png
  artifactKey: Guid(b5a4eb1bb81a3c741942fc1012c53fca) Importer(815301076,1909f56bfc062723c751e8b465ee728b)
Start importing Assets/Violet Theme Ui/White Icons/White Folder 2.png using Guid(b5a4eb1bb81a3c741942fc1012c53fca) Importer(815301076,1909f56bfc062723c751e8b465ee728b) (PreviewImporter) -> (artifact id: '3ee79e053ab9c5f5307e8d8c80323804') in 0.00926 seconds
Number of updated asset objects reloaded before import = 0Number of asset objects unloaded after import = 4

========================================================================
Received Import Request.
  Time since last request: 0.417902 seconds.
  path: Assets/Violet Theme Ui/White Icons/White Gear 2.png
  artifactKey: Guid(1aeed7b3f15aff04494ae81ad74349e0) Importer(815301076,1909f56bfc062723c751e8b465ee728b)
Start importing Assets/Violet Theme Ui/White Icons/White Gear 2.png using Guid(1aeed7b3f15aff04494ae81ad74349e0) Importer(815301076,1909f56bfc062723c751e8b465ee728b) (PreviewImporter) -> (artifact id: 'a3d8335788d1b2d8ac4437177866dc7f') in 0.005921167 seconds
Number of updated asset objects reloaded before import = 0Number of asset objects unloaded after import = 3

========================================================================
Received Import Request.
  Time since last request: 0.000078 seconds.
  path: Assets/Violet Theme Ui/White Icons/White Graduation Cap.png
  artifactKey: Guid(7ed692b56605d6a4489fb866afa88c2c) Importer(815301076,1909f56bfc062723c751e8b465ee728b)
Start importing Assets/Violet Theme Ui/White Icons/White Graduation Cap.png using Guid(7ed692b56605d6a4489fb866afa88c2c) Importer(815301076,1909f56bfc062723c751e8b465ee728b) (PreviewImporter) -> (artifact id: 'ce9a913a8ad381cfc4dabb499b7582c3') in 0.006921959 seconds
Number of updated asset objects reloaded before import = 0Number of asset objects unloaded after import = 4

========================================================================
Received Import Request.
  Time since last request: 0.000053 seconds.
  path: Assets/Violet Theme Ui/White Icons/White Gift.png
  artifactKey: Guid(828cca5c37b17bf4fb0115a66ea7ffb6) Importer(815301076,1909f56bfc062723c751e8b465ee728b)
Start importing Assets/Violet Theme Ui/White Icons/White Gift.png using Guid(828cca5c37b17bf4fb0115a66ea7ffb6) Importer(815301076,1909f56bfc062723c751e8b465ee728b) (PreviewImporter) -> (artifact id: '3f388cdf5b07026e4f8aa14cd399bc65') in 0.012246416 seconds
Number of updated asset objects reloaded before import = 0Number of asset objects unloaded after import = 7

========================================================================
Received Import Request.
  Time since last request: 0.000107 seconds.
  path: Assets/Violet Theme Ui/White Icons/White Globe.png
  artifactKey: Guid(3719bdfb810404b40bb4d15e77f72778) Importer(815301076,1909f56bfc062723c751e8b465ee728b)
Start importing Assets/Violet Theme Ui/White Icons/White Globe.png using Guid(3719bdfb810404b40bb4d15e77f72778) Importer(815301076,1909f56bfc062723c751e8b465ee728b) (PreviewImporter) -> (artifact id: '8d9d6e8b7c2889cc377e2599fd26c51d') in 0.005644458 seconds
Number of updated asset objects reloaded before import = 0Number of asset objects unloaded after import = 3

========================================================================
Received Import Request.
  Time since last request: 0.000040 seconds.
  path: Assets/Violet Theme Ui/White Icons/White Grenade.png
  artifactKey: Guid(13ac418459006ce48a3ce1fb7ca60c10) Importer(815301076,1909f56bfc062723c751e8b465ee728b)
Start importing Assets/Violet Theme Ui/White Icons/White Grenade.png using Guid(13ac418459006ce48a3ce1fb7ca60c10) Importer(815301076,1909f56bfc062723c751e8b465ee728b) (PreviewImporter) -> (artifact id: '7928a22e9eebc6b313b0c186b88ed06d') in 0.008334792 seconds
Number of updated asset objects reloaded before import = 0Number of asset objects unloaded after import = 5

========================================================================
Received Import Request.
  Time since last request: 0.000032 seconds.
  path: Assets/Violet Theme Ui/White Icons/White Heart 1.png
  artifactKey: Guid(6f5abd65dca112a48b0810ccf5f57edd) Importer(815301076,1909f56bfc062723c751e8b465ee728b)
Start importing Assets/Violet Theme Ui/White Icons/White Heart 1.png using Guid(6f5abd65dca112a48b0810ccf5f57edd) Importer(815301076,1909f56bfc062723c751e8b465ee728b) (PreviewImporter) -> (artifact id: '54069aa77a20dd7373a9ea06b1672b10') in 0.005814667 seconds
Number of updated asset objects reloaded before import = 0Number of asset objects unloaded after import = 3

========================================================================
Received Import Request.
  Time since last request: 0.000121 seconds.
  path: Assets/Violet Theme Ui/White Icons/White Headphones.png
  artifactKey: Guid(9113aaade7275c84e8db8940dba1186a) Importer(815301076,1909f56bfc062723c751e8b465ee728b)
Start importing Assets/Violet Theme Ui/White Icons/White Headphones.png using Guid(9113aaade7275c84e8db8940dba1186a) Importer(815301076,1909f56bfc062723c751e8b465ee728b) (PreviewImporter) -> (artifact id: 'a71431f74132e742bdd27b0df5848f84') in 0.010742208 seconds
Number of updated asset objects reloaded before import = 0Number of asset objects unloaded after import = 5

========================================================================
Received Import Request.
  Time since last request: 0.000062 seconds.
  path: Assets/Violet Theme Ui/White Icons/White Hamer.png
  artifactKey: Guid(fd805f384f399104aa94cb9bd6fb9d20) Importer(815301076,1909f56bfc062723c751e8b465ee728b)
Start importing Assets/Violet Theme Ui/White Icons/White Hamer.png using Guid(fd805f384f399104aa94cb9bd6fb9d20) Importer(815301076,1909f56bfc062723c751e8b465ee728b) (PreviewImporter) -> (artifact id: 'f322f639b62e1f03757454c24cc5380d') in 0.0104615 seconds
Number of updated asset objects reloaded before import = 0Number of asset objects unloaded after import = 6

========================================================================
Received Import Request.
  Time since last request: 0.000082 seconds.
  path: Assets/Violet Theme Ui/White Icons/White Gem 2.png
  artifactKey: Guid(37d7ae99dc83d1d4887fb685af0baea7) Importer(815301076,1909f56bfc062723c751e8b465ee728b)
Start importing Assets/Violet Theme Ui/White Icons/White Gem 2.png using Guid(37d7ae99dc83d1d4887fb685af0baea7) Importer(815301076,1909f56bfc062723c751e8b465ee728b) (PreviewImporter) -> (artifact id: '6818c2ab0321dc10ea24a2b1032ba15a') in 0.02223375 seconds
Number of updated asset objects reloaded before import = 0Number of asset objects unloaded after import = 10

========================================================================
Received Import Request.
  Time since last request: 0.023184 seconds.
  path: Assets/Violet Theme Ui/White Icons/White Helmet 2.png
  artifactKey: Guid(e48adbf0233bd3748bf697c59dc0d44e) Importer(815301076,1909f56bfc062723c751e8b465ee728b)
Start importing Assets/Violet Theme Ui/White Icons/White Helmet 2.png using Guid(e48adbf0233bd3748bf697c59dc0d44e) Importer(815301076,1909f56bfc062723c751e8b465ee728b) (PreviewImporter) -> (artifact id: '2d990ec4f0db08c84c53d3aec6a9f915') in 0.005762375 seconds
Number of updated asset objects reloaded before import = 0Number of asset objects unloaded after import = 3

========================================================================
Received Import Request.
  Time since last request: 0.000059 seconds.
  path: Assets/Violet Theme Ui/White Icons/White Hour Glass.png
  artifactKey: Guid(e5c15330b713be442b72f8974adc8030) Importer(815301076,1909f56bfc062723c751e8b465ee728b)
Start importing Assets/Violet Theme Ui/White Icons/White Hour Glass.png using Guid(e5c15330b713be442b72f8974adc8030) Importer(815301076,1909f56bfc062723c751e8b465ee728b) (PreviewImporter) -> (artifact id: '5cf13da00a911e60d704b9056c9be561') in 0.0056895 seconds
Number of updated asset objects reloaded before import = 0Number of asset objects unloaded after import = 3

========================================================================
Received Import Request.
  Time since last request: 0.000048 seconds.
  path: Assets/Violet Theme Ui/White Icons/White Home 3.png
  artifactKey: Guid(14b98b7c72e2b9c45bdedc8ad103da84) Importer(815301076,1909f56bfc062723c751e8b465ee728b)
Start importing Assets/Violet Theme Ui/White Icons/White Home 3.png using Guid(14b98b7c72e2b9c45bdedc8ad103da84) Importer(815301076,1909f56bfc062723c751e8b465ee728b) (PreviewImporter) -> (artifact id: 'd6829483d80c0664f67280bcb77fbcab') in 0.0057365 seconds
Number of updated asset objects reloaded before import = 0Number of asset objects unloaded after import = 3

========================================================================
Received Import Request.
  Time since last request: 0.000067 seconds.
  path: Assets/Violet Theme Ui/White Icons/White Infinite Symbol.png
  artifactKey: Guid(0e70e078c52c4a34394c154f5f18c19b) Importer(815301076,1909f56bfc062723c751e8b465ee728b)
Start importing Assets/Violet Theme Ui/White Icons/White Infinite Symbol.png using Guid(0e70e078c52c4a34394c154f5f18c19b) Importer(815301076,1909f56bfc062723c751e8b465ee728b) (PreviewImporter) -> (artifact id: 'eb3c1c77d392c5be1c1f442542180373') in 0.006062417 seconds
Number of updated asset objects reloaded before import = 0Number of asset objects unloaded after import = 3

========================================================================
Received Import Request.
  Time since last request: 0.000067 seconds.
  path: Assets/Violet Theme Ui/White Icons/White Home 2.png
  artifactKey: Guid(df24dafd912b74541a2f6333895a2ff5) Importer(815301076,1909f56bfc062723c751e8b465ee728b)
Start importing Assets/Violet Theme Ui/White Icons/White Home 2.png using Guid(df24dafd912b74541a2f6333895a2ff5) Importer(815301076,1909f56bfc062723c751e8b465ee728b) (PreviewImporter) -> (artifact id: '15cb4e547992d41b39376d3388a704b1') in 0.006588125 seconds
Number of updated asset objects reloaded before import = 0Number of asset objects unloaded after import = 3

========================================================================
Received Import Request.
  Time since last request: 0.069651 seconds.
  path: Assets/Violet Theme Ui/White Icons/White Information.png
  artifactKey: Guid(7ed4c93d3afd02545b55f22fda5c1a6b) Importer(815301076,1909f56bfc062723c751e8b465ee728b)
Start importing Assets/Violet Theme Ui/White Icons/White Information.png using Guid(7ed4c93d3afd02545b55f22fda5c1a6b) Importer(815301076,1909f56bfc062723c751e8b465ee728b) (PreviewImporter) -> (artifact id: '3a8c87a0289550a0969dcc163795f89d') in 0.007689084 seconds
Number of updated asset objects reloaded before import = 0Number of asset objects unloaded after import = 4

========================================================================
Received Import Request.
  Time since last request: 0.000103 seconds.
  path: Assets/Violet Theme Ui/White Icons/White Knight.png
  artifactKey: Guid(af110be8027e357439d474cf14816c44) Importer(815301076,1909f56bfc062723c751e8b465ee728b)
Start importing Assets/Violet Theme Ui/White Icons/White Knight.png using Guid(af110be8027e357439d474cf14816c44) Importer(815301076,1909f56bfc062723c751e8b465ee728b) (PreviewImporter) -> (artifact id: '9780d6876bcacfb21d2558953ef30fa2') in 0.007344542 seconds
Number of updated asset objects reloaded before import = 0Number of asset objects unloaded after import = 4

========================================================================
Received Import Request.
  Time since last request: 0.000067 seconds.
  path: Assets/Violet Theme Ui/White Icons/White Level 1.png
  artifactKey: Guid(e58ceeab5aeac584f8787dd019512adb) Importer(815301076,1909f56bfc062723c751e8b465ee728b)
Start importing Assets/Violet Theme Ui/White Icons/White Level 1.png using Guid(e58ceeab5aeac584f8787dd019512adb) Importer(815301076,1909f56bfc062723c751e8b465ee728b) (PreviewImporter) -> (artifact id: '390ebe569bcefb1e949506afe3451291') in 0.007797458 seconds
Number of updated asset objects reloaded before import = 0Number of asset objects unloaded after import = 5

========================================================================
Received Import Request.
  Time since last request: 0.000142 seconds.
  path: Assets/Violet Theme Ui/White Icons/White Key.png
  artifactKey: Guid(decd9f9d258a2a846af4921e94195170) Importer(815301076,1909f56bfc062723c751e8b465ee728b)
Start importing Assets/Violet Theme Ui/White Icons/White Key.png using Guid(decd9f9d258a2a846af4921e94195170) Importer(815301076,1909f56bfc062723c751e8b465ee728b) (PreviewImporter) -> (artifact id: '988942aa1d24f990a8a4c75d9f2bebaa') in 0.007144792 seconds
Number of updated asset objects reloaded before import = 0Number of asset objects unloaded after import = 3

========================================================================
Received Import Request.
  Time since last request: 0.095823 seconds.
  path: Assets/Violet Theme Ui/White Icons/White Light.png
  artifactKey: Guid(bb9e6f3dfe556f944bd5b17e5bca4877) Importer(815301076,1909f56bfc062723c751e8b465ee728b)
Start importing Assets/Violet Theme Ui/White Icons/White Light.png using Guid(bb9e6f3dfe556f944bd5b17e5bca4877) Importer(815301076,1909f56bfc062723c751e8b465ee728b) (PreviewImporter) -> (artifact id: '59455ea0860613b8d3007292d06f61b4') in 0.009284167 seconds
Number of updated asset objects reloaded before import = 0Number of asset objects unloaded after import = 5

========================================================================
Received Import Request.
  Time since last request: 0.000038 seconds.
  path: Assets/Violet Theme Ui/White Icons/White Lock.png
  artifactKey: Guid(8475a027dba8b0f4aabc4ddb1462b53c) Importer(815301076,1909f56bfc062723c751e8b465ee728b)
Start importing Assets/Violet Theme Ui/White Icons/White Lock.png using Guid(8475a027dba8b0f4aabc4ddb1462b53c) Importer(815301076,1909f56bfc062723c751e8b465ee728b) (PreviewImporter) -> (artifact id: 'cfb2e55452cf30e7a9820ab904712abf') in 0.004255458 seconds
Number of updated asset objects reloaded before import = 0Number of asset objects unloaded after import = 3

========================================================================
Received Import Request.
  Time since last request: 0.000036 seconds.
  path: Assets/Violet Theme Ui/White Icons/White Mace.png
  artifactKey: Guid(0fa130f929ff66d4c81226692bc322f6) Importer(815301076,1909f56bfc062723c751e8b465ee728b)
Start importing Assets/Violet Theme Ui/White Icons/White Mace.png using Guid(0fa130f929ff66d4c81226692bc322f6) Importer(815301076,1909f56bfc062723c751e8b465ee728b) (PreviewImporter) -> (artifact id: 'b6b76368d11dc5501f35bfd4143f2289') in 0.004901875 seconds
Number of updated asset objects reloaded before import = 0Number of asset objects unloaded after import = 3

========================================================================
Received Import Request.
  Time since last request: 0.000038 seconds.
  path: Assets/Violet Theme Ui/White Icons/White Male.png
  artifactKey: Guid(c2c5252666104414c832c260c24493c7) Importer(815301076,1909f56bfc062723c751e8b465ee728b)
Start importing Assets/Violet Theme Ui/White Icons/White Male.png using Guid(c2c5252666104414c832c260c24493c7) Importer(815301076,1909f56bfc062723c751e8b465ee728b) (PreviewImporter) -> (artifact id: 'a37e9c5d2044842d0b32ec70c385bade') in 0.005163542 seconds
Number of updated asset objects reloaded before import = 0Number of asset objects unloaded after import = 3

========================================================================
Received Import Request.
  Time since last request: 0.000092 seconds.
  path: Assets/Violet Theme Ui/White Icons/White Magnet.png
  artifactKey: Guid(8cfada4c89eaa6c4685c523b514b7796) Importer(815301076,1909f56bfc062723c751e8b465ee728b)
Start importing Assets/Violet Theme Ui/White Icons/White Magnet.png using Guid(8cfada4c89eaa6c4685c523b514b7796) Importer(815301076,1909f56bfc062723c751e8b465ee728b) (PreviewImporter) -> (artifact id: 'a435d5b1f5526ad242702b80cb694d20') in 0.008545542 seconds
Number of updated asset objects reloaded before import = 0Number of asset objects unloaded after import = 5

========================================================================
Received Import Request.
  Time since last request: 19.706970 seconds.
  path: Assets/Violet Theme Ui/White Icons/White Map.png
  artifactKey: Guid(6ab2652817e8d1b42b2c7a3e1c555f7e) Importer(815301076,1909f56bfc062723c751e8b465ee728b)
Start importing Assets/Violet Theme Ui/White Icons/White Map.png using Guid(6ab2652817e8d1b42b2c7a3e1c555f7e) Importer(815301076,1909f56bfc062723c751e8b465ee728b) (PreviewImporter) -> (artifact id: '55aef271eeab03642b02c8fcacc4cf16') in 0.008894416 seconds
Number of updated asset objects reloaded before import = 0Number of asset objects unloaded after import = 5

========================================================================
Received Import Request.
  Time since last request: 0.000076 seconds.
  path: Assets/Violet Theme Ui/White Icons/White Message.png
  artifactKey: Guid(d032ff88ecf591b4cbf3e791f3769181) Importer(815301076,1909f56bfc062723c751e8b465ee728b)
Start importing Assets/Violet Theme Ui/White Icons/White Message.png using Guid(d032ff88ecf591b4cbf3e791f3769181) Importer(815301076,1909f56bfc062723c751e8b465ee728b) (PreviewImporter) -> (artifact id: '04697ef0856231feba1a4c64ef56274b') in 0.005428166 seconds
Number of updated asset objects reloaded before import = 0Number of asset objects unloaded after import = 3

========================================================================
Received Import Request.
  Time since last request: 0.000048 seconds.
  path: Assets/Violet Theme Ui/White Icons/White Menu 3.png
  artifactKey: Guid(a658b22019914c143bc514cc39cf1f11) Importer(815301076,1909f56bfc062723c751e8b465ee728b)
Start importing Assets/Violet Theme Ui/White Icons/White Menu 3.png using Guid(a658b22019914c143bc514cc39cf1f11) Importer(815301076,1909f56bfc062723c751e8b465ee728b) (PreviewImporter) -> (artifact id: '71634fb16fd0ff7aafed1d3cad62bd0b') in 0.0111645 seconds
Number of updated asset objects reloaded before import = 0Number of asset objects unloaded after import = 6

========================================================================
Received Import Request.
  Time since last request: 0.000051 seconds.
  path: Assets/Violet Theme Ui/White Icons/White Minus.png
  artifactKey: Guid(27eb7f3519e41f54a9f3b4a0c2f790ac) Importer(815301076,1909f56bfc062723c751e8b465ee728b)
Start importing Assets/Violet Theme Ui/White Icons/White Minus.png using Guid(27eb7f3519e41f54a9f3b4a0c2f790ac) Importer(815301076,1909f56bfc062723c751e8b465ee728b) (PreviewImporter) -> (artifact id: '0db9697239a083cbffd45f418668eac5') in 0.005506709 seconds
Number of updated asset objects reloaded before import = 0Number of asset objects unloaded after import = 3

========================================================================
Received Import Request.
  Time since last request: 0.014595 seconds.
  path: Assets/Violet Theme Ui/White Icons/White Minus 2.png
  artifactKey: Guid(5471116528f32a34fa7ffbc8cf3a6fab) Importer(815301076,1909f56bfc062723c751e8b465ee728b)
Start importing Assets/Violet Theme Ui/White Icons/White Minus 2.png using Guid(5471116528f32a34fa7ffbc8cf3a6fab) Importer(815301076,1909f56bfc062723c751e8b465ee728b) (PreviewImporter) -> (artifact id: '291dd0d13dd04c425ba10461d4708f65') in 0.0058635 seconds
Number of updated asset objects reloaded before import = 0Number of asset objects unloaded after import = 3

========================================================================
Received Import Request.
  Time since last request: 0.000109 seconds.
  path: Assets/Violet Theme Ui/White Icons/White Move Down.png
  artifactKey: Guid(799826695b4a66944af28bcf6d795c0d) Importer(815301076,1909f56bfc062723c751e8b465ee728b)
Start importing Assets/Violet Theme Ui/White Icons/White Move Down.png using Guid(799826695b4a66944af28bcf6d795c0d) Importer(815301076,1909f56bfc062723c751e8b465ee728b) (PreviewImporter) -> (artifact id: '4bcbc09a5aed1043adbd49b510ec0f9b') in 0.005038458 seconds
Number of updated asset objects reloaded before import = 0Number of asset objects unloaded after import = 3

========================================================================
Received Import Request.
  Time since last request: 0.000047 seconds.
  path: Assets/Violet Theme Ui/White Icons/White Move LeftRight.png
  artifactKey: Guid(2e885d607179f424baafbef88f29e8cb) Importer(815301076,1909f56bfc062723c751e8b465ee728b)
Start importing Assets/Violet Theme Ui/White Icons/White Move LeftRight.png using Guid(2e885d607179f424baafbef88f29e8cb) Importer(815301076,1909f56bfc062723c751e8b465ee728b) (PreviewImporter) -> (artifact id: 'ad54c74d1119f7b52eb37164752a59c8') in 0.006355125 seconds
Number of updated asset objects reloaded before import = 0Number of asset objects unloaded after import = 4

========================================================================
Received Import Request.
  Time since last request: 0.000054 seconds.
  path: Assets/Violet Theme Ui/White Icons/White Monitor.png
  artifactKey: Guid(e160623cf5e16be45bf70ca4a5296f90) Importer(815301076,1909f56bfc062723c751e8b465ee728b)
Start importing Assets/Violet Theme Ui/White Icons/White Monitor.png using Guid(e160623cf5e16be45bf70ca4a5296f90) Importer(815301076,1909f56bfc062723c751e8b465ee728b) (PreviewImporter) -> (artifact id: 'd55d16106a628a513dc1695fe4a9d7f9') in 0.0075395 seconds
Number of updated asset objects reloaded before import = 0Number of asset objects unloaded after import = 4

========================================================================
Received Import Request.
  Time since last request: 0.000050 seconds.
  path: Assets/Violet Theme Ui/White Icons/White Mountains.png
  artifactKey: Guid(69824fda0c31e1641a76ea54c6d0bc00) Importer(815301076,1909f56bfc062723c751e8b465ee728b)
Start importing Assets/Violet Theme Ui/White Icons/White Mountains.png using Guid(69824fda0c31e1641a76ea54c6d0bc00) Importer(815301076,1909f56bfc062723c751e8b465ee728b) (PreviewImporter) -> (artifact id: '30cc163e7cd23822a84ac5a252ef1224') in 0.006379083 seconds
Number of updated asset objects reloaded before import = 0Number of asset objects unloaded after import = 4

========================================================================
Received Import Request.
  Time since last request: 0.449139 seconds.
  path: Assets/Violet Theme Ui/White Icons/White Move Up.png
  artifactKey: Guid(f4bd5c14857777c448334cc301584a75) Importer(815301076,1909f56bfc062723c751e8b465ee728b)
Start importing Assets/Violet Theme Ui/White Icons/White Move Up.png using Guid(f4bd5c14857777c448334cc301584a75) Importer(815301076,1909f56bfc062723c751e8b465ee728b) (PreviewImporter) -> (artifact id: '2b0d22e342a2a9a23251fbd7af91e534') in 0.006077625 seconds
Number of updated asset objects reloaded before import = 0Number of asset objects unloaded after import = 3

========================================================================
Received Import Request.
  Time since last request: 0.000044 seconds.
  path: Assets/Violet Theme Ui/White Icons/White Music.png
  artifactKey: Guid(e1fae94be64d32249a3a7de030d185db) Importer(815301076,1909f56bfc062723c751e8b465ee728b)
Start importing Assets/Violet Theme Ui/White Icons/White Music.png using Guid(e1fae94be64d32249a3a7de030d185db) Importer(815301076,1909f56bfc062723c751e8b465ee728b) (PreviewImporter) -> (artifact id: 'd7243abe1523bb0a06f7ea14a4a8f807') in 0.005515333 seconds
Number of updated asset objects reloaded before import = 0Number of asset objects unloaded after import = 3

========================================================================
Received Import Request.
  Time since last request: 0.000120 seconds.
  path: Assets/Violet Theme Ui/White Icons/White Music Off.png
  artifactKey: Guid(3b39c6521dd757648875454a29c11a0e) Importer(815301076,1909f56bfc062723c751e8b465ee728b)
Start importing Assets/Violet Theme Ui/White Icons/White Music Off.png using Guid(3b39c6521dd757648875454a29c11a0e) Importer(815301076,1909f56bfc062723c751e8b465ee728b) (PreviewImporter) -> (artifact id: '8441b6d4497c2e33a552f1301879f364') in 0.008816083 seconds
Number of updated asset objects reloaded before import = 0Number of asset objects unloaded after import = 5

========================================================================
Received Import Request.
  Time since last request: 0.000048 seconds.
  path: Assets/Violet Theme Ui/White Icons/White Open File.png
  artifactKey: Guid(ef58019bad7807243a2f6b2b6eb29f27) Importer(815301076,1909f56bfc062723c751e8b465ee728b)
Start importing Assets/Violet Theme Ui/White Icons/White Open File.png using Guid(ef58019bad7807243a2f6b2b6eb29f27) Importer(815301076,1909f56bfc062723c751e8b465ee728b) (PreviewImporter) -> (artifact id: 'db721ad2905b69aebb54d19ca64aedda') in 0.008483459 seconds
Number of updated asset objects reloaded before import = 0Number of asset objects unloaded after import = 4

========================================================================
Received Import Request.
  Time since last request: 0.000035 seconds.
  path: Assets/Violet Theme Ui/White Icons/White Number Sign.png
  artifactKey: Guid(8d4e5c67b99afd5449e950322516ba1c) Importer(815301076,1909f56bfc062723c751e8b465ee728b)
Start importing Assets/Violet Theme Ui/White Icons/White Number Sign.png using Guid(8d4e5c67b99afd5449e950322516ba1c) Importer(815301076,1909f56bfc062723c751e8b465ee728b) (PreviewImporter) -> (artifact id: '3912167cbcb111821cf8a40e3621bc90') in 0.005679167 seconds
Number of updated asset objects reloaded before import = 0Number of asset objects unloaded after import = 3

========================================================================
Received Import Request.
  Time since last request: 0.022442 seconds.
  path: Assets/Violet Theme Ui/White Icons/White Party Pop.png
  artifactKey: Guid(1b02e53e456c7b748b2d80a944d048d1) Importer(815301076,1909f56bfc062723c751e8b465ee728b)
Start importing Assets/Violet Theme Ui/White Icons/White Party Pop.png using Guid(1b02e53e456c7b748b2d80a944d048d1) Importer(815301076,1909f56bfc062723c751e8b465ee728b) (PreviewImporter) -> (artifact id: '6be160e42bdbadb338d663493ba304a4') in 0.01492675 seconds
Number of updated asset objects reloaded before import = 0Number of asset objects unloaded after import = 8

========================================================================
Received Import Request.
  Time since last request: 0.000054 seconds.
  path: Assets/Violet Theme Ui/White Icons/White Pawn.png
  artifactKey: Guid(a24ccb868ebceb444b062f08e7d6afd7) Importer(815301076,1909f56bfc062723c751e8b465ee728b)
Start importing Assets/Violet Theme Ui/White Icons/White Pawn.png using Guid(a24ccb868ebceb444b062f08e7d6afd7) Importer(815301076,1909f56bfc062723c751e8b465ee728b) (PreviewImporter) -> (artifact id: '52bc32ea994b2e8585651596eb2d1775') in 0.007793375 seconds
Number of updated asset objects reloaded before import = 0Number of asset objects unloaded after import = 4

========================================================================
Received Import Request.
  Time since last request: 0.000062 seconds.
  path: Assets/Violet Theme Ui/White Icons/White Pen 3.png
  artifactKey: Guid(1d01e07c768243c47856aba5511eee63) Importer(815301076,1909f56bfc062723c751e8b465ee728b)
Start importing Assets/Violet Theme Ui/White Icons/White Pen 3.png using Guid(1d01e07c768243c47856aba5511eee63) Importer(815301076,1909f56bfc062723c751e8b465ee728b) (PreviewImporter) -> (artifact id: 'e2d2697931277bb87022e4c1b2eb246b') in 0.007674959 seconds
Number of updated asset objects reloaded before import = 0Number of asset objects unloaded after import = 4

========================================================================
Received Import Request.
  Time since last request: 0.000052 seconds.
  path: Assets/Violet Theme Ui/White Icons/White Pen 2.png
  artifactKey: Guid(69e2f2307b0899a42b732adfca11d753) Importer(815301076,1909f56bfc062723c751e8b465ee728b)
Start importing Assets/Violet Theme Ui/White Icons/White Pen 2.png using Guid(69e2f2307b0899a42b732adfca11d753) Importer(815301076,1909f56bfc062723c751e8b465ee728b) (PreviewImporter) -> (artifact id: '48db2afb0f5cd170f13c8005d43c64ad') in 0.009110375 seconds
Number of updated asset objects reloaded before import = 0Number of asset objects unloaded after import = 5

========================================================================
Received Import Request.
  Time since last request: 0.032721 seconds.
  path: Assets/Violet Theme Ui/White Icons/White Person 2.png
  artifactKey: Guid(f89f2f103f2d86a4e84ec602cb32cb14) Importer(815301076,1909f56bfc062723c751e8b465ee728b)
Start importing Assets/Violet Theme Ui/White Icons/White Person 2.png using Guid(f89f2f103f2d86a4e84ec602cb32cb14) Importer(815301076,1909f56bfc062723c751e8b465ee728b) (PreviewImporter) -> (artifact id: '4d1b6e314ac9d65f87c1b0f221c3db62') in 0.006725042 seconds
Number of updated asset objects reloaded before import = 0Number of asset objects unloaded after import = 4

========================================================================
Received Import Request.
  Time since last request: 0.000074 seconds.
  path: Assets/Violet Theme Ui/White Icons/White Pin.png
  artifactKey: Guid(d5296110490fa694fa53a9c4eae0c358) Importer(815301076,1909f56bfc062723c751e8b465ee728b)
Start importing Assets/Violet Theme Ui/White Icons/White Pin.png using Guid(d5296110490fa694fa53a9c4eae0c358) Importer(815301076,1909f56bfc062723c751e8b465ee728b) (PreviewImporter) -> (artifact id: '895903273e348bd1678c0a94f7c78c34') in 0.006694917 seconds
Number of updated asset objects reloaded before import = 0Number of asset objects unloaded after import = 4

========================================================================
Received Import Request.
  Time since last request: 0.000036 seconds.
  path: Assets/Violet Theme Ui/White Icons/White Picture.png
  artifactKey: Guid(2ca81cad14bb89840ab5fd4900af2738) Importer(815301076,1909f56bfc062723c751e8b465ee728b)
Start importing Assets/Violet Theme Ui/White Icons/White Picture.png using Guid(2ca81cad14bb89840ab5fd4900af2738) Importer(815301076,1909f56bfc062723c751e8b465ee728b) (PreviewImporter) -> (artifact id: 'f472ea7e80d57813e198dd82af863ff8') in 0.005163583 seconds
Number of updated asset objects reloaded before import = 0Number of asset objects unloaded after import = 3

========================================================================
Received Import Request.
  Time since last request: 0.000053 seconds.
  path: Assets/Violet Theme Ui/White Icons/White Pinterest.png
  artifactKey: Guid(3e6e0b06e1cac4a45a7b82f5e1d8efa6) Importer(815301076,1909f56bfc062723c751e8b465ee728b)
Start importing Assets/Violet Theme Ui/White Icons/White Pinterest.png using Guid(3e6e0b06e1cac4a45a7b82f5e1d8efa6) Importer(815301076,1909f56bfc062723c751e8b465ee728b) (PreviewImporter) -> (artifact id: '2e1e3bcb23b6bd8647c0736f5fd1cf0a') in 0.006052667 seconds
Number of updated asset objects reloaded before import = 0Number of asset objects unloaded after import = 3

========================================================================
Received Import Request.
  Time since last request: 0.000060 seconds.
  path: Assets/Violet Theme Ui/White Icons/White Piggy Bank.png
  artifactKey: Guid(061442d1f24608047be37864c44902f0) Importer(815301076,1909f56bfc062723c751e8b465ee728b)
Start importing Assets/Violet Theme Ui/White Icons/White Piggy Bank.png using Guid(061442d1f24608047be37864c44902f0) Importer(815301076,1909f56bfc062723c751e8b465ee728b) (PreviewImporter) -> (artifact id: 'ff4964f48b011633719836730a770fb0') in 0.00877925 seconds
Number of updated asset objects reloaded before import = 0Number of asset objects unloaded after import = 4

========================================================================
Received Import Request.
  Time since last request: 0.057782 seconds.
  path: Assets/Violet Theme Ui/White Icons/White Planet.png
  artifactKey: Guid(a6ee27f83200c8c42b308dd9b14ab21a) Importer(815301076,1909f56bfc062723c751e8b465ee728b)
Start importing Assets/Violet Theme Ui/White Icons/White Planet.png using Guid(a6ee27f83200c8c42b308dd9b14ab21a) Importer(815301076,1909f56bfc062723c751e8b465ee728b) (PreviewImporter) -> (artifact id: 'a7058cc6bda3c5ba7a5dc1f7f4fd18e7') in 0.0087765 seconds
Number of updated asset objects reloaded before import = 0Number of asset objects unloaded after import = 5

========================================================================
Received Import Request.
  Time since last request: 0.000047 seconds.
  path: Assets/Violet Theme Ui/White Icons/White Pop Corn.png
  artifactKey: Guid(d011443796b1cff429909e1ef19a7d12) Importer(815301076,1909f56bfc062723c751e8b465ee728b)
Start importing Assets/Violet Theme Ui/White Icons/White Pop Corn.png using Guid(d011443796b1cff429909e1ef19a7d12) Importer(815301076,1909f56bfc062723c751e8b465ee728b) (PreviewImporter) -> (artifact id: '8176a1c3bfc9bf965ec742722a47ada4') in 0.010479583 seconds
Number of updated asset objects reloaded before import = 0Number of asset objects unloaded after import = 6

========================================================================
Received Import Request.
  Time since last request: 0.000117 seconds.
  path: Assets/Violet Theme Ui/White Icons/White Plug.png
  artifactKey: Guid(91e58547bbd294447bccbda4fe308456) Importer(815301076,1909f56bfc062723c751e8b465ee728b)
Start importing Assets/Violet Theme Ui/White Icons/White Plug.png using Guid(91e58547bbd294447bccbda4fe308456) Importer(815301076,1909f56bfc062723c751e8b465ee728b) (PreviewImporter) -> (artifact id: 'a65fb6252a1181eedb8cfce2b2c2d67b') in 0.010210166 seconds
Number of updated asset objects reloaded before import = 0Number of asset objects unloaded after import = 6

========================================================================
Received Import Request.
  Time since last request: 0.000060 seconds.
  path: Assets/Violet Theme Ui/White Icons/White Playstore.png
  artifactKey: Guid(16f30bce7bc91874a99e63484aca9c88) Importer(815301076,1909f56bfc062723c751e8b465ee728b)
Start importing Assets/Violet Theme Ui/White Icons/White Playstore.png using Guid(16f30bce7bc91874a99e63484aca9c88) Importer(815301076,1909f56bfc062723c751e8b465ee728b) (PreviewImporter) -> (artifact id: '9973ca5f300f6a856cb541621a309699') in 0.010467375 seconds
Number of updated asset objects reloaded before import = 0Number of asset objects unloaded after import = 6

========================================================================
Received Import Request.
  Time since last request: 0.458970 seconds.
  path: Assets/Violet Theme Ui/White Icons/White Potion 2.png
  artifactKey: Guid(e6082e9f59564a14a91698ee86a4463e) Importer(815301076,1909f56bfc062723c751e8b465ee728b)
Start importing Assets/Violet Theme Ui/White Icons/White Potion 2.png using Guid(e6082e9f59564a14a91698ee86a4463e) Importer(815301076,1909f56bfc062723c751e8b465ee728b) (PreviewImporter) -> (artifact id: '18ef5a8a9fb8325d72c6e2e40def8532') in 0.008352709 seconds
Number of updated asset objects reloaded before import = 0Number of asset objects unloaded after import = 4

========================================================================
Received Import Request.
  Time since last request: 0.000102 seconds.
  path: Assets/Violet Theme Ui/White Icons/White Pumpkin.png
  artifactKey: Guid(8f5885b39f3ad374f836c723ce642ce8) Importer(815301076,1909f56bfc062723c751e8b465ee728b)
Start importing Assets/Violet Theme Ui/White Icons/White Pumpkin.png using Guid(8f5885b39f3ad374f836c723ce642ce8) Importer(815301076,1909f56bfc062723c751e8b465ee728b) (PreviewImporter) -> (artifact id: 'de4a09fdc3ba392bf3aff567439e6460') in 0.005896583 seconds
Number of updated asset objects reloaded before import = 0Number of asset objects unloaded after import = 3

========================================================================
Received Import Request.
  Time since last request: 0.000044 seconds.
  path: Assets/Violet Theme Ui/White Icons/White Pound Sign.png
  artifactKey: Guid(c43d9c4d70f1b9a4eb4b8cb81c259094) Importer(815301076,1909f56bfc062723c751e8b465ee728b)
Start importing Assets/Violet Theme Ui/White Icons/White Pound Sign.png using Guid(c43d9c4d70f1b9a4eb4b8cb81c259094) Importer(815301076,1909f56bfc062723c751e8b465ee728b) (PreviewImporter) -> (artifact id: 'a7683dcd8671c8cb447e6309749f3186') in 0.005861875 seconds
Number of updated asset objects reloaded before import = 0Number of asset objects unloaded after import = 3

========================================================================
Received Import Request.
  Time since last request: 0.000062 seconds.
  path: Assets/Violet Theme Ui/White Icons/White Power Button.png
  artifactKey: Guid(e3f607666c913c045844df458b85726a) Importer(815301076,1909f56bfc062723c751e8b465ee728b)
Start importing Assets/Violet Theme Ui/White Icons/White Power Button.png using Guid(e3f607666c913c045844df458b85726a) Importer(815301076,1909f56bfc062723c751e8b465ee728b) (PreviewImporter) -> (artifact id: 'e405cc569875cb341f272125b143fd65') in 0.007146416 seconds
Number of updated asset objects reloaded before import = 0Number of asset objects unloaded after import = 4

========================================================================
Received Import Request.
  Time since last request: 0.000050 seconds.
  path: Assets/Violet Theme Ui/White Icons/White Return 2.png
  artifactKey: Guid(c1cc38a044718ba4ba4bfa2e1538b4d8) Importer(815301076,1909f56bfc062723c751e8b465ee728b)
Start importing Assets/Violet Theme Ui/White Icons/White Return 2.png using Guid(c1cc38a044718ba4ba4bfa2e1538b4d8) Importer(815301076,1909f56bfc062723c751e8b465ee728b) (PreviewImporter) -> (artifact id: '4449ada723ec774259241584311a9540') in 0.006575666 seconds
Number of updated asset objects reloaded before import = 0Number of asset objects unloaded after import = 3

========================================================================
Received Import Request.
  Time since last request: 0.000043 seconds.
  path: Assets/Violet Theme Ui/White Icons/White Questions 1.png
  artifactKey: Guid(e37004e4fdae53043a3a1f5c71bccc4c) Importer(815301076,1909f56bfc062723c751e8b465ee728b)
Start importing Assets/Violet Theme Ui/White Icons/White Questions 1.png using Guid(e37004e4fdae53043a3a1f5c71bccc4c) Importer(815301076,1909f56bfc062723c751e8b465ee728b) (PreviewImporter) -> (artifact id: 'c2c75fcf8e68454f8c906eeb3113ee76') in 0.005581458 seconds
Number of updated asset objects reloaded before import = 0Number of asset objects unloaded after import = 3

========================================================================
Received Import Request.
  Time since last request: 0.000043 seconds.
  path: Assets/Violet Theme Ui/White Icons/White Ranking.png
  artifactKey: Guid(2d80ca6083f79244da972b17fdd5ec52) Importer(815301076,1909f56bfc062723c751e8b465ee728b)
Start importing Assets/Violet Theme Ui/White Icons/White Ranking.png using Guid(2d80ca6083f79244da972b17fdd5ec52) Importer(815301076,1909f56bfc062723c751e8b465ee728b) (PreviewImporter) -> (artifact id: '1d76e5333f0a80d24387d3494bc5ff3c') in 0.006087708 seconds
Number of updated asset objects reloaded before import = 0Number of asset objects unloaded after import = 3

========================================================================
Received Import Request.
  Time since last request: 0.000048 seconds.
  path: Assets/Violet Theme Ui/White Icons/White Queen.png
  artifactKey: Guid(e37d5fd01420f654a8b821953b2d053b) Importer(815301076,1909f56bfc062723c751e8b465ee728b)
Start importing Assets/Violet Theme Ui/White Icons/White Queen.png using Guid(e37d5fd01420f654a8b821953b2d053b) Importer(815301076,1909f56bfc062723c751e8b465ee728b) (PreviewImporter) -> (artifact id: '87eadf2220032734ed65c0222890cd13') in 0.009662458 seconds
Number of updated asset objects reloaded before import = 0Number of asset objects unloaded after import = 5

========================================================================
Received Import Request.
  Time since last request: 0.000068 seconds.
  path: Assets/Violet Theme Ui/White Icons/White Power Up 2.png
  artifactKey: Guid(fc31fafa8d6555d4dbd7d0d4c4c0d2d8) Importer(815301076,1909f56bfc062723c751e8b465ee728b)
Start importing Assets/Violet Theme Ui/White Icons/White Power Up 2.png using Guid(fc31fafa8d6555d4dbd7d0d4c4c0d2d8) Importer(815301076,1909f56bfc062723c751e8b465ee728b) (PreviewImporter) -> (artifact id: 'ed6c51b8bf59810f6f1cfcd5931f2afc') in 0.014046708 seconds
Number of updated asset objects reloaded before import = 0Number of asset objects unloaded after import = 7

========================================================================
Received Import Request.
  Time since last request: 0.000036 seconds.
  path: Assets/Violet Theme Ui/White Icons/White Rocket.png
  artifactKey: Guid(0f97efa1be74f1f48b42d88ad0eb7c16) Importer(815301076,1909f56bfc062723c751e8b465ee728b)
Start importing Assets/Violet Theme Ui/White Icons/White Rocket.png using Guid(0f97efa1be74f1f48b42d88ad0eb7c16) Importer(815301076,1909f56bfc062723c751e8b465ee728b) (PreviewImporter) -> (artifact id: 'e1b3094383d7963475bac27ebf2ce7f0') in 0.010351584 seconds
Number of updated asset objects reloaded before import = 0Number of asset objects unloaded after import = 4

========================================================================
Received Import Request.
  Time since last request: 0.000036 seconds.
  path: Assets/Violet Theme Ui/White Icons/White Sad 2.png
  artifactKey: Guid(62dadbd0ca1177440ba81798078781b7) Importer(815301076,1909f56bfc062723c751e8b465ee728b)
Start importing Assets/Violet Theme Ui/White Icons/White Sad 2.png using Guid(62dadbd0ca1177440ba81798078781b7) Importer(815301076,1909f56bfc062723c751e8b465ee728b) (PreviewImporter) -> (artifact id: '31f8f589bb76ea85b75cac3db3c44d0e') in 0.005818208 seconds
Number of updated asset objects reloaded before import = 0Number of asset objects unloaded after import = 3

========================================================================
Received Import Request.
  Time since last request: 0.000144 seconds.
  path: Assets/Violet Theme Ui/White Icons/White Scissor.png
  artifactKey: Guid(c4728a44280f4a1428bcf614c67b5b13) Importer(815301076,1909f56bfc062723c751e8b465ee728b)
Start importing Assets/Violet Theme Ui/White Icons/White Scissor.png using Guid(c4728a44280f4a1428bcf614c67b5b13) Importer(815301076,1909f56bfc062723c751e8b465ee728b) (PreviewImporter) -> (artifact id: 'c6bd13af62a85ea8f22d2e3a5f2c76ae') in 0.005870041 seconds
Number of updated asset objects reloaded before import = 0Number of asset objects unloaded after import = 3

========================================================================
Received Import Request.
  Time since last request: 0.000050 seconds.
  path: Assets/Violet Theme Ui/White Icons/White Scroll.png
  artifactKey: Guid(bc4f51f15fb0a2a4094b34fa0dd10ff5) Importer(815301076,1909f56bfc062723c751e8b465ee728b)
Start importing Assets/Violet Theme Ui/White Icons/White Scroll.png using Guid(bc4f51f15fb0a2a4094b34fa0dd10ff5) Importer(815301076,1909f56bfc062723c751e8b465ee728b) (PreviewImporter) -> (artifact id: 'ffc99772de8051f63b2edf0e601a497c') in 0.009195667 seconds
Number of updated asset objects reloaded before import = 0Number of asset objects unloaded after import = 5

========================================================================
Received Import Request.
  Time since last request: 0.000095 seconds.
  path: Assets/Violet Theme Ui/White Icons/White Select.png
  artifactKey: Guid(ec6d4013dd0c2c341b85e1f37aecaf15) Importer(815301076,1909f56bfc062723c751e8b465ee728b)
Start importing Assets/Violet Theme Ui/White Icons/White Select.png using Guid(ec6d4013dd0c2c341b85e1f37aecaf15) Importer(815301076,1909f56bfc062723c751e8b465ee728b) (PreviewImporter) -> (artifact id: 'aa9dcbca1fc83c955c0464ad5ebe1be5') in 0.009564125 seconds
Number of updated asset objects reloaded before import = 0Number of asset objects unloaded after import = 5

========================================================================
Received Import Request.
  Time since last request: 0.000048 seconds.
  path: Assets/Violet Theme Ui/White Icons/White Rubble.png
  artifactKey: Guid(3a4d2eb3eb3e8ad4f99b60df0779bd4e) Importer(815301076,1909f56bfc062723c751e8b465ee728b)
Start importing Assets/Violet Theme Ui/White Icons/White Rubble.png using Guid(3a4d2eb3eb3e8ad4f99b60df0779bd4e) Importer(815301076,1909f56bfc062723c751e8b465ee728b) (PreviewImporter) -> (artifact id: '54f47828845b2a6129014ff8037fd6cc') in 0.00563525 seconds
Number of updated asset objects reloaded before import = 0Number of asset objects unloaded after import = 3

========================================================================
Received Import Request.
  Time since last request: 0.000082 seconds.
  path: Assets/Violet Theme Ui/White Icons/White Sad 3.png
  artifactKey: Guid(6497b622777a0104082e8e00b499dd0d) Importer(815301076,1909f56bfc062723c751e8b465ee728b)
Start importing Assets/Violet Theme Ui/White Icons/White Sad 3.png using Guid(6497b622777a0104082e8e00b499dd0d) Importer(815301076,1909f56bfc062723c751e8b465ee728b) (PreviewImporter) -> (artifact id: 'b2800de56c357a98c6a1d135f2d7fa2b') in 0.005792166 seconds
Number of updated asset objects reloaded before import = 0Number of asset objects unloaded after import = 3

========================================================================
Received Import Request.
  Time since last request: 0.000061 seconds.
  path: Assets/Violet Theme Ui/White Icons/White Shop 1.png
  artifactKey: Guid(0f80d17af4c953147b98d8f230285228) Importer(815301076,1909f56bfc062723c751e8b465ee728b)
Start importing Assets/Violet Theme Ui/White Icons/White Shop 1.png using Guid(0f80d17af4c953147b98d8f230285228) Importer(815301076,1909f56bfc062723c751e8b465ee728b) (PreviewImporter) -> (artifact id: '0b1298a84997f961d2bcf1fe32f9635f') in 0.006297542 seconds
Number of updated asset objects reloaded before import = 0Number of asset objects unloaded after import = 4

========================================================================
Received Import Request.
  Time since last request: 0.000035 seconds.
  path: Assets/Violet Theme Ui/White Icons/White Slider 1.png
  artifactKey: Guid(34910f2567c98d84d9e59bed994c6551) Importer(815301076,1909f56bfc062723c751e8b465ee728b)
Start importing Assets/Violet Theme Ui/White Icons/White Slider 1.png using Guid(34910f2567c98d84d9e59bed994c6551) Importer(815301076,1909f56bfc062723c751e8b465ee728b) (PreviewImporter) -> (artifact id: 'cbdcc4e12c0328d17cd76f09b7e08a73') in 0.019515458 seconds
Number of updated asset objects reloaded before import = 0Number of asset objects unloaded after import = 11

========================================================================
Received Import Request.
  Time since last request: 0.000066 seconds.
  path: Assets/Violet Theme Ui/White Icons/White Skype.png
  artifactKey: Guid(a513b77233bb63940b9553eea216af80) Importer(815301076,1909f56bfc062723c751e8b465ee728b)
Start importing Assets/Violet Theme Ui/White Icons/White Skype.png using Guid(a513b77233bb63940b9553eea216af80) Importer(815301076,1909f56bfc062723c751e8b465ee728b) (PreviewImporter) -> (artifact id: 'a431b3a75b986e6bbc82911c01c45020') in 0.005207417 seconds
Number of updated asset objects reloaded before import = 0Number of asset objects unloaded after import = 3

========================================================================
Received Import Request.
  Time since last request: 0.000154 seconds.
  path: Assets/Violet Theme Ui/White Icons/White Site Off.png
  artifactKey: Guid(67dc6f01d20779546b94657ac4a054c4) Importer(815301076,1909f56bfc062723c751e8b465ee728b)
Start importing Assets/Violet Theme Ui/White Icons/White Site Off.png using Guid(67dc6f01d20779546b94657ac4a054c4) Importer(815301076,1909f56bfc062723c751e8b465ee728b) (PreviewImporter) -> (artifact id: '3f93c4a5565fffcd48708276ee4a9707') in 0.007108417 seconds
Number of updated asset objects reloaded before import = 0Number of asset objects unloaded after import = 4

========================================================================
Received Import Request.
  Time since last request: 0.000069 seconds.
  path: Assets/Violet Theme Ui/White Icons/White Right.png
  artifactKey: Guid(aa74ae4519ce50f408e46eb517d1ce34) Importer(815301076,1909f56bfc062723c751e8b465ee728b)
Start importing Assets/Violet Theme Ui/White Icons/White Right.png using Guid(aa74ae4519ce50f408e46eb517d1ce34) Importer(815301076,1909f56bfc062723c751e8b465ee728b) (PreviewImporter) -> (artifact id: '3c7625e3f0c31bd460babb4e5de14348') in 0.006582 seconds
Number of updated asset objects reloaded before import = 0Number of asset objects unloaded after import = 3

========================================================================
Received Import Request.
  Time since last request: 0.000066 seconds.
  path: Assets/Violet Theme Ui/White Icons/White Shield 2.png
  artifactKey: Guid(0d29c61fca93e1a46bd413d23ee58a24) Importer(815301076,1909f56bfc062723c751e8b465ee728b)
Start importing Assets/Violet Theme Ui/White Icons/White Shield 2.png using Guid(0d29c61fca93e1a46bd413d23ee58a24) Importer(815301076,1909f56bfc062723c751e8b465ee728b) (PreviewImporter) -> (artifact id: '0c5bfb2399903f5ec6b372771ba81e4d') in 0.005975709 seconds
Number of updated asset objects reloaded before import = 0Number of asset objects unloaded after import = 3

========================================================================
Received Import Request.
  Time since last request: 0.000063 seconds.
  path: Assets/Violet Theme Ui/White Icons/White Skull 2.png
  artifactKey: Guid(b02f17aa4f7b0944784be99485d4488a) Importer(815301076,1909f56bfc062723c751e8b465ee728b)
Start importing Assets/Violet Theme Ui/White Icons/White Skull 2.png using Guid(b02f17aa4f7b0944784be99485d4488a) Importer(815301076,1909f56bfc062723c751e8b465ee728b) (PreviewImporter) -> (artifact id: 'ce564259dabae4389826b83ada93ded8') in 0.008665667 seconds
Number of updated asset objects reloaded before import = 0Number of asset objects unloaded after import = 4

========================================================================
Received Import Request.
  Time since last request: 0.000056 seconds.
  path: Assets/Violet Theme Ui/White Icons/White Ribbon 2.png
  artifactKey: Guid(7f5479a712463a246a18f931e96ad88e) Importer(815301076,1909f56bfc062723c751e8b465ee728b)
Start importing Assets/Violet Theme Ui/White Icons/White Ribbon 2.png using Guid(7f5479a712463a246a18f931e96ad88e) Importer(815301076,1909f56bfc062723c751e8b465ee728b) (PreviewImporter) -> (artifact id: '50977145455402058af8a532d57efd7f') in 0.010137875 seconds
Number of updated asset objects reloaded before import = 0Number of asset objects unloaded after import = 5

========================================================================
Received Import Request.
  Time since last request: 0.311712 seconds.
  path: Assets/Violet Theme Ui/White Icons/White Smiley.png
  artifactKey: Guid(90739a27925bee2468e4a7d50c6dfea7) Importer(815301076,1909f56bfc062723c751e8b465ee728b)
Start importing Assets/Violet Theme Ui/White Icons/White Smiley.png using Guid(90739a27925bee2468e4a7d50c6dfea7) Importer(815301076,1909f56bfc062723c751e8b465ee728b) (PreviewImporter) -> (artifact id: '657aae365db25ba7f82b96cdd2c76e70') in 0.00586075 seconds
Number of updated asset objects reloaded before import = 0Number of asset objects unloaded after import = 3

========================================================================
Received Import Request.
  Time since last request: 0.000087 seconds.
  path: Assets/Violet Theme Ui/White Icons/White Snow Globe 1.png
  artifactKey: Guid(bfc488603c718a44184796c3aa002628) Importer(815301076,1909f56bfc062723c751e8b465ee728b)
Start importing Assets/Violet Theme Ui/White Icons/White Snow Globe 1.png using Guid(bfc488603c718a44184796c3aa002628) Importer(815301076,1909f56bfc062723c751e8b465ee728b) (PreviewImporter) -> (artifact id: '9559dbc0d5782b9ccd4ca0771c4dbd3e') in 0.006704 seconds
Number of updated asset objects reloaded before import = 0Number of asset objects unloaded after import = 4

========================================================================
Received Import Request.
  Time since last request: 0.000042 seconds.
  path: Assets/Violet Theme Ui/White Icons/White Snow Globe 2.png
  artifactKey: Guid(edae0c30266acd8488739e0305914058) Importer(815301076,1909f56bfc062723c751e8b465ee728b)
Start importing Assets/Violet Theme Ui/White Icons/White Snow Globe 2.png using Guid(edae0c30266acd8488739e0305914058) Importer(815301076,1909f56bfc062723c751e8b465ee728b) (PreviewImporter) -> (artifact id: 'd0459347021f93eec832a822a80c40ce') in 0.006777083 seconds
Number of updated asset objects reloaded before import = 0Number of asset objects unloaded after import = 4

========================================================================
Received Import Request.
  Time since last request: 0.000059 seconds.
  path: Assets/Violet Theme Ui/White Icons/White Sound Off.png
  artifactKey: Guid(8e94b2d3ff544254c8dbfd0827aa96a3) Importer(815301076,1909f56bfc062723c751e8b465ee728b)
Start importing Assets/Violet Theme Ui/White Icons/White Sound Off.png using Guid(8e94b2d3ff544254c8dbfd0827aa96a3) Importer(815301076,1909f56bfc062723c751e8b465ee728b) (PreviewImporter) -> (artifact id: 'eea4a92b04976a13f16d3a217533b8d4') in 0.008005 seconds
Number of updated asset objects reloaded before import = 0Number of asset objects unloaded after import = 4

========================================================================
Received Import Request.
  Time since last request: 0.000041 seconds.
  path: Assets/Violet Theme Ui/White Icons/White Stop.png
  artifactKey: Guid(2dbb2668687622a44821e1b317d5baed) Importer(815301076,1909f56bfc062723c751e8b465ee728b)
Start importing Assets/Violet Theme Ui/White Icons/White Stop.png using Guid(2dbb2668687622a44821e1b317d5baed) Importer(815301076,1909f56bfc062723c751e8b465ee728b) (PreviewImporter) -> (artifact id: 'bbb782e4d0d3dc0669e1fb550ca341e6') in 0.005149583 seconds
Number of updated asset objects reloaded before import = 0Number of asset objects unloaded after import = 3

========================================================================
Received Import Request.
  Time since last request: 0.000092 seconds.
  path: Assets/Violet Theme Ui/White Icons/White Star.png
  artifactKey: Guid(5823f577f85850f4ead3867ad470e293) Importer(815301076,1909f56bfc062723c751e8b465ee728b)
Start importing Assets/Violet Theme Ui/White Icons/White Star.png using Guid(5823f577f85850f4ead3867ad470e293) Importer(815301076,1909f56bfc062723c751e8b465ee728b) (PreviewImporter) -> (artifact id: 'ba008605753b8403272ee8cd30c3bff8') in 0.006165542 seconds
Number of updated asset objects reloaded before import = 0Number of asset objects unloaded after import = 3

========================================================================
Received Import Request.
  Time since last request: 0.000035 seconds.
  path: Assets/Violet Theme Ui/White Icons/White Snow.png
  artifactKey: Guid(4ca4131db50a5f042aab2fb63aa1a2c4) Importer(815301076,1909f56bfc062723c751e8b465ee728b)
Start importing Assets/Violet Theme Ui/White Icons/White Snow.png using Guid(4ca4131db50a5f042aab2fb63aa1a2c4) Importer(815301076,1909f56bfc062723c751e8b465ee728b) (PreviewImporter) -> (artifact id: '321267a3cd6c8cea75bf2a31ae95f798') in 0.005724625 seconds
Number of updated asset objects reloaded before import = 0Number of asset objects unloaded after import = 3

========================================================================
Received Import Request.
  Time since last request: 0.000066 seconds.
  path: Assets/Violet Theme Ui/White Icons/White Star Hollow.png
  artifactKey: Guid(18a6346ad00e33e449b41c4e27c46ff0) Importer(815301076,1909f56bfc062723c751e8b465ee728b)
Start importing Assets/Violet Theme Ui/White Icons/White Star Hollow.png using Guid(18a6346ad00e33e449b41c4e27c46ff0) Importer(815301076,1909f56bfc062723c751e8b465ee728b) (PreviewImporter) -> (artifact id: '5bd04b0848fcaf54f74f3edd76036cf9') in 0.006375041 seconds
Number of updated asset objects reloaded before import = 0Number of asset objects unloaded after import = 3

========================================================================
Received Import Request.
  Time since last request: 0.000056 seconds.
  path: Assets/Violet Theme Ui/White Icons/White Subtract.png
  artifactKey: Guid(6d72efe67c73da241866fe5f803b9ee4) Importer(815301076,1909f56bfc062723c751e8b465ee728b)
Start importing Assets/Violet Theme Ui/White Icons/White Subtract.png using Guid(6d72efe67c73da241866fe5f803b9ee4) Importer(815301076,1909f56bfc062723c751e8b465ee728b) (PreviewImporter) -> (artifact id: '9dc069f763e3d3ca364606ec48dc0f02') in 0.005262666 seconds
Number of updated asset objects reloaded before import = 0Number of asset objects unloaded after import = 3

========================================================================
Received Import Request.
  Time since last request: 0.000063 seconds.
  path: Assets/Violet Theme Ui/White Icons/White Symbol 4.png
  artifactKey: Guid(f8f180448579feb4fb999c608017279c) Importer(815301076,1909f56bfc062723c751e8b465ee728b)
Start importing Assets/Violet Theme Ui/White Icons/White Symbol 4.png using Guid(f8f180448579feb4fb999c608017279c) Importer(815301076,1909f56bfc062723c751e8b465ee728b) (PreviewImporter) -> (artifact id: '534b90ecfe0ee51b97c85e2e21dc43f1') in 0.011252333 seconds
Number of updated asset objects reloaded before import = 0Number of asset objects unloaded after import = 6

========================================================================
Received Import Request.
  Time since last request: 0.000100 seconds.
  path: Assets/Violet Theme Ui/White Icons/White Symbol 15.png
  artifactKey: Guid(a187bf89ed69ef7479f5a4e4942fa7ae) Importer(815301076,1909f56bfc062723c751e8b465ee728b)
Start importing Assets/Violet Theme Ui/White Icons/White Symbol 15.png using Guid(a187bf89ed69ef7479f5a4e4942fa7ae) Importer(815301076,1909f56bfc062723c751e8b465ee728b) (PreviewImporter) -> (artifact id: '0d3ca0e4b6edcd4bffee255bcce9de85') in 0.007687833 seconds
Number of updated asset objects reloaded before import = 0Number of asset objects unloaded after import = 4

========================================================================
Received Import Request.
  Time since last request: 0.000142 seconds.
  path: Assets/Violet Theme Ui/White Icons/White Symbol 11.png
  artifactKey: Guid(37256ad7d37e4ae46a102315b3144ef6) Importer(815301076,1909f56bfc062723c751e8b465ee728b)
Start importing Assets/Violet Theme Ui/White Icons/White Symbol 11.png using Guid(37256ad7d37e4ae46a102315b3144ef6) Importer(815301076,1909f56bfc062723c751e8b465ee728b) (PreviewImporter) -> (artifact id: '1ca3101b5dda5bae0b1feb5615a0311b') in 0.008599042 seconds
Number of updated asset objects reloaded before import = 0Number of asset objects unloaded after import = 5

========================================================================
Received Import Request.
  Time since last request: 0.000066 seconds.
  path: Assets/Violet Theme Ui/White Icons/White Symbol 2.png
  artifactKey: Guid(ede36b97067ea2147aec9549ba7d7082) Importer(815301076,1909f56bfc062723c751e8b465ee728b)
Start importing Assets/Violet Theme Ui/White Icons/White Symbol 2.png using Guid(ede36b97067ea2147aec9549ba7d7082) Importer(815301076,1909f56bfc062723c751e8b465ee728b) (PreviewImporter) -> (artifact id: 'fcea246eccd5aebb665bbc556d3b031c') in 0.007867292 seconds
Number of updated asset objects reloaded before import = 0Number of asset objects unloaded after import = 4

========================================================================
Received Import Request.
  Time since last request: 0.000043 seconds.
  path: Assets/Violet Theme Ui/White Icons/White Symbol 19.png
  artifactKey: Guid(167988578d0633f4f8b7fc6345816a3a) Importer(815301076,1909f56bfc062723c751e8b465ee728b)
Start importing Assets/Violet Theme Ui/White Icons/White Symbol 19.png using Guid(167988578d0633f4f8b7fc6345816a3a) Importer(815301076,1909f56bfc062723c751e8b465ee728b) (PreviewImporter) -> (artifact id: '6e5dfb6b80d732298c4262e0b764a007') in 0.005560708 seconds
Number of updated asset objects reloaded before import = 0Number of asset objects unloaded after import = 3

========================================================================
Received Import Request.
  Time since last request: 0.000123 seconds.
  path: Assets/Violet Theme Ui/White Icons/White Symbol 18.png
  artifactKey: Guid(56ea37b00a9f8ab4a95f3265a1faa44e) Importer(815301076,1909f56bfc062723c751e8b465ee728b)
Start importing Assets/Violet Theme Ui/White Icons/White Symbol 18.png using Guid(56ea37b00a9f8ab4a95f3265a1faa44e) Importer(815301076,1909f56bfc062723c751e8b465ee728b) (PreviewImporter) -> (artifact id: '2f500731a109597e86c321a01a6a51ec') in 0.005687625 seconds
Number of updated asset objects reloaded before import = 0Number of asset objects unloaded after import = 3

========================================================================
Received Import Request.
  Time since last request: 0.000350 seconds.
  path: Assets/Violet Theme Ui/White Icons/White Symbol 17.png
  artifactKey: Guid(f0cb0fc05a7b5424b9d51976686d1201) Importer(815301076,1909f56bfc062723c751e8b465ee728b)
Start importing Assets/Violet Theme Ui/White Icons/White Symbol 17.png using Guid(f0cb0fc05a7b5424b9d51976686d1201) Importer(815301076,1909f56bfc062723c751e8b465ee728b) (PreviewImporter) -> (artifact id: '1b36add2273879d489f13e10b9325578') in 0.005476417 seconds
Number of updated asset objects reloaded before import = 0Number of asset objects unloaded after import = 3

========================================================================
Received Import Request.
  Time since last request: 0.000061 seconds.
  path: Assets/Violet Theme Ui/White Icons/White Symbol 20.png
  artifactKey: Guid(fb705997d70372343b2a5b3e604e8969) Importer(815301076,1909f56bfc062723c751e8b465ee728b)
Start importing Assets/Violet Theme Ui/White Icons/White Symbol 20.png using Guid(fb705997d70372343b2a5b3e604e8969) Importer(815301076,1909f56bfc062723c751e8b465ee728b) (PreviewImporter) -> (artifact id: '75931c4348510a5ff2380ec894a268e8') in 0.007210541 seconds
Number of updated asset objects reloaded before import = 0Number of asset objects unloaded after import = 4

========================================================================
Received Import Request.
  Time since last request: 0.000053 seconds.
  path: Assets/Violet Theme Ui/White Icons/White Store.png
  artifactKey: Guid(1eb999ee5e20d334bad3f6c471639d80) Importer(815301076,1909f56bfc062723c751e8b465ee728b)
Start importing Assets/Violet Theme Ui/White Icons/White Store.png using Guid(1eb999ee5e20d334bad3f6c471639d80) Importer(815301076,1909f56bfc062723c751e8b465ee728b) (PreviewImporter) -> (artifact id: 'dd220612a3110c2597c52568b0774b7d') in 0.006774875 seconds
Number of updated asset objects reloaded before import = 0Number of asset objects unloaded after import = 4

========================================================================
Received Import Request.
  Time since last request: 0.000139 seconds.
  path: Assets/Violet Theme Ui/White Icons/White Speed.png
  artifactKey: Guid(7f89d2f1c67495b41a9fe9555bf18462) Importer(815301076,1909f56bfc062723c751e8b465ee728b)
Start importing Assets/Violet Theme Ui/White Icons/White Speed.png using Guid(7f89d2f1c67495b41a9fe9555bf18462) Importer(815301076,1909f56bfc062723c751e8b465ee728b) (PreviewImporter) -> (artifact id: '24c46639f368dabd132f4f7c00d76915') in 0.011057417 seconds
Number of updated asset objects reloaded before import = 0Number of asset objects unloaded after import = 6

========================================================================
Received Import Request.
  Time since last request: 0.000052 seconds.
  path: Assets/Violet Theme Ui/White Icons/White Symbol 13.png
  artifactKey: Guid(bb6561b5412c1b54e8680c7379bdb40c) Importer(815301076,1909f56bfc062723c751e8b465ee728b)
Start importing Assets/Violet Theme Ui/White Icons/White Symbol 13.png using Guid(bb6561b5412c1b54e8680c7379bdb40c) Importer(815301076,1909f56bfc062723c751e8b465ee728b) (PreviewImporter) -> (artifact id: '2a6bfb40adb92738d787d76f2052aa51') in 0.005874334 seconds
Number of updated asset objects reloaded before import = 0Number of asset objects unloaded after import = 3

========================================================================
Received Import Request.
  Time since last request: 0.000099 seconds.
  path: Assets/Violet Theme Ui/White Icons/White Symbol 9.png
  artifactKey: Guid(1ec11e28ff92b614abacf24bca5e1f5f) Importer(815301076,1909f56bfc062723c751e8b465ee728b)
Start importing Assets/Violet Theme Ui/White Icons/White Symbol 9.png using Guid(1ec11e28ff92b614abacf24bca5e1f5f) Importer(815301076,1909f56bfc062723c751e8b465ee728b) (PreviewImporter) -> (artifact id: '02e56b7082ef47656fd8a3e75f6ea94e') in 0.006243959 seconds
Number of updated asset objects reloaded before import = 0Number of asset objects unloaded after import = 3

========================================================================
Received Import Request.
  Time since last request: 0.000064 seconds.
  path: Assets/Violet Theme Ui/White Icons/White Sound Icom.png
  artifactKey: Guid(a8ae8b26d38521f4d901e390c5bd5a87) Importer(815301076,1909f56bfc062723c751e8b465ee728b)
Start importing Assets/Violet Theme Ui/White Icons/White Sound Icom.png using Guid(a8ae8b26d38521f4d901e390c5bd5a87) Importer(815301076,1909f56bfc062723c751e8b465ee728b) (PreviewImporter) -> (artifact id: 'dbb1c0fbce1f913ae408e04c7ca18fe5') in 0.005715708 seconds
Number of updated asset objects reloaded before import = 0Number of asset objects unloaded after import = 3

========================================================================
Received Import Request.
  Time since last request: 0.000037 seconds.
  path: Assets/Violet Theme Ui/White Icons/White Symbol 12.png
  artifactKey: Guid(164a64e069075124a876bd4ec21b7ce3) Importer(815301076,1909f56bfc062723c751e8b465ee728b)
Start importing Assets/Violet Theme Ui/White Icons/White Symbol 12.png using Guid(164a64e069075124a876bd4ec21b7ce3) Importer(815301076,1909f56bfc062723c751e8b465ee728b) (PreviewImporter) -> (artifact id: 'b7344311e67b16f29be87def00418507') in 0.008766084 seconds
Number of updated asset objects reloaded before import = 0Number of asset objects unloaded after import = 5

========================================================================
Received Import Request.
  Time since last request: 0.000064 seconds.
  path: Assets/Violet Theme Ui/White Icons/White Sun.png
  artifactKey: Guid(1935fc56ac8b2e9498f0977126043f19) Importer(815301076,1909f56bfc062723c751e8b465ee728b)
Start importing Assets/Violet Theme Ui/White Icons/White Sun.png using Guid(1935fc56ac8b2e9498f0977126043f19) Importer(815301076,1909f56bfc062723c751e8b465ee728b) (PreviewImporter) -> (artifact id: 'f81b6ff4f8fbdd123802bde91f063212') in 0.018006833 seconds
Number of updated asset objects reloaded before import = 0Number of asset objects unloaded after import = 11

========================================================================
Received Import Request.
  Time since last request: 0.000055 seconds.
  path: Assets/Violet Theme Ui/White Icons/White Strength Up.png
  artifactKey: Guid(c7f7e48003ef85848ac21f69ee4d7af0) Importer(815301076,1909f56bfc062723c751e8b465ee728b)
Start importing Assets/Violet Theme Ui/White Icons/White Strength Up.png using Guid(c7f7e48003ef85848ac21f69ee4d7af0) Importer(815301076,1909f56bfc062723c751e8b465ee728b) (PreviewImporter) -> (artifact id: 'bbd8133b37f7be0b633feb12ba708ba5') in 0.00572175 seconds
Number of updated asset objects reloaded before import = 0Number of asset objects unloaded after import = 3

========================================================================
Received Import Request.
  Time since last request: 0.359970 seconds.
  path: Assets/Violet Theme Ui/White Icons/White Target 2.png
  artifactKey: Guid(fa56cae7c0b4c484b8188237d3741fe1) Importer(815301076,1909f56bfc062723c751e8b465ee728b)
Start importing Assets/Violet Theme Ui/White Icons/White Target 2.png using Guid(fa56cae7c0b4c484b8188237d3741fe1) Importer(815301076,1909f56bfc062723c751e8b465ee728b) (PreviewImporter) -> (artifact id: 'bb812b0d4d1be34623082d4dfe964b28') in 0.005479916 seconds
Number of updated asset objects reloaded before import = 0Number of asset objects unloaded after import = 3

========================================================================
Received Import Request.
  Time since last request: 0.000056 seconds.
  path: Assets/Violet Theme Ui/White Icons/White Thumb Down.png
  artifactKey: Guid(b4f324868d453594cbc90bd2ba98bdd1) Importer(815301076,1909f56bfc062723c751e8b465ee728b)
Start importing Assets/Violet Theme Ui/White Icons/White Thumb Down.png using Guid(b4f324868d453594cbc90bd2ba98bdd1) Importer(815301076,1909f56bfc062723c751e8b465ee728b) (PreviewImporter) -> (artifact id: 'd52f6765d661eef34319a89e704b79e6') in 0.006587542 seconds
Number of updated asset objects reloaded before import = 0Number of asset objects unloaded after import = 4

========================================================================
Received Import Request.
  Time since last request: 0.000046 seconds.
  path: Assets/Violet Theme Ui/White Icons/White Ticket 1.png
  artifactKey: Guid(ec54653b15ab7cd4eb4ed673dd499fc4) Importer(815301076,1909f56bfc062723c751e8b465ee728b)
Start importing Assets/Violet Theme Ui/White Icons/White Ticket 1.png using Guid(ec54653b15ab7cd4eb4ed673dd499fc4) Importer(815301076,1909f56bfc062723c751e8b465ee728b) (PreviewImporter) -> (artifact id: 'b42ca1fc193a1ef3da6e8110cfc28c25') in 0.005014042 seconds
Number of updated asset objects reloaded before import = 0Number of asset objects unloaded after import = 3

========================================================================
Received Import Request.
  Time since last request: 0.000045 seconds.
  path: Assets/Violet Theme Ui/White Icons/White Television.png
  artifactKey: Guid(a8bb48d78e8b47a4e9bd319f0170fa25) Importer(815301076,1909f56bfc062723c751e8b465ee728b)
Start importing Assets/Violet Theme Ui/White Icons/White Television.png using Guid(a8bb48d78e8b47a4e9bd319f0170fa25) Importer(815301076,1909f56bfc062723c751e8b465ee728b) (PreviewImporter) -> (artifact id: '9b28c5a94d73ff9311e97198ec65bf1a') in 0.006110375 seconds
Number of updated asset objects reloaded before import = 0Number of asset objects unloaded after import = 3

========================================================================
Received Import Request.
  Time since last request: 0.000079 seconds.
  path: Assets/Violet Theme Ui/White Icons/White Timer.png
  artifactKey: Guid(07cb3c5e393a88541b848f22a7ca18cb) Importer(815301076,1909f56bfc062723c751e8b465ee728b)
Start importing Assets/Violet Theme Ui/White Icons/White Timer.png using Guid(07cb3c5e393a88541b848f22a7ca18cb) Importer(815301076,1909f56bfc062723c751e8b465ee728b) (PreviewImporter) -> (artifact id: '3f6e3f2a7f3e4474ca3c8284e46c848c') in 0.011263916 seconds
Number of updated asset objects reloaded before import = 0Number of asset objects unloaded after import = 6

========================================================================
Received Import Request.
  Time since last request: 0.007838 seconds.
  path: Assets/Violet Theme Ui/White Icons/White Timer 2.png
  artifactKey: Guid(0dd9750f26cf0434baf1516e7c266401) Importer(815301076,1909f56bfc062723c751e8b465ee728b)
Start importing Assets/Violet Theme Ui/White Icons/White Timer 2.png using Guid(0dd9750f26cf0434baf1516e7c266401) Importer(815301076,1909f56bfc062723c751e8b465ee728b) (PreviewImporter) -> (artifact id: '0782435f4be6230e7de2f5fd0070ac3f') in 0.011227166 seconds
Number of updated asset objects reloaded before import = 0Number of asset objects unloaded after import = 6

========================================================================
Received Import Request.
  Time since last request: 0.000051 seconds.
  path: Assets/Violet Theme Ui/White Icons/White Video.png
  artifactKey: Guid(783da321c6b8e694a96faf212e2e9aeb) Importer(815301076,1909f56bfc062723c751e8b465ee728b)
Start importing Assets/Violet Theme Ui/White Icons/White Video.png using Guid(783da321c6b8e694a96faf212e2e9aeb) Importer(815301076,1909f56bfc062723c751e8b465ee728b) (PreviewImporter) -> (artifact id: 'cc86d1c328405268b0feca611a460c9c') in 0.007222458 seconds
Number of updated asset objects reloaded before import = 0Number of asset objects unloaded after import = 4

========================================================================
Received Import Request.
  Time since last request: 0.000097 seconds.
  path: Assets/Violet Theme Ui/White Icons/White Trash Can.png
  artifactKey: Guid(c0a55cb526e493245950eb83307e2b1c) Importer(815301076,1909f56bfc062723c751e8b465ee728b)
Start importing Assets/Violet Theme Ui/White Icons/White Trash Can.png using Guid(c0a55cb526e493245950eb83307e2b1c) Importer(815301076,1909f56bfc062723c751e8b465ee728b) (PreviewImporter) -> (artifact id: 'cf41994b998dd7b44c79044066752552') in 0.007044125 seconds
Number of updated asset objects reloaded before import = 0Number of asset objects unloaded after import = 4

========================================================================
Received Import Request.
  Time since last request: 0.000072 seconds.
  path: Assets/Violet Theme Ui/White Icons/White YingYang.png
  artifactKey: Guid(3585059cc46f8174f8c58c88fdf616d7) Importer(815301076,1909f56bfc062723c751e8b465ee728b)
Start importing Assets/Violet Theme Ui/White Icons/White YingYang.png using Guid(3585059cc46f8174f8c58c88fdf616d7) Importer(815301076,1909f56bfc062723c751e8b465ee728b) (PreviewImporter) -> (artifact id: '0720a41fd4422a419b13dae18d6c7176') in 0.00487725 seconds
Number of updated asset objects reloaded before import = 0Number of asset objects unloaded after import = 3

========================================================================
Received Import Request.
  Time since last request: 0.000065 seconds.
  path: Assets/Violet Theme Ui/White Icons/White Zoom In.png
  artifactKey: Guid(4199668baf863e049a40f446e7319153) Importer(815301076,1909f56bfc062723c751e8b465ee728b)
Start importing Assets/Violet Theme Ui/White Icons/White Zoom In.png using Guid(4199668baf863e049a40f446e7319153) Importer(815301076,1909f56bfc062723c751e8b465ee728b) (PreviewImporter) -> (artifact id: 'f8005556602ed4321162c4a80b1d162c') in 0.007183167 seconds
Number of updated asset objects reloaded before import = 0Number of asset objects unloaded after import = 4

========================================================================
Received Import Request.
  Time since last request: 0.000149 seconds.
  path: Assets/Violet Theme Ui/White Icons/White Youtube.png
  artifactKey: Guid(e02fdde545669024b9b3fc1bd89b0b1b) Importer(815301076,1909f56bfc062723c751e8b465ee728b)
Start importing Assets/Violet Theme Ui/White Icons/White Youtube.png using Guid(e02fdde545669024b9b3fc1bd89b0b1b) Importer(815301076,1909f56bfc062723c751e8b465ee728b) (PreviewImporter) -> (artifact id: '738d6dcab43fc699e9b14250606d889b') in 0.005612792 seconds
Number of updated asset objects reloaded before import = 0Number of asset objects unloaded after import = 3

========================================================================
Received Import Request.
  Time since last request: 0.000052 seconds.
  path: Assets/Violet Theme Ui/White Icons/White Wand 2.png
  artifactKey: Guid(c14665c097f14b14caf0f57089823f8c) Importer(815301076,1909f56bfc062723c751e8b465ee728b)
Start importing Assets/Violet Theme Ui/White Icons/White Wand 2.png using Guid(c14665c097f14b14caf0f57089823f8c) Importer(815301076,1909f56bfc062723c751e8b465ee728b) (PreviewImporter) -> (artifact id: 'bfacac8e4cd3cc9f0046f7088b715f38') in 0.008656667 seconds
Number of updated asset objects reloaded before import = 0Number of asset objects unloaded after import = 5

========================================================================
Received Import Request.
  Time since last request: 0.000058 seconds.
  path: Assets/Violet Theme Ui/White Icons/White Web.png
  artifactKey: Guid(4b8fca21cb4fa904fbb933061b8cddae) Importer(815301076,1909f56bfc062723c751e8b465ee728b)
Start importing Assets/Violet Theme Ui/White Icons/White Web.png using Guid(4b8fca21cb4fa904fbb933061b8cddae) Importer(815301076,1909f56bfc062723c751e8b465ee728b) (PreviewImporter) -> (artifact id: '0444856e4e056599a979828e2d87901c') in 0.020741375 seconds
Number of updated asset objects reloaded before import = 0Number of asset objects unloaded after import = 11

========================================================================
Received Import Request.
  Time since last request: 0.000121 seconds.
  path: Assets/Violet Theme Ui/White Icons/White Voice On.png
  artifactKey: Guid(d3c4a50e04e1bd34ca7d2081edfc64a0) Importer(815301076,1909f56bfc062723c751e8b465ee728b)
Start importing Assets/Violet Theme Ui/White Icons/White Voice On.png using Guid(d3c4a50e04e1bd34ca7d2081edfc64a0) Importer(815301076,1909f56bfc062723c751e8b465ee728b) (PreviewImporter) -> (artifact id: 'f040ef96eb5fb0daf9e214ba88fb47c5') in 0.009110083 seconds
Number of updated asset objects reloaded before import = 0Number of asset objects unloaded after import = 4

========================================================================
Received Import Request.
  Time since last request: 0.000035 seconds.
  path: Assets/Violet Theme Ui/White Icons/White Up.png
  artifactKey: Guid(b7e35da3072aca4468ee4ed3f2b2101e) Importer(815301076,1909f56bfc062723c751e8b465ee728b)
Start importing Assets/Violet Theme Ui/White Icons/White Up.png using Guid(b7e35da3072aca4468ee4ed3f2b2101e) Importer(815301076,1909f56bfc062723c751e8b465ee728b) (PreviewImporter) -> (artifact id: '9ab950e316a464fd01060b9adccb6702') in 0.006623375 seconds
Number of updated asset objects reloaded before import = 0Number of asset objects unloaded after import = 3

========================================================================
Received Import Request.
  Time since last request: 0.000135 seconds.
  path: Assets/Violet Theme Ui/White Icons/White Wheel.png
  artifactKey: Guid(41dcbeafee6a13c45b2f1eff0a28dbd2) Importer(815301076,1909f56bfc062723c751e8b465ee728b)
Start importing Assets/Violet Theme Ui/White Icons/White Wheel.png using Guid(41dcbeafee6a13c45b2f1eff0a28dbd2) Importer(815301076,1909f56bfc062723c751e8b465ee728b) (PreviewImporter) -> (artifact id: '165945168144febc5a54e8a723c1ba92') in 0.005601584 seconds
Number of updated asset objects reloaded before import = 0Number of asset objects unloaded after import = 3

========================================================================
Received Import Request.
  Time since last request: 0.000062 seconds.
  path: Assets/Violet Theme Ui/White Icons/White Tree.png
  artifactKey: Guid(06f6e9b8d9fbef64fbc145bc67b665ec) Importer(815301076,1909f56bfc062723c751e8b465ee728b)
Start importing Assets/Violet Theme Ui/White Icons/White Tree.png using Guid(06f6e9b8d9fbef64fbc145bc67b665ec) Importer(815301076,1909f56bfc062723c751e8b465ee728b) (PreviewImporter) -> (artifact id: 'a3fd87a347f057f76b98a232d0298cfe') in 0.006400792 seconds
Number of updated asset objects reloaded before import = 0Number of asset objects unloaded after import = 3

========================================================================
Received Import Request.
  Time since last request: 0.000053 seconds.
  path: Assets/Violet Theme Ui/White Icons/White Wind.png
  artifactKey: Guid(4b8f41e27d349aa4e98abe33f9ed9abf) Importer(815301076,1909f56bfc062723c751e8b465ee728b)
Start importing Assets/Violet Theme Ui/White Icons/White Wind.png using Guid(4b8f41e27d349aa4e98abe33f9ed9abf) Importer(815301076,1909f56bfc062723c751e8b465ee728b) (PreviewImporter) -> (artifact id: 'ccc62a407f7e312ff34bb0edcb3690a1') in 0.010158791 seconds
Number of updated asset objects reloaded before import = 0Number of asset objects unloaded after import = 5

========================================================================
Received Import Request.
  Time since last request: 114.350803 seconds.
  path: Assets/Violet Theme Ui/Toggles/Toggle Background.png
  artifactKey: Guid(ab07d3905ed943549afe9267580f3dec) Importer(815301076,1909f56bfc062723c751e8b465ee728b)
Start importing Assets/Violet Theme Ui/Toggles/Toggle Background.png using Guid(ab07d3905ed943549afe9267580f3dec) Importer(815301076,1909f56bfc062723c751e8b465ee728b) (PreviewImporter) -> (artifact id: '879c9edac218d5a49ae13da0793e62ac') in 0.007460209 seconds
Number of updated asset objects reloaded before import = 0Number of asset objects unloaded after import = 3

========================================================================
Received Import Request.
  Time since last request: 0.000056 seconds.
  path: Assets/Violet Theme Ui/Toggles/Toggle Fill Pink.png
  artifactKey: Guid(4135a87dd7182ca4ba28587e8cf76f35) Importer(815301076,1909f56bfc062723c751e8b465ee728b)
Start importing Assets/Violet Theme Ui/Toggles/Toggle Fill Pink.png using Guid(4135a87dd7182ca4ba28587e8cf76f35) Importer(815301076,1909f56bfc062723c751e8b465ee728b) (PreviewImporter) -> (artifact id: '5c72e913873aa50847aeb9ba6dd0f604') in 0.006106833 seconds
Number of updated asset objects reloaded before import = 0Number of asset objects unloaded after import = 3

========================================================================
Received Import Request.
  Time since last request: 0.000045 seconds.
  path: Assets/Violet Theme Ui/Toggles/Toggle Fill Orange.png
  artifactKey: Guid(b13761cdab549c14f86ee1256f9a8d2d) Importer(815301076,1909f56bfc062723c751e8b465ee728b)
Start importing Assets/Violet Theme Ui/Toggles/Toggle Fill Orange.png using Guid(b13761cdab549c14f86ee1256f9a8d2d) Importer(815301076,1909f56bfc062723c751e8b465ee728b) (PreviewImporter) -> (artifact id: '5043f20e77ac1c5bda547206cbae89d0') in 0.004557083 seconds
Number of updated asset objects reloaded before import = 0Number of asset objects unloaded after import = 3

========================================================================
Received Import Request.
  Time since last request: 0.000036 seconds.
  path: Assets/Violet Theme Ui/Toggles/Toggle Fill Red.png
  artifactKey: Guid(02af5e18a2327994c985f34a6152592a) Importer(815301076,1909f56bfc062723c751e8b465ee728b)
Start importing Assets/Violet Theme Ui/Toggles/Toggle Fill Red.png using Guid(02af5e18a2327994c985f34a6152592a) Importer(815301076,1909f56bfc062723c751e8b465ee728b) (PreviewImporter) -> (artifact id: 'dcef202413d540860c80e17079f0d23d') in 0.005136666 seconds
Number of updated asset objects reloaded before import = 0Number of asset objects unloaded after import = 3

========================================================================
Received Import Request.
  Time since last request: 0.000069 seconds.
  path: Assets/Violet Theme Ui/Toggles/Toggle Fill Violet.png
  artifactKey: Guid(e7da5cbaae50b3742a2c64373d61cfd0) Importer(815301076,1909f56bfc062723c751e8b465ee728b)
Start importing Assets/Violet Theme Ui/Toggles/Toggle Fill Violet.png using Guid(e7da5cbaae50b3742a2c64373d61cfd0) Importer(815301076,1909f56bfc062723c751e8b465ee728b) (PreviewImporter) -> (artifact id: '5ef3afc7fa663fdecb114daf12179d9e') in 0.00437675 seconds
Number of updated asset objects reloaded before import = 0Number of asset objects unloaded after import = 3

========================================================================
Received Import Request.
  Time since last request: 1.618494 seconds.
  path: Assets/Violet Theme Ui/Switch/Switch Off Background.png
  artifactKey: Guid(2497ab3b270125b4f9436d5227725998) Importer(815301076,1909f56bfc062723c751e8b465ee728b)
Start importing Assets/Violet Theme Ui/Switch/Switch Off Background.png using Guid(2497ab3b270125b4f9436d5227725998) Importer(815301076,1909f56bfc062723c751e8b465ee728b) (PreviewImporter) -> (artifact id: 'd0f467ea774d179c78695fe78f98ec35') in 0.0058225 seconds
Number of updated asset objects reloaded before import = 0Number of asset objects unloaded after import = 3

========================================================================
Received Import Request.
  Time since last request: 0.000029 seconds.
  path: Assets/Violet Theme Ui/Switch/Switch On Violet.png
  artifactKey: Guid(f8d9fa4aa387eed45849d848b837bc61) Importer(815301076,1909f56bfc062723c751e8b465ee728b)
Start importing Assets/Violet Theme Ui/Switch/Switch On Violet.png using Guid(f8d9fa4aa387eed45849d848b837bc61) Importer(815301076,1909f56bfc062723c751e8b465ee728b) (PreviewImporter) -> (artifact id: '6414320eb08511c8420dedf8c98ab6f2') in 0.004658125 seconds
Number of updated asset objects reloaded before import = 0Number of asset objects unloaded after import = 3

========================================================================
Received Import Request.
  Time since last request: 0.000049 seconds.
  path: Assets/Violet Theme Ui/Switch/Switch On Orange.png
  artifactKey: Guid(9cfba0c5f2e0a1348a792f8a72c9e429) Importer(815301076,1909f56bfc062723c751e8b465ee728b)
Start importing Assets/Violet Theme Ui/Switch/Switch On Orange.png using Guid(9cfba0c5f2e0a1348a792f8a72c9e429) Importer(815301076,1909f56bfc062723c751e8b465ee728b) (PreviewImporter) -> (artifact id: 'e166c4c874344ba26fde5c4a69c0e1b6') in 0.005080625 seconds
Number of updated asset objects reloaded before import = 0Number of asset objects unloaded after import = 3

========================================================================
Received Import Request.
  Time since last request: 0.000049 seconds.
  path: Assets/Violet Theme Ui/Switch/Switch On Red.png
  artifactKey: Guid(57bb1f0c009ff8a41a3bb184e99fd58d) Importer(815301076,1909f56bfc062723c751e8b465ee728b)
Start importing Assets/Violet Theme Ui/Switch/Switch On Red.png using Guid(57bb1f0c009ff8a41a3bb184e99fd58d) Importer(815301076,1909f56bfc062723c751e8b465ee728b) (PreviewImporter) -> (artifact id: 'bb94e5555a9bbcbddd93237d73351573') in 0.005678375 seconds
Number of updated asset objects reloaded before import = 0Number of asset objects unloaded after import = 3

========================================================================
Received Import Request.
  Time since last request: 0.000044 seconds.
  path: Assets/Violet Theme Ui/Switch/Switch On Green.png
  artifactKey: Guid(3a96d4fce97dc364e83803e92b18f87e) Importer(815301076,1909f56bfc062723c751e8b465ee728b)
Start importing Assets/Violet Theme Ui/Switch/Switch On Green.png using Guid(3a96d4fce97dc364e83803e92b18f87e) Importer(815301076,1909f56bfc062723c751e8b465ee728b) (PreviewImporter) -> (artifact id: 'bf1bff651ba138f0961db7e83f50d01b') in 0.005891209 seconds
Number of updated asset objects reloaded before import = 0Number of asset objects unloaded after import = 3

========================================================================
Received Import Request.
  Time since last request: 15.129975 seconds.
  path: Assets/Violet Theme Ui/Panels/White Panel Orange.png
  artifactKey: Guid(25b8e83b0b204f54595f1e934897503a) Importer(815301076,1909f56bfc062723c751e8b465ee728b)
Start importing Assets/Violet Theme Ui/Panels/White Panel Orange.png using Guid(25b8e83b0b204f54595f1e934897503a) Importer(815301076,1909f56bfc062723c751e8b465ee728b) (PreviewImporter) -> (artifact id: '4801e311643f81896611bf18f14821c7') in 0.009885208 seconds
Number of updated asset objects reloaded before import = 0Number of asset objects unloaded after import = 3

========================================================================
Received Import Request.
  Time since last request: 0.000039 seconds.
  path: Assets/Violet Theme Ui/Panels/White Panel Style 2 Red.png
  artifactKey: Guid(569253e328586674eba74c04f64f41ec) Importer(815301076,1909f56bfc062723c751e8b465ee728b)
Start importing Assets/Violet Theme Ui/Panels/White Panel Style 2 Red.png using Guid(569253e328586674eba74c04f64f41ec) Importer(815301076,1909f56bfc062723c751e8b465ee728b) (PreviewImporter) -> (artifact id: '2240a73a0bebf111a7dd3ad7cfe64729') in 0.008301959 seconds
Number of updated asset objects reloaded before import = 0Number of asset objects unloaded after import = 3

========================================================================
Received Import Request.
  Time since last request: 0.000049 seconds.
  path: Assets/Violet Theme Ui/Panels/White Panel Yellow.png
  artifactKey: Guid(8881b55d27a421e40912e51f02f4791f) Importer(815301076,1909f56bfc062723c751e8b465ee728b)
Start importing Assets/Violet Theme Ui/Panels/White Panel Yellow.png using Guid(8881b55d27a421e40912e51f02f4791f) Importer(815301076,1909f56bfc062723c751e8b465ee728b) (PreviewImporter) -> (artifact id: '714994a3e412890b1c487c5cc3aef411') in 0.008261458 seconds
Number of updated asset objects reloaded before import = 0Number of asset objects unloaded after import = 3

========================================================================
Received Import Request.
  Time since last request: 0.000050 seconds.
  path: Assets/Violet Theme Ui/Panels/White Panel Style 2 Pink.png
  artifactKey: Guid(2c39a557c7779ae42950c7dd2918d6de) Importer(815301076,1909f56bfc062723c751e8b465ee728b)
Start importing Assets/Violet Theme Ui/Panels/White Panel Style 2 Pink.png using Guid(2c39a557c7779ae42950c7dd2918d6de) Importer(815301076,1909f56bfc062723c751e8b465ee728b) (PreviewImporter) -> (artifact id: 'f7fa3f814b250682b718e2d5205ec0a2') in 0.008533333 seconds
Number of updated asset objects reloaded before import = 0Number of asset objects unloaded after import = 3

========================================================================
Received Import Request.
  Time since last request: 0.000093 seconds.
  path: Assets/Violet Theme Ui/Panels/White Panel Red.png
  artifactKey: Guid(a9af6f756a1fd544cb3e5fa671ffc232) Importer(815301076,1909f56bfc062723c751e8b465ee728b)
Start importing Assets/Violet Theme Ui/Panels/White Panel Red.png using Guid(a9af6f756a1fd544cb3e5fa671ffc232) Importer(815301076,1909f56bfc062723c751e8b465ee728b) (PreviewImporter) -> (artifact id: '0cc9f29fd608e6839b31125212f6f5e1') in 0.00877675 seconds
Number of updated asset objects reloaded before import = 0Number of asset objects unloaded after import = 3

========================================================================
Received Import Request.
  Time since last request: 0.000120 seconds.
  path: Assets/Violet Theme Ui/Panels/White Panel Purple.png
  artifactKey: Guid(046b9039adc12db45b896ea728e15e15) Importer(815301076,1909f56bfc062723c751e8b465ee728b)
Start importing Assets/Violet Theme Ui/Panels/White Panel Purple.png using Guid(046b9039adc12db45b896ea728e15e15) Importer(815301076,1909f56bfc062723c751e8b465ee728b) (PreviewImporter) -> (artifact id: '487b2fe38e4def6494fc9ac190780a2c') in 0.010556709 seconds
Number of updated asset objects reloaded before import = 0Number of asset objects unloaded after import = 3

========================================================================
Received Import Request.
  Time since last request: 0.000063 seconds.
  path: Assets/Violet Theme Ui/Panels/White Panel Style 2 Violet.png
  artifactKey: Guid(8dc0d81c32fd06241b092585c45b6993) Importer(815301076,1909f56bfc062723c751e8b465ee728b)
Start importing Assets/Violet Theme Ui/Panels/White Panel Style 2 Violet.png using Guid(8dc0d81c32fd06241b092585c45b6993) Importer(815301076,1909f56bfc062723c751e8b465ee728b) (PreviewImporter) -> (artifact id: 'b9b1a05ac257ac25220a7628745bc3d3') in 0.009177833 seconds
Number of updated asset objects reloaded before import = 0Number of asset objects unloaded after import = 3

========================================================================
Received Prepare
Begin MonoManager ReloadAssembly
Thread 0x28ffcb000 may have been prematurely finalized
- Loaded All Assemblies, in  0.500 seconds
Refreshing native plugins compatible for Editor in 0.40 ms, found 3 plugins.
Native extension for iOS target not found
Native extension for Android target not found
Native extension for OSXStandalone target not found
Native extension for WebGL target not found
Mono: successfully reloaded assembly
- Finished resetting the current domain, in  0.509 seconds
Domain Reload Profiling: 1011ms
	BeginReloadAssembly (149ms)
		ExecutionOrderSort (0ms)
		DisableScriptedObjects (18ms)
		BackupInstance (0ms)
		ReleaseScriptingObjects (0ms)
		CreateAndSetChildDomain (59ms)
	RebuildCommonClasses (29ms)
	RebuildNativeTypeToScriptingClass (9ms)
	initialDomainReloadingComplete (14ms)
	LoadAllAssembliesAndSetupDomain (300ms)
		LoadAssemblies (214ms)
		RebuildTransferFunctionScriptingTraits (0ms)
		AnalyzeDomain (125ms)
			TypeCache.Refresh (13ms)
				TypeCache.ScanAssembly (0ms)
			BuildScriptInfoCaches (105ms)
			ResolveRequiredComponents (4ms)
	FinalizeReload (510ms)
		ReleaseScriptCaches (0ms)
		RebuildScriptCaches (0ms)
		SetupLoadedEditorAssemblies (422ms)
			LogAssemblyErrors (0ms)
			InitializePlatformSupportModulesInManaged (15ms)
			SetLoadedEditorAssemblies (4ms)
			BeforeProcessingInitializeOnLoad (88ms)
			ProcessInitializeOnLoadAttributes (284ms)
			ProcessInitializeOnLoadMethodAttributes (30ms)
			AfterProcessingInitializeOnLoad (1ms)
			EditorAssembliesLoaded (0ms)
		ExecutionOrderSort2 (0ms)
		AwakeInstancesAfterBackupRestoration (3ms)
Refreshing native plugins compatible for Editor in 0.48 ms, found 3 plugins.
Preloading 0 native plugins for Editor in 0.00 ms.
Unloading 0 Unused Serialized files (Serialized files now loaded: 0)
Unloading 4710 unused Assets / (0.5 MB). Loaded Objects now: 5593.
Memory consumption went from 102.2 MB to 101.6 MB.
Total: 5.251834 ms (FindLiveObjects: 0.276833 ms CreateObjectMapping: 0.134208 ms MarkObjects: 4.050250 ms  DeleteObjects: 0.789375 ms)

Prepare: number of updated asset objects reloaded= 0
========================================================================
Received Prepare
Begin MonoManager ReloadAssembly
Thread 0x2ada43000 may have been prematurely finalized
- Loaded All Assemblies, in  0.552 seconds
Refreshing native plugins compatible for Editor in 0.45 ms, found 3 plugins.
Native extension for iOS target not found
Native extension for Android target not found
Native extension for OSXStandalone target not found
Native extension for WebGL target not found
Mono: successfully reloaded assembly
- Finished resetting the current domain, in  0.586 seconds
Domain Reload Profiling: 1139ms
	BeginReloadAssembly (173ms)
		ExecutionOrderSort (0ms)
		DisableScriptedObjects (17ms)
		BackupInstance (0ms)
		ReleaseScriptingObjects (0ms)
		CreateAndSetChildDomain (72ms)
	RebuildCommonClasses (29ms)
	RebuildNativeTypeToScriptingClass (13ms)
	initialDomainReloadingComplete (18ms)
	LoadAllAssembliesAndSetupDomain (320ms)
		LoadAssemblies (232ms)
		RebuildTransferFunctionScriptingTraits (0ms)
		AnalyzeDomain (133ms)
			TypeCache.Refresh (21ms)
				TypeCache.ScanAssembly (0ms)
			BuildScriptInfoCaches (106ms)
			ResolveRequiredComponents (4ms)
	FinalizeReload (586ms)
		ReleaseScriptCaches (0ms)
		RebuildScriptCaches (0ms)
		SetupLoadedEditorAssemblies (477ms)
			LogAssemblyErrors (0ms)
			InitializePlatformSupportModulesInManaged (42ms)
			SetLoadedEditorAssemblies (4ms)
			BeforeProcessingInitializeOnLoad (85ms)
			ProcessInitializeOnLoadAttributes (315ms)
			ProcessInitializeOnLoadMethodAttributes (29ms)
			AfterProcessingInitializeOnLoad (1ms)
			EditorAssembliesLoaded (0ms)
		ExecutionOrderSort2 (0ms)
		AwakeInstancesAfterBackupRestoration (3ms)
Refreshing native plugins compatible for Editor in 0.64 ms, found 3 plugins.
Preloading 0 native plugins for Editor in 0.00 ms.
Unloading 0 Unused Serialized files (Serialized files now loaded: 0)
Unloading 4708 unused Assets / (0.7 MB). Loaded Objects now: 5595.
Memory consumption went from 100.3 MB to 99.7 MB.
Total: 5.911417 ms (FindLiveObjects: 0.313542 ms CreateObjectMapping: 0.155541 ms MarkObjects: 4.515750 ms  DeleteObjects: 0.925917 ms)

Prepare: number of updated asset objects reloaded= 0
========================================================================
Received Prepare
Begin MonoManager ReloadAssembly
Thread 0x2ada43000 may have been prematurely finalized
- Loaded All Assemblies, in  0.548 seconds
Refreshing native plugins compatible for Editor in 0.51 ms, found 3 plugins.
Native extension for iOS target not found
Native extension for Android target not found
Native extension for OSXStandalone target not found
Native extension for WebGL target not found
Mono: successfully reloaded assembly
- Finished resetting the current domain, in  0.480 seconds
Domain Reload Profiling: 1030ms
	BeginReloadAssembly (183ms)
		ExecutionOrderSort (0ms)
		DisableScriptedObjects (14ms)
		BackupInstance (0ms)
		ReleaseScriptingObjects (0ms)
		CreateAndSetChildDomain (76ms)
	RebuildCommonClasses (29ms)
	RebuildNativeTypeToScriptingClass (10ms)
	initialDomainReloadingComplete (16ms)
	LoadAllAssembliesAndSetupDomain (312ms)
		LoadAssemblies (227ms)
		RebuildTransferFunctionScriptingTraits (0ms)
		AnalyzeDomain (130ms)
			TypeCache.Refresh (11ms)
				TypeCache.ScanAssembly (0ms)
			BuildScriptInfoCaches (113ms)
			ResolveRequiredComponents (4ms)
	FinalizeReload (480ms)
		ReleaseScriptCaches (0ms)
		RebuildScriptCaches (0ms)
		SetupLoadedEditorAssemblies (388ms)
			LogAssemblyErrors (0ms)
			InitializePlatformSupportModulesInManaged (16ms)
			SetLoadedEditorAssemblies (4ms)
			BeforeProcessingInitializeOnLoad (79ms)
			ProcessInitializeOnLoadAttributes (262ms)
			ProcessInitializeOnLoadMethodAttributes (25ms)
			AfterProcessingInitializeOnLoad (1ms)
			EditorAssembliesLoaded (0ms)
		ExecutionOrderSort2 (0ms)
		AwakeInstancesAfterBackupRestoration (2ms)
Refreshing native plugins compatible for Editor in 0.45 ms, found 3 plugins.
Preloading 0 native plugins for Editor in 0.00 ms.
Unloading 0 Unused Serialized files (Serialized files now loaded: 0)
Unloading 4708 unused Assets / (1.0 MB). Loaded Objects now: 5597.
Memory consumption went from 98.6 MB to 97.5 MB.
Total: 4.980667 ms (FindLiveObjects: 0.241333 ms CreateObjectMapping: 0.126417 ms MarkObjects: 3.832791 ms  DeleteObjects: 0.779500 ms)

Prepare: number of updated asset objects reloaded= 0
========================================================================
Received Prepare
Begin MonoManager ReloadAssembly
Thread 0x2ad29f000 may have been prematurely finalized
- Loaded All Assemblies, in  0.444 seconds
Refreshing native plugins compatible for Editor in 0.39 ms, found 3 plugins.
Native extension for iOS target not found
Native extension for Android target not found
Native extension for OSXStandalone target not found
Native extension for WebGL target not found
Mono: successfully reloaded assembly
- Finished resetting the current domain, in  0.525 seconds
Domain Reload Profiling: 971ms
	BeginReloadAssembly (113ms)
		ExecutionOrderSort (0ms)
		DisableScriptedObjects (8ms)
		BackupInstance (0ms)
		ReleaseScriptingObjects (0ms)
		CreateAndSetChildDomain (44ms)
	RebuildCommonClasses (28ms)
	RebuildNativeTypeToScriptingClass (10ms)
	initialDomainReloadingComplete (14ms)
	LoadAllAssembliesAndSetupDomain (281ms)
		LoadAssemblies (202ms)
		RebuildTransferFunctionScriptingTraits (0ms)
		AnalyzeDomain (111ms)
			TypeCache.Refresh (8ms)
				TypeCache.ScanAssembly (0ms)
			BuildScriptInfoCaches (97ms)
			ResolveRequiredComponents (4ms)
	FinalizeReload (525ms)
		ReleaseScriptCaches (0ms)
		RebuildScriptCaches (0ms)
		SetupLoadedEditorAssemblies (432ms)
			LogAssemblyErrors (0ms)
			InitializePlatformSupportModulesInManaged (13ms)
			SetLoadedEditorAssemblies (3ms)
			BeforeProcessingInitializeOnLoad (78ms)
			ProcessInitializeOnLoadAttributes (307ms)
			ProcessInitializeOnLoadMethodAttributes (29ms)
			AfterProcessingInitializeOnLoad (1ms)
			EditorAssembliesLoaded (0ms)
		ExecutionOrderSort2 (0ms)
		AwakeInstancesAfterBackupRestoration (3ms)
Refreshing native plugins compatible for Editor in 0.51 ms, found 3 plugins.
Preloading 0 native plugins for Editor in 0.00 ms.
Unloading 0 Unused Serialized files (Serialized files now loaded: 0)
Unloading 4708 unused Assets / (1.0 MB). Loaded Objects now: 5599.
Memory consumption went from 98.2 MB to 97.3 MB.
Total: 5.770750 ms (FindLiveObjects: 0.300750 ms CreateObjectMapping: 0.145000 ms MarkObjects: 4.375000 ms  DeleteObjects: 0.949417 ms)

Prepare: number of updated asset objects reloaded= 0
========================================================================
Received Import Request.
  Time since last request: 1701.548510 seconds.
  path: Assets/CardsOparator/Scenes/EASY.unity
  artifactKey: Guid(3fc8acdd13e6c734bafef6554d6fdbcd) Importer(815301076,1909f56bfc062723c751e8b465ee728b)
Start importing Assets/CardsOparator/Scenes/EASY.unity using Guid(3fc8acdd13e6c734bafef6554d6fdbcd) Importer(815301076,1909f56bfc062723c751e8b465ee728b) (PreviewImporter) -> (artifact id: '7d14d64de6d6ef12d80fe6ee569aa05d') in 0.006895792 seconds
Number of updated asset objects reloaded before import = 0Number of asset objects unloaded after import = 0

========================================================================
Received Import Request.
  Time since last request: 277.940977 seconds.
  path: Assets/Violet Theme Ui/White Icons/White Cycle.png
  artifactKey: Guid(0430fd83cb0609c459842cdaaeb19fcf) Importer(815301076,1909f56bfc062723c751e8b465ee728b)
Start importing Assets/Violet Theme Ui/White Icons/White Cycle.png using Guid(0430fd83cb0609c459842cdaaeb19fcf) Importer(815301076,1909f56bfc062723c751e8b465ee728b) (PreviewImporter) -> (artifact id: '88f498307b9f48edf9fa333fb6a932a7') in 0.084505875 seconds
Number of updated asset objects reloaded before import = 0Number of asset objects unloaded after import = 3

========================================================================
Received Prepare
Begin MonoManager ReloadAssembly
Thread 0x2aead7000 may have been prematurely finalized
- Loaded All Assemblies, in  0.543 seconds
Refreshing native plugins compatible for Editor in 0.44 ms, found 3 plugins.
Native extension for iOS target not found
Native extension for Android target not found
Native extension for OSXStandalone target not found
Native extension for WebGL target not found
Mono: successfully reloaded assembly
- Finished resetting the current domain, in  0.474 seconds
Domain Reload Profiling: 1019ms
	BeginReloadAssembly (181ms)
		ExecutionOrderSort (0ms)
		DisableScriptedObjects (21ms)
		BackupInstance (0ms)
		ReleaseScriptingObjects (0ms)
		CreateAndSetChildDomain (70ms)
	RebuildCommonClasses (29ms)
	RebuildNativeTypeToScriptingClass (10ms)
	initialDomainReloadingComplete (16ms)
	LoadAllAssembliesAndSetupDomain (308ms)
		LoadAssemblies (236ms)
		RebuildTransferFunctionScriptingTraits (0ms)
		AnalyzeDomain (119ms)
			TypeCache.Refresh (11ms)
				TypeCache.ScanAssembly (1ms)
			BuildScriptInfoCaches (101ms)
			ResolveRequiredComponents (5ms)
	FinalizeReload (474ms)
		ReleaseScriptCaches (0ms)
		RebuildScriptCaches (0ms)
		SetupLoadedEditorAssemblies (383ms)
			LogAssemblyErrors (0ms)
			InitializePlatformSupportModulesInManaged (15ms)
			SetLoadedEditorAssemblies (3ms)
			BeforeProcessingInitializeOnLoad (77ms)
			ProcessInitializeOnLoadAttributes (263ms)
			ProcessInitializeOnLoadMethodAttributes (25ms)
			AfterProcessingInitializeOnLoad (1ms)
			EditorAssembliesLoaded (0ms)
		ExecutionOrderSort2 (0ms)
		AwakeInstancesAfterBackupRestoration (2ms)
Refreshing native plugins compatible for Editor in 0.47 ms, found 3 plugins.
Preloading 0 native plugins for Editor in 0.00 ms.
Unloading 0 Unused Serialized files (Serialized files now loaded: 0)
Unloading 4755 unused Assets / (1.1 MB). Loaded Objects now: 5648.
Memory consumption went from 98.4 MB to 97.3 MB.
Total: 5.050208 ms (FindLiveObjects: 0.255708 ms CreateObjectMapping: 0.147959 ms MarkObjects: 3.922542 ms  DeleteObjects: 0.723291 ms)

Prepare: number of updated asset objects reloaded= 0
========================================================================
Received Prepare
Refreshing native plugins compatible for Editor in 0.51 ms, found 3 plugins.
Preloading 0 native plugins for Editor in 0.00 ms.
Unloading 0 Unused Serialized files (Serialized files now loaded: 0)
Unloading 4744 unused Assets / (1.2 MB). Loaded Objects now: 5648.
Memory consumption went from 90.4 MB to 89.2 MB.
Total: 27.874791 ms (FindLiveObjects: 0.422958 ms CreateObjectMapping: 0.139541 ms MarkObjects: 26.166167 ms  DeleteObjects: 1.145375 ms)

Prepare: number of updated asset objects reloaded= 0
========================================================================
Received Prepare
Begin MonoManager ReloadAssembly
Thread 0x28ffcb000 may have been prematurely finalized
- Loaded All Assemblies, in  0.576 seconds
Refreshing native plugins compatible for Editor in 0.40 ms, found 3 plugins.
Native extension for iOS target not found
Native extension for Android target not found
Native extension for OSXStandalone target not found
Native extension for WebGL target not found
Mono: successfully reloaded assembly
- Finished resetting the current domain, in  0.538 seconds
Domain Reload Profiling: 1116ms
	BeginReloadAssembly (181ms)
		ExecutionOrderSort (0ms)
		DisableScriptedObjects (12ms)
		BackupInstance (0ms)
		ReleaseScriptingObjects (0ms)
		CreateAndSetChildDomain (63ms)
	RebuildCommonClasses (31ms)
	RebuildNativeTypeToScriptingClass (10ms)
	initialDomainReloadingComplete (24ms)
	LoadAllAssembliesAndSetupDomain (331ms)
		LoadAssemblies (252ms)
		RebuildTransferFunctionScriptingTraits (0ms)
		AnalyzeDomain (140ms)
			TypeCache.Refresh (11ms)
				TypeCache.ScanAssembly (1ms)
			BuildScriptInfoCaches (122ms)
			ResolveRequiredComponents (4ms)
	FinalizeReload (538ms)
		ReleaseScriptCaches (0ms)
		RebuildScriptCaches (0ms)
		SetupLoadedEditorAssemblies (440ms)
			LogAssemblyErrors (0ms)
			InitializePlatformSupportModulesInManaged (15ms)
			SetLoadedEditorAssemblies (3ms)
			BeforeProcessingInitializeOnLoad (86ms)
			ProcessInitializeOnLoadAttributes (306ms)
			ProcessInitializeOnLoadMethodAttributes (29ms)
			AfterProcessingInitializeOnLoad (1ms)
			EditorAssembliesLoaded (0ms)
		ExecutionOrderSort2 (0ms)
		AwakeInstancesAfterBackupRestoration (3ms)
Refreshing native plugins compatible for Editor in 0.47 ms, found 3 plugins.
Preloading 0 native plugins for Editor in 0.00 ms.
Unloading 0 Unused Serialized files (Serialized files now loaded: 0)
Unloading 4755 unused Assets / (1.0 MB). Loaded Objects now: 5650.
Memory consumption went from 98.4 MB to 97.4 MB.
Total: 5.001917 ms (FindLiveObjects: 0.249875 ms CreateObjectMapping: 0.139708 ms MarkObjects: 3.872750 ms  DeleteObjects: 0.739000 ms)

Prepare: number of updated asset objects reloaded= 0
========================================================================
Received Import Request.
  Time since last request: 631.259962 seconds.
  path: Assets/CardsOparator/Scenes/EASY.unity
  artifactKey: Guid(3fc8acdd13e6c734bafef6554d6fdbcd) Importer(815301076,1909f56bfc062723c751e8b465ee728b)
Start importing Assets/CardsOparator/Scenes/EASY.unity using Guid(3fc8acdd13e6c734bafef6554d6fdbcd) Importer(815301076,1909f56bfc062723c751e8b465ee728b) (PreviewImporter) -> (artifact id: 'fa302e02959e316159cc357131f66b42') in 0.001666292 seconds
Number of updated asset objects reloaded before import = 0Number of asset objects unloaded after import = 0

========================================================================
Received Prepare
Begin MonoManager ReloadAssembly
Thread 0x28ffcb000 may have been prematurely finalized
- Loaded All Assemblies, in  0.451 seconds
Refreshing native plugins compatible for Editor in 0.43 ms, found 3 plugins.
Native extension for iOS target not found
Native extension for Android target not found
Native extension for OSXStandalone target not found
Native extension for WebGL target not found
Mono: successfully reloaded assembly
- Finished resetting the current domain, in  0.479 seconds
Domain Reload Profiling: 932ms
	BeginReloadAssembly (110ms)
		ExecutionOrderSort (0ms)
		DisableScriptedObjects (8ms)
		BackupInstance (0ms)
		ReleaseScriptingObjects (0ms)
		CreateAndSetChildDomain (43ms)
	RebuildCommonClasses (29ms)
	RebuildNativeTypeToScriptingClass (10ms)
	initialDomainReloadingComplete (15ms)
	LoadAllAssembliesAndSetupDomain (289ms)
		LoadAssemblies (210ms)
		RebuildTransferFunctionScriptingTraits (0ms)
		AnalyzeDomain (112ms)
			TypeCache.Refresh (7ms)
				TypeCache.ScanAssembly (0ms)
			BuildScriptInfoCaches (99ms)
			ResolveRequiredComponents (4ms)
	FinalizeReload (480ms)
		ReleaseScriptCaches (0ms)
		RebuildScriptCaches (0ms)
		SetupLoadedEditorAssemblies (389ms)
			LogAssemblyErrors (0ms)
			InitializePlatformSupportModulesInManaged (16ms)
			SetLoadedEditorAssemblies (3ms)
			BeforeProcessingInitializeOnLoad (70ms)
			ProcessInitializeOnLoadAttributes (272ms)
			ProcessInitializeOnLoadMethodAttributes (27ms)
			AfterProcessingInitializeOnLoad (1ms)
			EditorAssembliesLoaded (0ms)
		ExecutionOrderSort2 (0ms)
		AwakeInstancesAfterBackupRestoration (2ms)
Refreshing native plugins compatible for Editor in 0.46 ms, found 3 plugins.
Preloading 0 native plugins for Editor in 0.00 ms.
Unloading 0 Unused Serialized files (Serialized files now loaded: 0)
Unloading 4755 unused Assets / (1.0 MB). Loaded Objects now: 5652.
Memory consumption went from 98.4 MB to 97.3 MB.
Total: 5.146625 ms (FindLiveObjects: 0.260208 ms CreateObjectMapping: 0.139667 ms MarkObjects: 3.845250 ms  DeleteObjects: 0.900875 ms)

Prepare: number of updated asset objects reloaded= 0
========================================================================
Received Prepare
Begin MonoManager ReloadAssembly
Thread 0x28ffcb000 may have been prematurely finalized
- Loaded All Assemblies, in  0.493 seconds
Refreshing native plugins compatible for Editor in 0.42 ms, found 3 plugins.
Native extension for iOS target not found
Native extension for Android target not found
Native extension for OSXStandalone target not found
Native extension for WebGL target not found
Mono: successfully reloaded assembly
- Finished resetting the current domain, in  0.472 seconds
Domain Reload Profiling: 967ms
	BeginReloadAssembly (152ms)
		ExecutionOrderSort (0ms)
		DisableScriptedObjects (11ms)
		BackupInstance (0ms)
		ReleaseScriptingObjects (0ms)
		CreateAndSetChildDomain (70ms)
	RebuildCommonClasses (31ms)
	RebuildNativeTypeToScriptingClass (12ms)
	initialDomainReloadingComplete (18ms)
	LoadAllAssembliesAndSetupDomain (282ms)
		LoadAssemblies (203ms)
		RebuildTransferFunctionScriptingTraits (0ms)
		AnalyzeDomain (118ms)
			TypeCache.Refresh (8ms)
				TypeCache.ScanAssembly (0ms)
			BuildScriptInfoCaches (103ms)
			ResolveRequiredComponents (4ms)
	FinalizeReload (472ms)
		ReleaseScriptCaches (0ms)
		RebuildScriptCaches (0ms)
		SetupLoadedEditorAssemblies (383ms)
			LogAssemblyErrors (0ms)
			InitializePlatformSupportModulesInManaged (15ms)
			SetLoadedEditorAssemblies (3ms)
			BeforeProcessingInitializeOnLoad (68ms)
			ProcessInitializeOnLoadAttributes (269ms)
			ProcessInitializeOnLoadMethodAttributes (28ms)
			AfterProcessingInitializeOnLoad (1ms)
			EditorAssembliesLoaded (0ms)
		ExecutionOrderSort2 (0ms)
		AwakeInstancesAfterBackupRestoration (3ms)
Refreshing native plugins compatible for Editor in 0.49 ms, found 3 plugins.
Preloading 0 native plugins for Editor in 0.00 ms.
Unloading 0 Unused Serialized files (Serialized files now loaded: 0)
Unloading 4755 unused Assets / (0.9 MB). Loaded Objects now: 5654.
Memory consumption went from 98.3 MB to 97.4 MB.
Total: 5.318833 ms (FindLiveObjects: 0.303375 ms CreateObjectMapping: 0.133542 ms MarkObjects: 4.033875 ms  DeleteObjects: 0.847542 ms)

Prepare: number of updated asset objects reloaded= 0
========================================================================
Received Prepare
Begin MonoManager ReloadAssembly
Thread 0x299d0b000 may have been prematurely finalized
- Loaded All Assemblies, in  0.434 seconds
Refreshing native plugins compatible for Editor in 0.42 ms, found 3 plugins.
Native extension for iOS target not found
Native extension for Android target not found
Native extension for OSXStandalone target not found
Native extension for WebGL target not found
Mono: successfully reloaded assembly
- Finished resetting the current domain, in  0.443 seconds
Domain Reload Profiling: 879ms
	BeginReloadAssembly (109ms)
		ExecutionOrderSort (0ms)
		DisableScriptedObjects (8ms)
		BackupInstance (0ms)
		ReleaseScriptingObjects (0ms)
		CreateAndSetChildDomain (42ms)
	RebuildCommonClasses (28ms)
	RebuildNativeTypeToScriptingClass (10ms)
	initialDomainReloadingComplete (15ms)
	LoadAllAssembliesAndSetupDomain (274ms)
		LoadAssemblies (196ms)
		RebuildTransferFunctionScriptingTraits (0ms)
		AnalyzeDomain (110ms)
			TypeCache.Refresh (8ms)
				TypeCache.ScanAssembly (0ms)
			BuildScriptInfoCaches (97ms)
			ResolveRequiredComponents (4ms)
	FinalizeReload (443ms)
		ReleaseScriptCaches (0ms)
		RebuildScriptCaches (0ms)
		SetupLoadedEditorAssemblies (360ms)
			LogAssemblyErrors (0ms)
			InitializePlatformSupportModulesInManaged (13ms)
			SetLoadedEditorAssemblies (3ms)
			BeforeProcessingInitializeOnLoad (66ms)
			ProcessInitializeOnLoadAttributes (254ms)
			ProcessInitializeOnLoadMethodAttributes (24ms)
			AfterProcessingInitializeOnLoad (1ms)
			EditorAssembliesLoaded (0ms)
		ExecutionOrderSort2 (0ms)
		AwakeInstancesAfterBackupRestoration (2ms)
Refreshing native plugins compatible for Editor in 0.55 ms, found 3 plugins.
Preloading 0 native plugins for Editor in 0.00 ms.
Unloading 0 Unused Serialized files (Serialized files now loaded: 0)
Unloading 4755 unused Assets / (1.0 MB). Loaded Objects now: 5656.
Memory consumption went from 98.3 MB to 97.3 MB.
Total: 5.848917 ms (FindLiveObjects: 0.687375 ms CreateObjectMapping: 0.266833 ms MarkObjects: 4.089083 ms  DeleteObjects: 0.805000 ms)

Prepare: number of updated asset objects reloaded= 0
========================================================================
Received Prepare
Begin MonoManager ReloadAssembly
Thread 0x2ad087000 may have been prematurely finalized
- Loaded All Assemblies, in  0.436 seconds
Refreshing native plugins compatible for Editor in 0.38 ms, found 3 plugins.
Native extension for iOS target not found
Native extension for Android target not found
Native extension for OSXStandalone target not found
Native extension for WebGL target not found
Mono: successfully reloaded assembly
- Finished resetting the current domain, in  0.455 seconds
Domain Reload Profiling: 894ms
	BeginReloadAssembly (106ms)
		ExecutionOrderSort (0ms)
		DisableScriptedObjects (8ms)
		BackupInstance (0ms)
		ReleaseScriptingObjects (0ms)
		CreateAndSetChildDomain (41ms)
	RebuildCommonClasses (29ms)
	RebuildNativeTypeToScriptingClass (10ms)
	initialDomainReloadingComplete (14ms)
	LoadAllAssembliesAndSetupDomain (280ms)
		LoadAssemblies (197ms)
		RebuildTransferFunctionScriptingTraits (0ms)
		AnalyzeDomain (114ms)
			TypeCache.Refresh (7ms)
				TypeCache.ScanAssembly (0ms)
			BuildScriptInfoCaches (101ms)
			ResolveRequiredComponents (4ms)
	FinalizeReload (455ms)
		ReleaseScriptCaches (0ms)
		RebuildScriptCaches (0ms)
		SetupLoadedEditorAssemblies (367ms)
			LogAssemblyErrors (0ms)
			InitializePlatformSupportModulesInManaged (12ms)
			SetLoadedEditorAssemblies (3ms)
			BeforeProcessingInitializeOnLoad (65ms)
			ProcessInitializeOnLoadAttributes (259ms)
			ProcessInitializeOnLoadMethodAttributes (27ms)
			AfterProcessingInitializeOnLoad (1ms)
			EditorAssembliesLoaded (0ms)
		ExecutionOrderSort2 (0ms)
		AwakeInstancesAfterBackupRestoration (3ms)
Refreshing native plugins compatible for Editor in 0.52 ms, found 3 plugins.
Preloading 0 native plugins for Editor in 0.00 ms.
Unloading 0 Unused Serialized files (Serialized files now loaded: 0)
Unloading 4755 unused Assets / (1.1 MB). Loaded Objects now: 5658.
Memory consumption went from 98.3 MB to 97.2 MB.
Total: 5.693625 ms (FindLiveObjects: 0.273833 ms CreateObjectMapping: 0.139708 ms MarkObjects: 4.377584 ms  DeleteObjects: 0.901875 ms)

Prepare: number of updated asset objects reloaded= 0
========================================================================
Received Prepare
Begin MonoManager ReloadAssembly
Thread 0x2ad087000 may have been prematurely finalized
- Loaded All Assemblies, in  0.571 seconds
Refreshing native plugins compatible for Editor in 0.40 ms, found 3 plugins.
Native extension for iOS target not found
Native extension for Android target not found
Native extension for OSXStandalone target not found
Native extension for WebGL target not found
Mono: successfully reloaded assembly
- Finished resetting the current domain, in  0.510 seconds
Domain Reload Profiling: 1083ms
	BeginReloadAssembly (194ms)
		ExecutionOrderSort (0ms)
		DisableScriptedObjects (13ms)
		BackupInstance (0ms)
		ReleaseScriptingObjects (1ms)
		CreateAndSetChildDomain (68ms)
	RebuildCommonClasses (32ms)
	RebuildNativeTypeToScriptingClass (11ms)
	initialDomainReloadingComplete (22ms)
	LoadAllAssembliesAndSetupDomain (314ms)
		LoadAssemblies (268ms)
		RebuildTransferFunctionScriptingTraits (0ms)
		AnalyzeDomain (120ms)
			TypeCache.Refresh (10ms)
				TypeCache.ScanAssembly (1ms)
			BuildScriptInfoCaches (104ms)
			ResolveRequiredComponents (4ms)
	FinalizeReload (510ms)
		ReleaseScriptCaches (0ms)
		RebuildScriptCaches (0ms)
		SetupLoadedEditorAssemblies (420ms)
			LogAssemblyErrors (0ms)
			InitializePlatformSupportModulesInManaged (14ms)
			SetLoadedEditorAssemblies (3ms)
			BeforeProcessingInitializeOnLoad (69ms)
			ProcessInitializeOnLoadAttributes (302ms)
			ProcessInitializeOnLoadMethodAttributes (31ms)
			AfterProcessingInitializeOnLoad (1ms)
			EditorAssembliesLoaded (0ms)
		ExecutionOrderSort2 (0ms)
		AwakeInstancesAfterBackupRestoration (3ms)
Refreshing native plugins compatible for Editor in 0.63 ms, found 3 plugins.
Preloading 0 native plugins for Editor in 0.00 ms.
Unloading 0 Unused Serialized files (Serialized files now loaded: 0)
Unloading 4755 unused Assets / (0.8 MB). Loaded Objects now: 5660.
Memory consumption went from 98.3 MB to 97.5 MB.
Total: 5.802875 ms (FindLiveObjects: 0.266875 ms CreateObjectMapping: 0.196416 ms MarkObjects: 4.250917 ms  DeleteObjects: 1.088334 ms)

Prepare: number of updated asset objects reloaded= 0
========================================================================
Received Import Request.
  Time since last request: 594.585381 seconds.
  path: Assets/CardsOparator/Scenes/EASY.unity
  artifactKey: Guid(3fc8acdd13e6c734bafef6554d6fdbcd) Importer(815301076,1909f56bfc062723c751e8b465ee728b)
Start importing Assets/CardsOparator/Scenes/EASY.unity using Guid(3fc8acdd13e6c734bafef6554d6fdbcd) Importer(815301076,1909f56bfc062723c751e8b465ee728b) (PreviewImporter) -> (artifact id: '9ddb5f9a9ee7ddb039fa7305a75f430b') in 0.001726125 seconds
Number of updated asset objects reloaded before import = 0Number of asset objects unloaded after import = 0

========================================================================
Received Prepare
Begin MonoManager ReloadAssembly
Thread 0x2ad087000 may have been prematurely finalized
- Loaded All Assemblies, in  0.457 seconds
Refreshing native plugins compatible for Editor in 0.40 ms, found 3 plugins.
Native extension for iOS target not found
Native extension for Android target not found
Native extension for OSXStandalone target not found
Native extension for WebGL target not found
Mono: successfully reloaded assembly
- Finished resetting the current domain, in  0.461 seconds
Domain Reload Profiling: 919ms
	BeginReloadAssembly (107ms)
		ExecutionOrderSort (0ms)
		DisableScriptedObjects (8ms)
		BackupInstance (0ms)
		ReleaseScriptingObjects (0ms)
		CreateAndSetChildDomain (42ms)
	RebuildCommonClasses (28ms)
	RebuildNativeTypeToScriptingClass (10ms)
	initialDomainReloadingComplete (15ms)
	LoadAllAssembliesAndSetupDomain (298ms)
		LoadAssemblies (210ms)
		RebuildTransferFunctionScriptingTraits (0ms)
		AnalyzeDomain (119ms)
			TypeCache.Refresh (8ms)
				TypeCache.ScanAssembly (0ms)
			BuildScriptInfoCaches (104ms)
			ResolveRequiredComponents (4ms)
	FinalizeReload (461ms)
		ReleaseScriptCaches (0ms)
		RebuildScriptCaches (0ms)
		SetupLoadedEditorAssemblies (376ms)
			LogAssemblyErrors (0ms)
			InitializePlatformSupportModulesInManaged (13ms)
			SetLoadedEditorAssemblies (3ms)
			BeforeProcessingInitializeOnLoad (69ms)
			ProcessInitializeOnLoadAttributes (265ms)
			ProcessInitializeOnLoadMethodAttributes (26ms)
			AfterProcessingInitializeOnLoad (1ms)
			EditorAssembliesLoaded (0ms)
		ExecutionOrderSort2 (0ms)
		AwakeInstancesAfterBackupRestoration (2ms)
Refreshing native plugins compatible for Editor in 0.46 ms, found 3 plugins.
Preloading 0 native plugins for Editor in 0.00 ms.
Unloading 0 Unused Serialized files (Serialized files now loaded: 0)
Unloading 4755 unused Assets / (1.2 MB). Loaded Objects now: 5662.
Memory consumption went from 98.3 MB to 97.1 MB.
Total: 5.498625 ms (FindLiveObjects: 0.271417 ms CreateObjectMapping: 0.136750 ms MarkObjects: 4.120791 ms  DeleteObjects: 0.969084 ms)

Prepare: number of updated asset objects reloaded= 0
========================================================================
Received Prepare
Begin MonoManager ReloadAssembly
Thread 0x2ad087000 may have been prematurely finalized
- Loaded All Assemblies, in  0.533 seconds
Refreshing native plugins compatible for Editor in 0.45 ms, found 3 plugins.
Native extension for iOS target not found
Native extension for Android target not found
Native extension for OSXStandalone target not found
Native extension for WebGL target not found
Mono: successfully reloaded assembly
- Finished resetting the current domain, in  0.612 seconds
Domain Reload Profiling: 1148ms
	BeginReloadAssembly (107ms)
		ExecutionOrderSort (0ms)
		DisableScriptedObjects (8ms)
		BackupInstance (0ms)
		ReleaseScriptingObjects (0ms)
		CreateAndSetChildDomain (42ms)
	RebuildCommonClasses (28ms)
	RebuildNativeTypeToScriptingClass (10ms)
	initialDomainReloadingComplete (16ms)
	LoadAllAssembliesAndSetupDomain (375ms)
		LoadAssemblies (259ms)
		RebuildTransferFunctionScriptingTraits (0ms)
		AnalyzeDomain (143ms)
			TypeCache.Refresh (10ms)
				TypeCache.ScanAssembly (0ms)
			BuildScriptInfoCaches (126ms)
			ResolveRequiredComponents (5ms)
	FinalizeReload (613ms)
		ReleaseScriptCaches (0ms)
		RebuildScriptCaches (0ms)
		SetupLoadedEditorAssemblies (501ms)
			LogAssemblyErrors (0ms)
			InitializePlatformSupportModulesInManaged (20ms)
			SetLoadedEditorAssemblies (3ms)
			BeforeProcessingInitializeOnLoad (79ms)
			ProcessInitializeOnLoadAttributes (362ms)
			ProcessInitializeOnLoadMethodAttributes (36ms)
			AfterProcessingInitializeOnLoad (1ms)
			EditorAssembliesLoaded (0ms)
		ExecutionOrderSort2 (0ms)
		AwakeInstancesAfterBackupRestoration (3ms)
Refreshing native plugins compatible for Editor in 0.70 ms, found 3 plugins.
Preloading 0 native plugins for Editor in 0.00 ms.
Unloading 0 Unused Serialized files (Serialized files now loaded: 0)
Unloading 4755 unused Assets / (0.6 MB). Loaded Objects now: 5664.
Memory consumption went from 98.3 MB to 97.7 MB.
Total: 7.300916 ms (FindLiveObjects: 0.315583 ms CreateObjectMapping: 0.154375 ms MarkObjects: 5.122167 ms  DeleteObjects: 1.708000 ms)

Prepare: number of updated asset objects reloaded= 0
========================================================================
Received Prepare
Begin MonoManager ReloadAssembly
Thread 0x2ad087000 may have been prematurely finalized
- Loaded All Assemblies, in  0.498 seconds
Refreshing native plugins compatible for Editor in 0.44 ms, found 3 plugins.
Native extension for iOS target not found
Native extension for Android target not found
Native extension for OSXStandalone target not found
Native extension for WebGL target not found
Mono: successfully reloaded assembly
- Finished resetting the current domain, in  0.473 seconds
Domain Reload Profiling: 972ms
	BeginReloadAssembly (129ms)
		ExecutionOrderSort (0ms)
		DisableScriptedObjects (9ms)
		BackupInstance (0ms)
		ReleaseScriptingObjects (0ms)
		CreateAndSetChildDomain (55ms)
	RebuildCommonClasses (32ms)
	RebuildNativeTypeToScriptingClass (14ms)
	initialDomainReloadingComplete (32ms)
	LoadAllAssembliesAndSetupDomain (292ms)
		LoadAssemblies (214ms)
		RebuildTransferFunctionScriptingTraits (0ms)
		AnalyzeDomain (116ms)
			TypeCache.Refresh (11ms)
				TypeCache.ScanAssembly (1ms)
			BuildScriptInfoCaches (98ms)
			ResolveRequiredComponents (4ms)
	FinalizeReload (473ms)
		ReleaseScriptCaches (0ms)
		RebuildScriptCaches (0ms)
		SetupLoadedEditorAssemblies (376ms)
			LogAssemblyErrors (0ms)
			InitializePlatformSupportModulesInManaged (15ms)
			SetLoadedEditorAssemblies (2ms)
			BeforeProcessingInitializeOnLoad (71ms)
			ProcessInitializeOnLoadAttributes (264ms)
			ProcessInitializeOnLoadMethodAttributes (23ms)
			AfterProcessingInitializeOnLoad (1ms)
			EditorAssembliesLoaded (0ms)
		ExecutionOrderSort2 (0ms)
		AwakeInstancesAfterBackupRestoration (2ms)
Refreshing native plugins compatible for Editor in 0.43 ms, found 3 plugins.
Preloading 0 native plugins for Editor in 0.00 ms.
Unloading 0 Unused Serialized files (Serialized files now loaded: 0)
Unloading 4755 unused Assets / (1.0 MB). Loaded Objects now: 5666.
Memory consumption went from 98.2 MB to 97.3 MB.
Total: 4.555750 ms (FindLiveObjects: 0.241709 ms CreateObjectMapping: 0.122209 ms MarkObjects: 3.497708 ms  DeleteObjects: 0.693625 ms)

Prepare: number of updated asset objects reloaded= 0
========================================================================
Received Prepare
Begin MonoManager ReloadAssembly
Thread 0x2ad087000 may have been prematurely finalized
- Loaded All Assemblies, in  0.450 seconds
Refreshing native plugins compatible for Editor in 0.38 ms, found 3 plugins.
Native extension for iOS target not found
Native extension for Android target not found
Native extension for OSXStandalone target not found
Native extension for WebGL target not found
Mono: successfully reloaded assembly
- Finished resetting the current domain, in  0.492 seconds
Domain Reload Profiling: 943ms
	BeginReloadAssembly (108ms)
		ExecutionOrderSort (0ms)
		DisableScriptedObjects (8ms)
		BackupInstance (0ms)
		ReleaseScriptingObjects (0ms)
		CreateAndSetChildDomain (42ms)
	RebuildCommonClasses (28ms)
	RebuildNativeTypeToScriptingClass (11ms)
	initialDomainReloadingComplete (15ms)
	LoadAllAssembliesAndSetupDomain (290ms)
		LoadAssemblies (212ms)
		RebuildTransferFunctionScriptingTraits (0ms)
		AnalyzeDomain (108ms)
			TypeCache.Refresh (10ms)
				TypeCache.ScanAssembly (0ms)
			BuildScriptInfoCaches (92ms)
			ResolveRequiredComponents (4ms)
	FinalizeReload (492ms)
		ReleaseScriptCaches (0ms)
		RebuildScriptCaches (0ms)
		SetupLoadedEditorAssemblies (408ms)
			LogAssemblyErrors (0ms)
			InitializePlatformSupportModulesInManaged (16ms)
			SetLoadedEditorAssemblies (3ms)
			BeforeProcessingInitializeOnLoad (69ms)
			ProcessInitializeOnLoadAttributes (293ms)
			ProcessInitializeOnLoadMethodAttributes (25ms)
			AfterProcessingInitializeOnLoad (1ms)
			EditorAssembliesLoaded (0ms)
		ExecutionOrderSort2 (0ms)
		AwakeInstancesAfterBackupRestoration (3ms)
Refreshing native plugins compatible for Editor in 0.45 ms, found 3 plugins.
Preloading 0 native plugins for Editor in 0.00 ms.
Unloading 0 Unused Serialized files (Serialized files now loaded: 0)
Unloading 4755 unused Assets / (0.6 MB). Loaded Objects now: 5668.
Memory consumption went from 98.2 MB to 97.6 MB.
Total: 5.061417 ms (FindLiveObjects: 0.268000 ms CreateObjectMapping: 0.132625 ms MarkObjects: 3.882542 ms  DeleteObjects: 0.777500 ms)

Prepare: number of updated asset objects reloaded= 0
========================================================================
Received Prepare
Begin MonoManager ReloadAssembly
Thread 0x2ad387000 may have been prematurely finalized
- Loaded All Assemblies, in  0.511 seconds
Refreshing native plugins compatible for Editor in 0.38 ms, found 3 plugins.
Native extension for iOS target not found
Native extension for Android target not found
Native extension for OSXStandalone target not found
Native extension for WebGL target not found
Mono: successfully reloaded assembly
- Finished resetting the current domain, in  0.505 seconds
Domain Reload Profiling: 1018ms
	BeginReloadAssembly (154ms)
		ExecutionOrderSort (0ms)
		DisableScriptedObjects (12ms)
		BackupInstance (0ms)
		ReleaseScriptingObjects (0ms)
		CreateAndSetChildDomain (65ms)
	RebuildCommonClasses (29ms)
	RebuildNativeTypeToScriptingClass (10ms)
	initialDomainReloadingComplete (15ms)
	LoadAllAssembliesAndSetupDomain (305ms)
		LoadAssemblies (230ms)
		RebuildTransferFunctionScriptingTraits (0ms)
		AnalyzeDomain (120ms)
			TypeCache.Refresh (10ms)
				TypeCache.ScanAssembly (0ms)
			BuildScriptInfoCaches (105ms)
			ResolveRequiredComponents (4ms)
	FinalizeReload (505ms)
		ReleaseScriptCaches (0ms)
		RebuildScriptCaches (0ms)
		SetupLoadedEditorAssemblies (418ms)
			LogAssemblyErrors (0ms)
			InitializePlatformSupportModulesInManaged (12ms)
			SetLoadedEditorAssemblies (3ms)
			BeforeProcessingInitializeOnLoad (88ms)
			ProcessInitializeOnLoadAttributes (289ms)
			ProcessInitializeOnLoadMethodAttributes (26ms)
			AfterProcessingInitializeOnLoad (1ms)
			EditorAssembliesLoaded (0ms)
		ExecutionOrderSort2 (0ms)
		AwakeInstancesAfterBackupRestoration (3ms)
Refreshing native plugins compatible for Editor in 0.48 ms, found 3 plugins.
Preloading 0 native plugins for Editor in 0.00 ms.
Unloading 0 Unused Serialized files (Serialized files now loaded: 0)
Unloading 4755 unused Assets / (0.8 MB). Loaded Objects now: 5670.
Memory consumption went from 98.2 MB to 97.4 MB.
Total: 5.713541 ms (FindLiveObjects: 0.265791 ms CreateObjectMapping: 0.145750 ms MarkObjects: 4.394084 ms  DeleteObjects: 0.907084 ms)

Prepare: number of updated asset objects reloaded= 0
========================================================================
Received Prepare
Begin MonoManager ReloadAssembly
Thread 0x2ad387000 may have been prematurely finalized
- Loaded All Assemblies, in  0.442 seconds
Refreshing native plugins compatible for Editor in 0.39 ms, found 3 plugins.
Native extension for iOS target not found
Native extension for Android target not found
Native extension for OSXStandalone target not found
Native extension for WebGL target not found
Mono: successfully reloaded assembly
- Finished resetting the current domain, in  0.480 seconds
Domain Reload Profiling: 924ms
	BeginReloadAssembly (110ms)
		ExecutionOrderSort (0ms)
		DisableScriptedObjects (8ms)
		BackupInstance (0ms)
		ReleaseScriptingObjects (0ms)
		CreateAndSetChildDomain (44ms)
	RebuildCommonClasses (30ms)
	RebuildNativeTypeToScriptingClass (10ms)
	initialDomainReloadingComplete (15ms)
	LoadAllAssembliesAndSetupDomain (278ms)
		LoadAssemblies (203ms)
		RebuildTransferFunctionScriptingTraits (0ms)
		AnalyzeDomain (107ms)
			TypeCache.Refresh (7ms)
				TypeCache.ScanAssembly (0ms)
			BuildScriptInfoCaches (94ms)
			ResolveRequiredComponents (4ms)
	FinalizeReload (480ms)
		ReleaseScriptCaches (0ms)
		RebuildScriptCaches (0ms)
		SetupLoadedEditorAssemblies (395ms)
			LogAssemblyErrors (0ms)
			InitializePlatformSupportModulesInManaged (13ms)
			SetLoadedEditorAssemblies (3ms)
			BeforeProcessingInitializeOnLoad (69ms)
			ProcessInitializeOnLoadAttributes (284ms)
			ProcessInitializeOnLoadMethodAttributes (25ms)
			AfterProcessingInitializeOnLoad (1ms)
			EditorAssembliesLoaded (0ms)
		ExecutionOrderSort2 (0ms)
		AwakeInstancesAfterBackupRestoration (3ms)
Refreshing native plugins compatible for Editor in 0.72 ms, found 3 plugins.
Preloading 0 native plugins for Editor in 0.00 ms.
Unloading 0 Unused Serialized files (Serialized files now loaded: 0)
Unloading 4755 unused Assets / (0.7 MB). Loaded Objects now: 5672.
Memory consumption went from 98.2 MB to 97.5 MB.
Total: 5.577583 ms (FindLiveObjects: 0.375375 ms CreateObjectMapping: 0.133916 ms MarkObjects: 4.145459 ms  DeleteObjects: 0.922125 ms)

Prepare: number of updated asset objects reloaded= 0
========================================================================
Received Prepare
Begin MonoManager ReloadAssembly
Thread 0x2ad387000 may have been prematurely finalized
- Loaded All Assemblies, in  0.590 seconds
Refreshing native plugins compatible for Editor in 0.38 ms, found 3 plugins.
Native extension for iOS target not found
Native extension for Android target not found
Native extension for OSXStandalone target not found
Native extension for WebGL target not found
Mono: successfully reloaded assembly
- Finished resetting the current domain, in  0.449 seconds
Domain Reload Profiling: 1042ms
	BeginReloadAssembly (197ms)
		ExecutionOrderSort (0ms)
		DisableScriptedObjects (13ms)
		BackupInstance (0ms)
		ReleaseScriptingObjects (1ms)
		CreateAndSetChildDomain (67ms)
	RebuildCommonClasses (29ms)
	RebuildNativeTypeToScriptingClass (11ms)
	initialDomainReloadingComplete (24ms)
	LoadAllAssembliesAndSetupDomain (331ms)
		LoadAssemblies (274ms)
		RebuildTransferFunctionScriptingTraits (0ms)
		AnalyzeDomain (133ms)
			TypeCache.Refresh (11ms)
				TypeCache.ScanAssembly (1ms)
			BuildScriptInfoCaches (116ms)
			ResolveRequiredComponents (4ms)
	FinalizeReload (449ms)
		ReleaseScriptCaches (0ms)
		RebuildScriptCaches (0ms)
		SetupLoadedEditorAssemblies (365ms)
			LogAssemblyErrors (0ms)
			InitializePlatformSupportModulesInManaged (13ms)
			SetLoadedEditorAssemblies (3ms)
			BeforeProcessingInitializeOnLoad (69ms)
			ProcessInitializeOnLoadAttributes (257ms)
			ProcessInitializeOnLoadMethodAttributes (22ms)
			AfterProcessingInitializeOnLoad (1ms)
			EditorAssembliesLoaded (0ms)
		ExecutionOrderSort2 (0ms)
		AwakeInstancesAfterBackupRestoration (2ms)
Refreshing native plugins compatible for Editor in 0.43 ms, found 3 plugins.
Preloading 0 native plugins for Editor in 0.00 ms.
Unloading 0 Unused Serialized files (Serialized files now loaded: 0)
Unloading 4755 unused Assets / (0.9 MB). Loaded Objects now: 5674.
Memory consumption went from 98.2 MB to 97.3 MB.
Total: 4.668791 ms (FindLiveObjects: 0.243084 ms CreateObjectMapping: 0.125166 ms MarkObjects: 3.588208 ms  DeleteObjects: 0.712000 ms)

Prepare: number of updated asset objects reloaded= 0
========================================================================
Received Prepare
Begin MonoManager ReloadAssembly
Thread 0x2ad387000 may have been prematurely finalized
- Loaded All Assemblies, in  0.449 seconds
Refreshing native plugins compatible for Editor in 0.38 ms, found 3 plugins.
Native extension for iOS target not found
Native extension for Android target not found
Native extension for OSXStandalone target not found
Native extension for WebGL target not found
Mono: successfully reloaded assembly
- Finished resetting the current domain, in  0.456 seconds
Domain Reload Profiling: 907ms
	BeginReloadAssembly (109ms)
		ExecutionOrderSort (0ms)
		DisableScriptedObjects (8ms)
		BackupInstance (0ms)
		ReleaseScriptingObjects (0ms)
		CreateAndSetChildDomain (44ms)
	RebuildCommonClasses (30ms)
	RebuildNativeTypeToScriptingClass (14ms)
	initialDomainReloadingComplete (18ms)
	LoadAllAssembliesAndSetupDomain (280ms)
		LoadAssemblies (199ms)
		RebuildTransferFunctionScriptingTraits (0ms)
		AnalyzeDomain (112ms)
			TypeCache.Refresh (7ms)
				TypeCache.ScanAssembly (0ms)
			BuildScriptInfoCaches (99ms)
			ResolveRequiredComponents (4ms)
	FinalizeReload (457ms)
		ReleaseScriptCaches (0ms)
		RebuildScriptCaches (0ms)
		SetupLoadedEditorAssemblies (371ms)
			LogAssemblyErrors (0ms)
			InitializePlatformSupportModulesInManaged (14ms)
			SetLoadedEditorAssemblies (3ms)
			BeforeProcessingInitializeOnLoad (66ms)
			ProcessInitializeOnLoadAttributes (262ms)
			ProcessInitializeOnLoadMethodAttributes (25ms)
			AfterProcessingInitializeOnLoad (1ms)
			EditorAssembliesLoaded (0ms)
		ExecutionOrderSort2 (0ms)
		AwakeInstancesAfterBackupRestoration (2ms)
Refreshing native plugins compatible for Editor in 0.52 ms, found 3 plugins.
Preloading 0 native plugins for Editor in 0.00 ms.
Unloading 0 Unused Serialized files (Serialized files now loaded: 0)
Unloading 4755 unused Assets / (0.8 MB). Loaded Objects now: 5676.
Memory consumption went from 98.2 MB to 97.4 MB.
Total: 4.881791 ms (FindLiveObjects: 0.245375 ms CreateObjectMapping: 0.129416 ms MarkObjects: 3.735417 ms  DeleteObjects: 0.771333 ms)

Prepare: number of updated asset objects reloaded= 0
========================================================================
Received Prepare
Begin MonoManager ReloadAssembly
Thread 0x2ad387000 may have been prematurely finalized
- Loaded All Assemblies, in  0.530 seconds
Refreshing native plugins compatible for Editor in 0.37 ms, found 3 plugins.
Native extension for iOS target not found
Native extension for Android target not found
Native extension for OSXStandalone target not found
Native extension for WebGL target not found
Mono: successfully reloaded assembly
- Finished resetting the current domain, in  0.440 seconds
Domain Reload Profiling: 972ms
	BeginReloadAssembly (187ms)
		ExecutionOrderSort (0ms)
		DisableScriptedObjects (19ms)
		BackupInstance (0ms)
		ReleaseScriptingObjects (0ms)
		CreateAndSetChildDomain (58ms)
	RebuildCommonClasses (30ms)
	RebuildNativeTypeToScriptingClass (10ms)
	initialDomainReloadingComplete (18ms)
	LoadAllAssembliesAndSetupDomain (287ms)
		LoadAssemblies (235ms)
		RebuildTransferFunctionScriptingTraits (0ms)
		AnalyzeDomain (129ms)
			TypeCache.Refresh (13ms)
				TypeCache.ScanAssembly (2ms)
			BuildScriptInfoCaches (109ms)
			ResolveRequiredComponents (4ms)
	FinalizeReload (440ms)
		ReleaseScriptCaches (0ms)
		RebuildScriptCaches (0ms)
		SetupLoadedEditorAssemblies (356ms)
			LogAssemblyErrors (0ms)
			InitializePlatformSupportModulesInManaged (13ms)
			SetLoadedEditorAssemblies (2ms)
			BeforeProcessingInitializeOnLoad (67ms)
			ProcessInitializeOnLoadAttributes (251ms)
			ProcessInitializeOnLoadMethodAttributes (22ms)
			AfterProcessingInitializeOnLoad (1ms)
			EditorAssembliesLoaded (0ms)
		ExecutionOrderSort2 (0ms)
		AwakeInstancesAfterBackupRestoration (2ms)
Refreshing native plugins compatible for Editor in 0.42 ms, found 3 plugins.
Preloading 0 native plugins for Editor in 0.00 ms.
Unloading 0 Unused Serialized files (Serialized files now loaded: 0)
Unloading 4755 unused Assets / (0.9 MB). Loaded Objects now: 5678.
Memory consumption went from 98.2 MB to 97.3 MB.
Total: 4.597250 ms (FindLiveObjects: 0.240917 ms CreateObjectMapping: 0.117584 ms MarkObjects: 3.618208 ms  DeleteObjects: 0.620125 ms)

Prepare: number of updated asset objects reloaded= 0
========================================================================
Received Prepare
Begin MonoManager ReloadAssembly
Thread 0x2ad387000 may have been prematurely finalized
- Loaded All Assemblies, in  0.456 seconds
Refreshing native plugins compatible for Editor in 0.38 ms, found 3 plugins.
Native extension for iOS target not found
Native extension for Android target not found
Native extension for OSXStandalone target not found
Native extension for WebGL target not found
Mono: successfully reloaded assembly
- Finished resetting the current domain, in  0.461 seconds
Domain Reload Profiling: 919ms
	BeginReloadAssembly (115ms)
		ExecutionOrderSort (0ms)
		DisableScriptedObjects (8ms)
		BackupInstance (0ms)
		ReleaseScriptingObjects (0ms)
		CreateAndSetChildDomain (42ms)
	RebuildCommonClasses (28ms)
	RebuildNativeTypeToScriptingClass (10ms)
	initialDomainReloadingComplete (15ms)
	LoadAllAssembliesAndSetupDomain (290ms)
		LoadAssemblies (213ms)
		RebuildTransferFunctionScriptingTraits (0ms)
		AnalyzeDomain (116ms)
			TypeCache.Refresh (8ms)
				TypeCache.ScanAssembly (0ms)
			BuildScriptInfoCaches (101ms)
			ResolveRequiredComponents (4ms)
	FinalizeReload (462ms)
		ReleaseScriptCaches (0ms)
		RebuildScriptCaches (0ms)
		SetupLoadedEditorAssemblies (376ms)
			LogAssemblyErrors (0ms)
			InitializePlatformSupportModulesInManaged (12ms)
			SetLoadedEditorAssemblies (3ms)
			BeforeProcessingInitializeOnLoad (69ms)
			ProcessInitializeOnLoadAttributes (266ms)
			ProcessInitializeOnLoadMethodAttributes (24ms)
			AfterProcessingInitializeOnLoad (1ms)
			EditorAssembliesLoaded (0ms)
		ExecutionOrderSort2 (0ms)
		AwakeInstancesAfterBackupRestoration (2ms)
Refreshing native plugins compatible for Editor in 0.51 ms, found 3 plugins.
Preloading 0 native plugins for Editor in 0.00 ms.
Unloading 0 Unused Serialized files (Serialized files now loaded: 0)
Unloading 4755 unused Assets / (0.5 MB). Loaded Objects now: 5680.
Memory consumption went from 98.2 MB to 97.7 MB.
Total: 4.715833 ms (FindLiveObjects: 0.255542 ms CreateObjectMapping: 0.124791 ms MarkObjects: 3.590917 ms  DeleteObjects: 0.744209 ms)

Prepare: number of updated asset objects reloaded= 0
========================================================================
Received Import Request.
  Time since last request: 1432.069057 seconds.
  path: Assets/CardsOparator/Scenes/EASY.unity
  artifactKey: Guid(3fc8acdd13e6c734bafef6554d6fdbcd) Importer(815301076,1909f56bfc062723c751e8b465ee728b)
Start importing Assets/CardsOparator/Scenes/EASY.unity using Guid(3fc8acdd13e6c734bafef6554d6fdbcd) Importer(815301076,1909f56bfc062723c751e8b465ee728b) (PreviewImporter) -> (artifact id: '4af5239a37e15859762369e7864be85f') in 0.004614416 seconds
Number of updated asset objects reloaded before import = 0Number of asset objects unloaded after import = 0

========================================================================
Received Prepare
Begin MonoManager ReloadAssembly
Thread 0x2ad387000 may have been prematurely finalized
- Loaded All Assemblies, in  0.522 seconds
Refreshing native plugins compatible for Editor in 0.38 ms, found 3 plugins.
Native extension for iOS target not found
Native extension for Android target not found
Native extension for OSXStandalone target not found
Native extension for WebGL target not found
Mono: successfully reloaded assembly
- Finished resetting the current domain, in  0.463 seconds
Domain Reload Profiling: 987ms
	BeginReloadAssembly (163ms)
		ExecutionOrderSort (0ms)
		DisableScriptedObjects (17ms)
		BackupInstance (0ms)
		ReleaseScriptingObjects (0ms)
		CreateAndSetChildDomain (75ms)
	RebuildCommonClasses (41ms)
	RebuildNativeTypeToScriptingClass (10ms)
	initialDomainReloadingComplete (26ms)
	LoadAllAssembliesAndSetupDomain (283ms)
		LoadAssemblies (214ms)
		RebuildTransferFunctionScriptingTraits (0ms)
		AnalyzeDomain (109ms)
			TypeCache.Refresh (9ms)
				TypeCache.ScanAssembly (0ms)
			BuildScriptInfoCaches (94ms)
			ResolveRequiredComponents (4ms)
	FinalizeReload (463ms)
		ReleaseScriptCaches (0ms)
		RebuildScriptCaches (0ms)
		SetupLoadedEditorAssemblies (377ms)
			LogAssemblyErrors (0ms)
			InitializePlatformSupportModulesInManaged (14ms)
			SetLoadedEditorAssemblies (3ms)
			BeforeProcessingInitializeOnLoad (70ms)
			ProcessInitializeOnLoadAttributes (265ms)
			ProcessInitializeOnLoadMethodAttributes (24ms)
			AfterProcessingInitializeOnLoad (1ms)
			EditorAssembliesLoaded (0ms)
		ExecutionOrderSort2 (0ms)
		AwakeInstancesAfterBackupRestoration (2ms)
Refreshing native plugins compatible for Editor in 0.54 ms, found 3 plugins.
Preloading 0 native plugins for Editor in 0.00 ms.
Unloading 0 Unused Serialized files (Serialized files now loaded: 0)
Unloading 4755 unused Assets / (1.1 MB). Loaded Objects now: 5682.
Memory consumption went from 98.2 MB to 97.2 MB.
Total: 5.300500 ms (FindLiveObjects: 0.246666 ms CreateObjectMapping: 0.128167 ms MarkObjects: 3.932500 ms  DeleteObjects: 0.992458 ms)

Prepare: number of updated asset objects reloaded= 0
========================================================================
Received Prepare
Begin MonoManager ReloadAssembly
Thread 0x2ad387000 may have been prematurely finalized
- Loaded All Assemblies, in  0.465 seconds
Refreshing native plugins compatible for Editor in 0.37 ms, found 3 plugins.
Native extension for iOS target not found
Native extension for Android target not found
Native extension for OSXStandalone target not found
Native extension for WebGL target not found
Mono: successfully reloaded assembly
- Finished resetting the current domain, in  0.491 seconds
Domain Reload Profiling: 957ms
	BeginReloadAssembly (126ms)
		ExecutionOrderSort (0ms)
		DisableScriptedObjects (10ms)
		BackupInstance (0ms)
		ReleaseScriptingObjects (0ms)
		CreateAndSetChildDomain (52ms)
	RebuildCommonClasses (29ms)
	RebuildNativeTypeToScriptingClass (10ms)
	initialDomainReloadingComplete (14ms)
	LoadAllAssembliesAndSetupDomain (286ms)
		LoadAssemblies (217ms)
		RebuildTransferFunctionScriptingTraits (0ms)
		AnalyzeDomain (106ms)
			TypeCache.Refresh (9ms)
				TypeCache.ScanAssembly (0ms)
			BuildScriptInfoCaches (91ms)
			ResolveRequiredComponents (4ms)
	FinalizeReload (491ms)
		ReleaseScriptCaches (0ms)
		RebuildScriptCaches (0ms)
		SetupLoadedEditorAssemblies (404ms)
			LogAssemblyErrors (0ms)
			InitializePlatformSupportModulesInManaged (13ms)
			SetLoadedEditorAssemblies (3ms)
			BeforeProcessingInitializeOnLoad (75ms)
			ProcessInitializeOnLoadAttributes (288ms)
			ProcessInitializeOnLoadMethodAttributes (25ms)
			AfterProcessingInitializeOnLoad (1ms)
			EditorAssembliesLoaded (0ms)
		ExecutionOrderSort2 (0ms)
		AwakeInstancesAfterBackupRestoration (2ms)
Refreshing native plugins compatible for Editor in 0.46 ms, found 3 plugins.
Preloading 0 native plugins for Editor in 0.00 ms.
Unloading 0 Unused Serialized files (Serialized files now loaded: 0)
Unloading 4755 unused Assets / (0.7 MB). Loaded Objects now: 5684.
Memory consumption went from 98.2 MB to 97.5 MB.
Total: 5.189708 ms (FindLiveObjects: 0.275208 ms CreateObjectMapping: 0.137459 ms MarkObjects: 3.972791 ms  DeleteObjects: 0.804000 ms)

Prepare: number of updated asset objects reloaded= 0
========================================================================
Received Import Request.
  Time since last request: 193.246856 seconds.
  path: Assets/CardsOparator/Scenes/menu.unity
  artifactKey: Guid(b13f191d9fd674015b3e318148600f11) Importer(815301076,1909f56bfc062723c751e8b465ee728b)
Start importing Assets/CardsOparator/Scenes/menu.unity using Guid(b13f191d9fd674015b3e318148600f11) Importer(815301076,1909f56bfc062723c751e8b465ee728b) (PreviewImporter) -> (artifact id: 'a99b549a6ff5ad1b5c6c24538b147af5') in 0.001064042 seconds
Number of updated asset objects reloaded before import = 0Number of asset objects unloaded after import = 0

========================================================================
Received Import Request.
  Time since last request: 36.601286 seconds.
  path: Assets/CardsOparator/Scenes/EASY.unity
  artifactKey: Guid(3fc8acdd13e6c734bafef6554d6fdbcd) Importer(815301076,1909f56bfc062723c751e8b465ee728b)
Start importing Assets/CardsOparator/Scenes/EASY.unity using Guid(3fc8acdd13e6c734bafef6554d6fdbcd) Importer(815301076,1909f56bfc062723c751e8b465ee728b) (PreviewImporter) -> (artifact id: '99ea86aef8124a3f8d6fa0cb42ad0e08') in 0.001264125 seconds
Number of updated asset objects reloaded before import = 0Number of asset objects unloaded after import = 0

========================================================================
Received Import Request.
  Time since last request: 247.533996 seconds.
  path: Assets/CardsOparator/Scenes/menu.unity
  artifactKey: Guid(b13f191d9fd674015b3e318148600f11) Importer(815301076,1909f56bfc062723c751e8b465ee728b)
Start importing Assets/CardsOparator/Scenes/menu.unity using Guid(b13f191d9fd674015b3e318148600f11) Importer(815301076,1909f56bfc062723c751e8b465ee728b) (PreviewImporter) -> (artifact id: '2de6a2d71fcd244bc8a202f9796ec619') in 0.000966625 seconds
Number of updated asset objects reloaded before import = 0Number of asset objects unloaded after import = 0

========================================================================
Received Import Request.
  Time since last request: 264.994655 seconds.
  path: Assets/CardsOparator/Scenes/menu.unity
  artifactKey: Guid(b13f191d9fd674015b3e318148600f11) Importer(815301076,1909f56bfc062723c751e8b465ee728b)
Start importing Assets/CardsOparator/Scenes/menu.unity using Guid(b13f191d9fd674015b3e318148600f11) Importer(815301076,1909f56bfc062723c751e8b465ee728b) (PreviewImporter) -> (artifact id: '33af00344361143e576b223278dbb2bc') in 0.000782292 seconds
Number of updated asset objects reloaded before import = 0Number of asset objects unloaded after import = 0

========================================================================
Received Prepare
Begin MonoManager ReloadAssembly
Thread 0x2ada43000 may have been prematurely finalized
- Loaded All Assemblies, in  0.594 seconds
Refreshing native plugins compatible for Editor in 0.37 ms, found 3 plugins.
Native extension for iOS target not found
Native extension for Android target not found
Native extension for OSXStandalone target not found
Native extension for WebGL target not found
Mono: successfully reloaded assembly
- Finished resetting the current domain, in  0.444 seconds
Domain Reload Profiling: 1040ms
	BeginReloadAssembly (203ms)
		ExecutionOrderSort (0ms)
		DisableScriptedObjects (25ms)
		BackupInstance (0ms)
		ReleaseScriptingObjects (0ms)
		CreateAndSetChildDomain (95ms)
	RebuildCommonClasses (29ms)
	RebuildNativeTypeToScriptingClass (10ms)
	initialDomainReloadingComplete (16ms)
	LoadAllAssembliesAndSetupDomain (337ms)
		LoadAssemblies (229ms)
		RebuildTransferFunctionScriptingTraits (0ms)
		AnalyzeDomain (149ms)
			TypeCache.Refresh (11ms)
				TypeCache.ScanAssembly (1ms)
			BuildScriptInfoCaches (131ms)
			ResolveRequiredComponents (4ms)
	FinalizeReload (444ms)
		ReleaseScriptCaches (0ms)
		RebuildScriptCaches (0ms)
		SetupLoadedEditorAssemblies (361ms)
			LogAssemblyErrors (0ms)
			InitializePlatformSupportModulesInManaged (14ms)
			SetLoadedEditorAssemblies (3ms)
			BeforeProcessingInitializeOnLoad (67ms)
			ProcessInitializeOnLoadAttributes (254ms)
			ProcessInitializeOnLoadMethodAttributes (23ms)
			AfterProcessingInitializeOnLoad (1ms)
			EditorAssembliesLoaded (0ms)
		ExecutionOrderSort2 (0ms)
		AwakeInstancesAfterBackupRestoration (2ms)
Refreshing native plugins compatible for Editor in 0.48 ms, found 3 plugins.
Preloading 0 native plugins for Editor in 0.00 ms.
Unloading 0 Unused Serialized files (Serialized files now loaded: 0)
Unloading 4755 unused Assets / (0.9 MB). Loaded Objects now: 5686.
Memory consumption went from 98.2 MB to 97.3 MB.
Total: 4.842834 ms (FindLiveObjects: 0.250042 ms CreateObjectMapping: 0.160083 ms MarkObjects: 3.775208 ms  DeleteObjects: 0.656750 ms)

Prepare: number of updated asset objects reloaded= 0
========================================================================
Received Prepare
Begin MonoManager ReloadAssembly
Thread 0x2ad387000 may have been prematurely finalized
- Loaded All Assemblies, in  0.451 seconds
Refreshing native plugins compatible for Editor in 0.38 ms, found 3 plugins.
Native extension for iOS target not found
Native extension for Android target not found
Native extension for OSXStandalone target not found
Native extension for WebGL target not found
Mono: successfully reloaded assembly
- Finished resetting the current domain, in  0.442 seconds
Domain Reload Profiling: 895ms
	BeginReloadAssembly (115ms)
		ExecutionOrderSort (0ms)
		DisableScriptedObjects (8ms)
		BackupInstance (0ms)
		ReleaseScriptingObjects (0ms)
		CreateAndSetChildDomain (48ms)
	RebuildCommonClasses (29ms)
	RebuildNativeTypeToScriptingClass (10ms)
	initialDomainReloadingComplete (15ms)
	LoadAllAssembliesAndSetupDomain (283ms)
		LoadAssemblies (210ms)
		RebuildTransferFunctionScriptingTraits (0ms)
		AnalyzeDomain (105ms)
			TypeCache.Refresh (7ms)
				TypeCache.ScanAssembly (0ms)
			BuildScriptInfoCaches (91ms)
			ResolveRequiredComponents (4ms)
	FinalizeReload (442ms)
		ReleaseScriptCaches (0ms)
		RebuildScriptCaches (0ms)
		SetupLoadedEditorAssemblies (359ms)
			LogAssemblyErrors (0ms)
			InitializePlatformSupportModulesInManaged (12ms)
			SetLoadedEditorAssemblies (2ms)
			BeforeProcessingInitializeOnLoad (68ms)
			ProcessInitializeOnLoadAttributes (254ms)
			ProcessInitializeOnLoadMethodAttributes (23ms)
			AfterProcessingInitializeOnLoad (1ms)
			EditorAssembliesLoaded (0ms)
		ExecutionOrderSort2 (0ms)
		AwakeInstancesAfterBackupRestoration (2ms)
Refreshing native plugins compatible for Editor in 0.45 ms, found 3 plugins.
Preloading 0 native plugins for Editor in 0.00 ms.
Unloading 0 Unused Serialized files (Serialized files now loaded: 0)
Unloading 4755 unused Assets / (1.0 MB). Loaded Objects now: 5688.
Memory consumption went from 98.1 MB to 97.1 MB.
Total: 4.856750 ms (FindLiveObjects: 0.259042 ms CreateObjectMapping: 0.135375 ms MarkObjects: 3.694666 ms  DeleteObjects: 0.766875 ms)

Prepare: number of updated asset objects reloaded= 0
========================================================================
Received Prepare
Begin MonoManager ReloadAssembly
Thread 0x2ad087000 may have been prematurely finalized
- Loaded All Assemblies, in  0.457 seconds
Refreshing native plugins compatible for Editor in 0.36 ms, found 3 plugins.
Native extension for iOS target not found
Native extension for Android target not found
Native extension for OSXStandalone target not found
Native extension for WebGL target not found
Mono: successfully reloaded assembly
- Finished resetting the current domain, in  0.494 seconds
Domain Reload Profiling: 953ms
	BeginReloadAssembly (114ms)
		ExecutionOrderSort (0ms)
		DisableScriptedObjects (8ms)
		BackupInstance (0ms)
		ReleaseScriptingObjects (0ms)
		CreateAndSetChildDomain (47ms)
	RebuildCommonClasses (30ms)
	RebuildNativeTypeToScriptingClass (11ms)
	initialDomainReloadingComplete (16ms)
	LoadAllAssembliesAndSetupDomain (288ms)
		LoadAssemblies (194ms)
		RebuildTransferFunctionScriptingTraits (0ms)
		AnalyzeDomain (126ms)
			TypeCache.Refresh (11ms)
				TypeCache.ScanAssembly (0ms)
			BuildScriptInfoCaches (109ms)
			ResolveRequiredComponents (4ms)
	FinalizeReload (494ms)
		ReleaseScriptCaches (0ms)
		RebuildScriptCaches (0ms)
		SetupLoadedEditorAssemblies (401ms)
			LogAssemblyErrors (0ms)
			InitializePlatformSupportModulesInManaged (13ms)
			SetLoadedEditorAssemblies (3ms)
			BeforeProcessingInitializeOnLoad (68ms)
			ProcessInitializeOnLoadAttributes (292ms)
			ProcessInitializeOnLoadMethodAttributes (25ms)
			AfterProcessingInitializeOnLoad (1ms)
			EditorAssembliesLoaded (0ms)
		ExecutionOrderSort2 (0ms)
		AwakeInstancesAfterBackupRestoration (2ms)
Refreshing native plugins compatible for Editor in 0.50 ms, found 3 plugins.
Preloading 0 native plugins for Editor in 0.00 ms.
Unloading 0 Unused Serialized files (Serialized files now loaded: 0)
Unloading 4755 unused Assets / (1.0 MB). Loaded Objects now: 5690.
Memory consumption went from 98.1 MB to 97.1 MB.
Total: 5.933917 ms (FindLiveObjects: 0.261917 ms CreateObjectMapping: 0.131208 ms MarkObjects: 4.690458 ms  DeleteObjects: 0.849708 ms)

Prepare: number of updated asset objects reloaded= 0
========================================================================
Received Import Request.
  Time since last request: 488.833262 seconds.
  path: Assets/CardsOparator/Scenes/EASY.unity
  artifactKey: Guid(3fc8acdd13e6c734bafef6554d6fdbcd) Importer(815301076,1909f56bfc062723c751e8b465ee728b)
Start importing Assets/CardsOparator/Scenes/EASY.unity using Guid(3fc8acdd13e6c734bafef6554d6fdbcd) Importer(815301076,1909f56bfc062723c751e8b465ee728b) (PreviewImporter) -> (artifact id: '160ecddc3072c225894b613ba4c7d733') in 0.018887625 seconds
Number of updated asset objects reloaded before import = 0Number of asset objects unloaded after import = 0

========================================================================
Received Import Request.
  Time since last request: 1.120847 seconds.
  path: Assets/CardsOparator/Scenes/menu.unity
  artifactKey: Guid(b13f191d9fd674015b3e318148600f11) Importer(815301076,1909f56bfc062723c751e8b465ee728b)
Start importing Assets/CardsOparator/Scenes/menu.unity using Guid(b13f191d9fd674015b3e318148600f11) Importer(815301076,1909f56bfc062723c751e8b465ee728b) (PreviewImporter) -> (artifact id: 'ed104867b363b268bce2b0fc3b7c8f1a') in 0.000511334 seconds
Number of updated asset objects reloaded before import = 0Number of asset objects unloaded after import = 0

========================================================================
Received Import Request.
  Time since last request: 3.690556 seconds.
  path: Assets/CardsOparator/Scenes/menu.unity
  artifactKey: Guid(b13f191d9fd674015b3e318148600f11) Importer(815301076,1909f56bfc062723c751e8b465ee728b)
Start importing Assets/CardsOparator/Scenes/menu.unity using Guid(b13f191d9fd674015b3e318148600f11) Importer(815301076,1909f56bfc062723c751e8b465ee728b) (PreviewImporter) -> (artifact id: '235e181c48873468108eb137fbcd790d') in 0.00149325 seconds
Number of updated asset objects reloaded before import = 0Number of asset objects unloaded after import = 0

========================================================================
Received Prepare
Begin MonoManager ReloadAssembly
Thread 0x2ad087000 may have been prematurely finalized
- Loaded All Assemblies, in  0.528 seconds
Refreshing native plugins compatible for Editor in 0.48 ms, found 3 plugins.
Native extension for iOS target not found
Native extension for Android target not found
Native extension for OSXStandalone target not found
Native extension for WebGL target not found
Mono: successfully reloaded assembly
- Finished resetting the current domain, in  0.528 seconds
Domain Reload Profiling: 1059ms
	BeginReloadAssembly (168ms)
		ExecutionOrderSort (0ms)
		DisableScriptedObjects (12ms)
		BackupInstance (0ms)
		ReleaseScriptingObjects (0ms)
		CreateAndSetChildDomain (85ms)
	RebuildCommonClasses (31ms)
	RebuildNativeTypeToScriptingClass (11ms)
	initialDomainReloadingComplete (16ms)
	LoadAllAssembliesAndSetupDomain (303ms)
		LoadAssemblies (232ms)
		RebuildTransferFunctionScriptingTraits (0ms)
		AnalyzeDomain (112ms)
			TypeCache.Refresh (8ms)
				TypeCache.ScanAssembly (0ms)
			BuildScriptInfoCaches (97ms)
			ResolveRequiredComponents (4ms)
	FinalizeReload (529ms)
		ReleaseScriptCaches (0ms)
		RebuildScriptCaches (0ms)
		SetupLoadedEditorAssemblies (433ms)
			LogAssemblyErrors (0ms)
			InitializePlatformSupportModulesInManaged (15ms)
			SetLoadedEditorAssemblies (3ms)
			BeforeProcessingInitializeOnLoad (96ms)
			ProcessInitializeOnLoadAttributes (293ms)
			ProcessInitializeOnLoadMethodAttributes (25ms)
			AfterProcessingInitializeOnLoad (1ms)
			EditorAssembliesLoaded (0ms)
		ExecutionOrderSort2 (0ms)
		AwakeInstancesAfterBackupRestoration (2ms)
Refreshing native plugins compatible for Editor in 0.47 ms, found 3 plugins.
Preloading 0 native plugins for Editor in 0.00 ms.
Unloading 0 Unused Serialized files (Serialized files now loaded: 0)
Unloading 4755 unused Assets / (0.8 MB). Loaded Objects now: 5692.
Memory consumption went from 98.1 MB to 97.4 MB.
Total: 5.524542 ms (FindLiveObjects: 0.283042 ms CreateObjectMapping: 0.140000 ms MarkObjects: 4.231292 ms  DeleteObjects: 0.869458 ms)

Prepare: number of updated asset objects reloaded= 0
========================================================================
Received Prepare
Begin MonoManager ReloadAssembly
Thread 0x2ad087000 may have been prematurely finalized
- Loaded All Assemblies, in  0.516 seconds
Refreshing native plugins compatible for Editor in 0.40 ms, found 3 plugins.
Native extension for iOS target not found
Native extension for Android target not found
Native extension for OSXStandalone target not found
Native extension for WebGL target not found
Mono: successfully reloaded assembly
- Finished resetting the current domain, in  0.513 seconds
Domain Reload Profiling: 1031ms
	BeginReloadAssembly (150ms)
		ExecutionOrderSort (0ms)
		DisableScriptedObjects (13ms)
		BackupInstance (0ms)
		ReleaseScriptingObjects (0ms)
		CreateAndSetChildDomain (59ms)
	RebuildCommonClasses (31ms)
	RebuildNativeTypeToScriptingClass (10ms)
	initialDomainReloadingComplete (17ms)
	LoadAllAssembliesAndSetupDomain (310ms)
		LoadAssemblies (244ms)
		RebuildTransferFunctionScriptingTraits (0ms)
		AnalyzeDomain (113ms)
			TypeCache.Refresh (9ms)
				TypeCache.ScanAssembly (0ms)
			BuildScriptInfoCaches (98ms)
			ResolveRequiredComponents (4ms)
	FinalizeReload (513ms)
		ReleaseScriptCaches (0ms)
		RebuildScriptCaches (0ms)
		SetupLoadedEditorAssemblies (423ms)
			LogAssemblyErrors (0ms)
			InitializePlatformSupportModulesInManaged (13ms)
			SetLoadedEditorAssemblies (3ms)
			BeforeProcessingInitializeOnLoad (74ms)
			ProcessInitializeOnLoadAttributes (302ms)
			ProcessInitializeOnLoadMethodAttributes (31ms)
			AfterProcessingInitializeOnLoad (1ms)
			EditorAssembliesLoaded (0ms)
		ExecutionOrderSort2 (0ms)
		AwakeInstancesAfterBackupRestoration (3ms)
Refreshing native plugins compatible for Editor in 0.54 ms, found 3 plugins.
Preloading 0 native plugins for Editor in 0.00 ms.
Unloading 0 Unused Serialized files (Serialized files now loaded: 0)
Unloading 4755 unused Assets / (0.7 MB). Loaded Objects now: 5694.
Memory consumption went from 98.1 MB to 97.4 MB.
Total: 5.799750 ms (FindLiveObjects: 0.279792 ms CreateObjectMapping: 0.181166 ms MarkObjects: 4.444250 ms  DeleteObjects: 0.893542 ms)

Prepare: number of updated asset objects reloaded= 0
========================================================================
Received Prepare
Begin MonoManager ReloadAssembly
Thread 0x2ad087000 may have been prematurely finalized
- Loaded All Assemblies, in  0.601 seconds
Refreshing native plugins compatible for Editor in 0.47 ms, found 3 plugins.
Native extension for iOS target not found
Native extension for Android target not found
Native extension for OSXStandalone target not found
Native extension for WebGL target not found
Mono: successfully reloaded assembly
- Finished resetting the current domain, in  0.503 seconds
Domain Reload Profiling: 1105ms
	BeginReloadAssembly (179ms)
		ExecutionOrderSort (0ms)
		DisableScriptedObjects (26ms)
		BackupInstance (0ms)
		ReleaseScriptingObjects (0ms)
		CreateAndSetChildDomain (69ms)
	RebuildCommonClasses (43ms)
	RebuildNativeTypeToScriptingClass (15ms)
	initialDomainReloadingComplete (58ms)
	LoadAllAssembliesAndSetupDomain (307ms)
		LoadAssemblies (221ms)
		RebuildTransferFunctionScriptingTraits (0ms)
		AnalyzeDomain (123ms)
			TypeCache.Refresh (10ms)
				TypeCache.ScanAssembly (1ms)
			BuildScriptInfoCaches (106ms)
			ResolveRequiredComponents (4ms)
	FinalizeReload (503ms)
		ReleaseScriptCaches (0ms)
		RebuildScriptCaches (0ms)
		SetupLoadedEditorAssemblies (406ms)
			LogAssemblyErrors (0ms)
			InitializePlatformSupportModulesInManaged (19ms)
			SetLoadedEditorAssemblies (3ms)
			BeforeProcessingInitializeOnLoad (78ms)
			ProcessInitializeOnLoadAttributes (281ms)
			ProcessInitializeOnLoadMethodAttributes (24ms)
			AfterProcessingInitializeOnLoad (1ms)
			EditorAssembliesLoaded (0ms)
		ExecutionOrderSort2 (0ms)
		AwakeInstancesAfterBackupRestoration (2ms)
Refreshing native plugins compatible for Editor in 0.55 ms, found 3 plugins.
Preloading 0 native plugins for Editor in 0.00 ms.
Unloading 0 Unused Serialized files (Serialized files now loaded: 0)
Unloading 4755 unused Assets / (1.0 MB). Loaded Objects now: 5696.
Memory consumption went from 98.1 MB to 97.1 MB.
Total: 5.046750 ms (FindLiveObjects: 0.251625 ms CreateObjectMapping: 0.132459 ms MarkObjects: 3.945250 ms  DeleteObjects: 0.716834 ms)

Prepare: number of updated asset objects reloaded= 0
========================================================================
Received Prepare
Begin MonoManager ReloadAssembly
Thread 0x2ad087000 may have been prematurely finalized
- Loaded All Assemblies, in  0.460 seconds
Refreshing native plugins compatible for Editor in 0.38 ms, found 3 plugins.
Native extension for iOS target not found
Native extension for Android target not found
Native extension for OSXStandalone target not found
Native extension for WebGL target not found
Mono: successfully reloaded assembly
- Finished resetting the current domain, in  0.504 seconds
Domain Reload Profiling: 966ms
	BeginReloadAssembly (109ms)
		ExecutionOrderSort (0ms)
		DisableScriptedObjects (8ms)
		BackupInstance (0ms)
		ReleaseScriptingObjects (0ms)
		CreateAndSetChildDomain (44ms)
	RebuildCommonClasses (28ms)
	RebuildNativeTypeToScriptingClass (11ms)
	initialDomainReloadingComplete (15ms)
	LoadAllAssembliesAndSetupDomain (299ms)
		LoadAssemblies (213ms)
		RebuildTransferFunctionScriptingTraits (0ms)
		AnalyzeDomain (117ms)
			TypeCache.Refresh (7ms)
				TypeCache.ScanAssembly (0ms)
			BuildScriptInfoCaches (104ms)
			ResolveRequiredComponents (4ms)
	FinalizeReload (504ms)
		ReleaseScriptCaches (0ms)
		RebuildScriptCaches (0ms)
		SetupLoadedEditorAssemblies (409ms)
			LogAssemblyErrors (0ms)
			InitializePlatformSupportModulesInManaged (12ms)
			SetLoadedEditorAssemblies (3ms)
			BeforeProcessingInitializeOnLoad (75ms)
			ProcessInitializeOnLoadAttributes (289ms)
			ProcessInitializeOnLoadMethodAttributes (30ms)
			AfterProcessingInitializeOnLoad (1ms)
			EditorAssembliesLoaded (0ms)
		ExecutionOrderSort2 (0ms)
		AwakeInstancesAfterBackupRestoration (3ms)
Refreshing native plugins compatible for Editor in 0.53 ms, found 3 plugins.
Preloading 0 native plugins for Editor in 0.00 ms.
Unloading 0 Unused Serialized files (Serialized files now loaded: 0)
Unloading 4755 unused Assets / (501.5 KB). Loaded Objects now: 5698.
Memory consumption went from 98.1 MB to 97.6 MB.
Total: 6.469458 ms (FindLiveObjects: 0.335542 ms CreateObjectMapping: 0.398167 ms MarkObjects: 4.857750 ms  DeleteObjects: 0.877083 ms)

Prepare: number of updated asset objects reloaded= 0
========================================================================
Received Import Request.
  Time since last request: 486.594276 seconds.
  path: Assets/CardsOparator/Scenes/EASY.unity
  artifactKey: Guid(3fc8acdd13e6c734bafef6554d6fdbcd) Importer(815301076,1909f56bfc062723c751e8b465ee728b)
Start importing Assets/CardsOparator/Scenes/EASY.unity using Guid(3fc8acdd13e6c734bafef6554d6fdbcd) Importer(815301076,1909f56bfc062723c751e8b465ee728b) (PreviewImporter) -> (artifact id: '5c8748003a20a4c064576f21b17af193') in 0.002573125 seconds
Number of updated asset objects reloaded before import = 0Number of asset objects unloaded after import = 0

========================================================================
Received Import Request.
  Time since last request: 2.007020 seconds.
  path: Assets/CardsOparator/Scenes/EASY 1.unity
  artifactKey: Guid(4e782fd1a4ee54a23b4bfa3037395109) Importer(815301076,1909f56bfc062723c751e8b465ee728b)
Start importing Assets/CardsOparator/Scenes/EASY 1.unity using Guid(4e782fd1a4ee54a23b4bfa3037395109) Importer(815301076,1909f56bfc062723c751e8b465ee728b) (PreviewImporter) -> (artifact id: 'ba3a553abc4a9d686cb8304410266c28') in 0.000682625 seconds
Number of updated asset objects reloaded before import = 0Number of asset objects unloaded after import = 0

========================================================================
Received Import Request.
  Time since last request: 356.025746 seconds.
  path: Assets/CardsOparator/Scenes/EASY.unity
  artifactKey: Guid(3fc8acdd13e6c734bafef6554d6fdbcd) Importer(815301076,1909f56bfc062723c751e8b465ee728b)
Start importing Assets/CardsOparator/Scenes/EASY.unity using Guid(3fc8acdd13e6c734bafef6554d6fdbcd) Importer(815301076,1909f56bfc062723c751e8b465ee728b) (PreviewImporter) -> (artifact id: 'adc445e9295085d83e59eb757e26e440') in 0.001838291 seconds
Number of updated asset objects reloaded before import = 0Number of asset objects unloaded after import = 0

========================================================================
Received Prepare
Begin MonoManager ReloadAssembly
Thread 0x2ad087000 may have been prematurely finalized
- Loaded All Assemblies, in  0.634 seconds
Refreshing native plugins compatible for Editor in 0.44 ms, found 3 plugins.
Native extension for iOS target not found
Native extension for Android target not found
Native extension for OSXStandalone target not found
Native extension for WebGL target not found
Mono: successfully reloaded assembly
- Finished resetting the current domain, in  0.516 seconds
Domain Reload Profiling: 1152ms
	BeginReloadAssembly (237ms)
		ExecutionOrderSort (0ms)
		DisableScriptedObjects (22ms)
		BackupInstance (0ms)
		ReleaseScriptingObjects (0ms)
		CreateAndSetChildDomain (77ms)
	RebuildCommonClasses (31ms)
	RebuildNativeTypeToScriptingClass (10ms)
	initialDomainReloadingComplete (16ms)
	LoadAllAssembliesAndSetupDomain (341ms)
		LoadAssemblies (307ms)
		RebuildTransferFunctionScriptingTraits (0ms)
		AnalyzeDomain (124ms)
			TypeCache.Refresh (11ms)
				TypeCache.ScanAssembly (0ms)
			BuildScriptInfoCaches (106ms)
			ResolveRequiredComponents (4ms)
	FinalizeReload (516ms)
		ReleaseScriptCaches (0ms)
		RebuildScriptCaches (0ms)
		SetupLoadedEditorAssemblies (409ms)
			LogAssemblyErrors (0ms)
			InitializePlatformSupportModulesInManaged (14ms)
			SetLoadedEditorAssemblies (3ms)
			BeforeProcessingInitializeOnLoad (69ms)
			ProcessInitializeOnLoadAttributes (292ms)
			ProcessInitializeOnLoadMethodAttributes (30ms)
			AfterProcessingInitializeOnLoad (1ms)
			EditorAssembliesLoaded (0ms)
		ExecutionOrderSort2 (0ms)
		AwakeInstancesAfterBackupRestoration (3ms)
Refreshing native plugins compatible for Editor in 0.54 ms, found 3 plugins.
Preloading 0 native plugins for Editor in 0.00 ms.
Unloading 0 Unused Serialized files (Serialized files now loaded: 0)
Unloading 4755 unused Assets / (1.1 MB). Loaded Objects now: 5700.
Memory consumption went from 98.0 MB to 97.0 MB.
Total: 5.965084 ms (FindLiveObjects: 0.328583 ms CreateObjectMapping: 0.147417 ms MarkObjects: 4.509791 ms  DeleteObjects: 0.978542 ms)

Prepare: number of updated asset objects reloaded= 0
========================================================================
Received Import Request.
  Time since last request: 153.989194 seconds.
  path: Assets/CardsOparator/Scenes/EASY.unity
  artifactKey: Guid(3fc8acdd13e6c734bafef6554d6fdbcd) Importer(815301076,1909f56bfc062723c751e8b465ee728b)
Start importing Assets/CardsOparator/Scenes/EASY.unity using Guid(3fc8acdd13e6c734bafef6554d6fdbcd) Importer(815301076,1909f56bfc062723c751e8b465ee728b) (PreviewImporter) -> (artifact id: '209a735caf188240c0596483c35a1451') in 0.004921417 seconds
Number of updated asset objects reloaded before import = 0Number of asset objects unloaded after import = 0

========================================================================
Received Import Request.
  Time since last request: 20.204133 seconds.
  path: Assets/CardsOparator/Scenes/HARD.unity
  artifactKey: Guid(3fc8acdd13e6c734bafef6554d6fdbcd) Importer(815301076,1909f56bfc062723c751e8b465ee728b)
Start importing Assets/CardsOparator/Scenes/HARD.unity using Guid(3fc8acdd13e6c734bafef6554d6fdbcd) Importer(815301076,1909f56bfc062723c751e8b465ee728b) (PreviewImporter) -> (artifact id: '30fe9fa98812163c8f4f1f9544046470') in 0.000646125 seconds
Number of updated asset objects reloaded before import = 0Number of asset objects unloaded after import = 0

========================================================================
Received Import Request.
  Time since last request: 11.677093 seconds.
  path: Assets/CardsOparator/Scenes/EASY.unity
  artifactKey: Guid(4e782fd1a4ee54a23b4bfa3037395109) Importer(815301076,1909f56bfc062723c751e8b465ee728b)
Start importing Assets/CardsOparator/Scenes/EASY.unity using Guid(4e782fd1a4ee54a23b4bfa3037395109) Importer(815301076,1909f56bfc062723c751e8b465ee728b) (PreviewImporter) -> (artifact id: '060899783116eb593dbbe9d1802b89c8') in 0.000449667 seconds
Number of updated asset objects reloaded before import = 0Number of asset objects unloaded after import = 0

========================================================================
Received Import Request.
  Time since last request: 17.856176 seconds.
  path: Assets/CardsOparator/Scenes/HARD.unity
  artifactKey: Guid(3fc8acdd13e6c734bafef6554d6fdbcd) Importer(815301076,1909f56bfc062723c751e8b465ee728b)
Start importing Assets/CardsOparator/Scenes/HARD.unity using Guid(3fc8acdd13e6c734bafef6554d6fdbcd) Importer(815301076,1909f56bfc062723c751e8b465ee728b) (PreviewImporter) -> (artifact id: 'bda82d70988c6a48574154cc7013f223') in 0.000544667 seconds
Number of updated asset objects reloaded before import = 0Number of asset objects unloaded after import = 0

========================================================================
Received Import Request.
  Time since last request: 339.577813 seconds.
  path: Assets/CardsOparator/Scenes/EASY 1.unity
  artifactKey: Guid(3d201e78c842c4a739533f79c45d4c47) Importer(815301076,1909f56bfc062723c751e8b465ee728b)
Start importing Assets/CardsOparator/Scenes/EASY 1.unity using Guid(3d201e78c842c4a739533f79c45d4c47) Importer(815301076,1909f56bfc062723c751e8b465ee728b) (PreviewImporter) -> (artifact id: 'afb76043635fb26f6cd6867e0b8b978c') in 0.000800042 seconds
Number of updated asset objects reloaded before import = 0Number of asset objects unloaded after import = 0

========================================================================
Received Import Request.
  Time since last request: 10.701538 seconds.
  path: Assets/CardsOparator/Scenes/HARD.unity
  artifactKey: Guid(3d201e78c842c4a739533f79c45d4c47) Importer(815301076,1909f56bfc062723c751e8b465ee728b)
Start importing Assets/CardsOparator/Scenes/HARD.unity using Guid(3d201e78c842c4a739533f79c45d4c47) Importer(815301076,1909f56bfc062723c751e8b465ee728b) (PreviewImporter) -> (artifact id: 'de4f210b850a78f2d4a7b74b270a26a1') in 0.000699042 seconds
Number of updated asset objects reloaded before import = 0Number of asset objects unloaded after import = 0

========================================================================
Received Prepare
Begin MonoManager ReloadAssembly
Thread 0x2ad087000 may have been prematurely finalized
- Loaded All Assemblies, in  0.514 seconds
Refreshing native plugins compatible for Editor in 0.41 ms, found 3 plugins.
Native extension for iOS target not found
Native extension for Android target not found
Native extension for OSXStandalone target not found
Native extension for WebGL target not found
Mono: successfully reloaded assembly
- Finished resetting the current domain, in  0.508 seconds
Domain Reload Profiling: 1024ms
	BeginReloadAssembly (173ms)
		ExecutionOrderSort (0ms)
		DisableScriptedObjects (12ms)
		BackupInstance (0ms)
		ReleaseScriptingObjects (0ms)
		CreateAndSetChildDomain (72ms)
	RebuildCommonClasses (37ms)
	RebuildNativeTypeToScriptingClass (10ms)
	initialDomainReloadingComplete (16ms)
	LoadAllAssembliesAndSetupDomain (280ms)
		LoadAssemblies (213ms)
		RebuildTransferFunctionScriptingTraits (0ms)
		AnalyzeDomain (111ms)
			TypeCache.Refresh (8ms)
				TypeCache.ScanAssembly (0ms)
			BuildScriptInfoCaches (97ms)
			ResolveRequiredComponents (4ms)
	FinalizeReload (508ms)
		ReleaseScriptCaches (0ms)
		RebuildScriptCaches (0ms)
		SetupLoadedEditorAssemblies (405ms)
			LogAssemblyErrors (0ms)
			InitializePlatformSupportModulesInManaged (13ms)
			SetLoadedEditorAssemblies (3ms)
			BeforeProcessingInitializeOnLoad (73ms)
			ProcessInitializeOnLoadAttributes (285ms)
			ProcessInitializeOnLoadMethodAttributes (30ms)
			AfterProcessingInitializeOnLoad (1ms)
			EditorAssembliesLoaded (0ms)
		ExecutionOrderSort2 (0ms)
		AwakeInstancesAfterBackupRestoration (3ms)
Refreshing native plugins compatible for Editor in 0.43 ms, found 3 plugins.
Preloading 0 native plugins for Editor in 0.00 ms.
Unloading 0 Unused Serialized files (Serialized files now loaded: 0)
Unloading 4755 unused Assets / (1.2 MB). Loaded Objects now: 5702.
Memory consumption went from 98.0 MB to 96.7 MB.
Total: 5.369875 ms (FindLiveObjects: 0.264125 ms CreateObjectMapping: 0.136125 ms MarkObjects: 3.952541 ms  DeleteObjects: 1.016542 ms)

Prepare: number of updated asset objects reloaded= 0
========================================================================
Received Prepare
Begin MonoManager ReloadAssembly
Thread 0x2ad113000 may have been prematurely finalized
- Loaded All Assemblies, in  0.439 seconds
Refreshing native plugins compatible for Editor in 0.38 ms, found 3 plugins.
Native extension for iOS target not found
Native extension for Android target not found
Native extension for OSXStandalone target not found
Native extension for WebGL target not found
Mono: successfully reloaded assembly
- Finished resetting the current domain, in  0.491 seconds
Domain Reload Profiling: 932ms
	BeginReloadAssembly (116ms)
		ExecutionOrderSort (0ms)
		DisableScriptedObjects (8ms)
		BackupInstance (0ms)
		ReleaseScriptingObjects (0ms)
		CreateAndSetChildDomain (45ms)
	RebuildCommonClasses (26ms)
	RebuildNativeTypeToScriptingClass (10ms)
	initialDomainReloadingComplete (14ms)
	LoadAllAssembliesAndSetupDomain (275ms)
		LoadAssemblies (198ms)
		RebuildTransferFunctionScriptingTraits (0ms)
		AnalyzeDomain (113ms)
			TypeCache.Refresh (8ms)
				TypeCache.ScanAssembly (0ms)
			BuildScriptInfoCaches (100ms)
			ResolveRequiredComponents (4ms)
	FinalizeReload (492ms)
		ReleaseScriptCaches (0ms)
		RebuildScriptCaches (0ms)
		SetupLoadedEditorAssemblies (401ms)
			LogAssemblyErrors (0ms)
			InitializePlatformSupportModulesInManaged (13ms)
			SetLoadedEditorAssemblies (3ms)
			BeforeProcessingInitializeOnLoad (69ms)
			ProcessInitializeOnLoadAttributes (286ms)
			ProcessInitializeOnLoadMethodAttributes (30ms)
			AfterProcessingInitializeOnLoad (1ms)
			EditorAssembliesLoaded (0ms)
		ExecutionOrderSort2 (0ms)
		AwakeInstancesAfterBackupRestoration (3ms)
Refreshing native plugins compatible for Editor in 0.53 ms, found 3 plugins.
Preloading 0 native plugins for Editor in 0.00 ms.
Unloading 0 Unused Serialized files (Serialized files now loaded: 0)
Unloading 4755 unused Assets / (0.7 MB). Loaded Objects now: 5704.
Memory consumption went from 97.9 MB to 97.2 MB.
Total: 5.292000 ms (FindLiveObjects: 0.265375 ms CreateObjectMapping: 0.143625 ms MarkObjects: 4.009083 ms  DeleteObjects: 0.873291 ms)

Prepare: number of updated asset objects reloaded= 0
========================================================================
Received Prepare
Begin MonoManager ReloadAssembly
Thread 0x28ffcb000 may have been prematurely finalized
- Loaded All Assemblies, in  0.533 seconds
Refreshing native plugins compatible for Editor in 0.39 ms, found 3 plugins.
Native extension for iOS target not found
Native extension for Android target not found
Native extension for OSXStandalone target not found
Native extension for WebGL target not found
Mono: successfully reloaded assembly
- Finished resetting the current domain, in  0.473 seconds
Domain Reload Profiling: 1008ms
	BeginReloadAssembly (187ms)
		ExecutionOrderSort (0ms)
		DisableScriptedObjects (13ms)
		BackupInstance (0ms)
		ReleaseScriptingObjects (0ms)
		CreateAndSetChildDomain (68ms)
	RebuildCommonClasses (29ms)
	RebuildNativeTypeToScriptingClass (10ms)
	initialDomainReloadingComplete (16ms)
	LoadAllAssembliesAndSetupDomain (293ms)
		LoadAssemblies (243ms)
		RebuildTransferFunctionScriptingTraits (0ms)
		AnalyzeDomain (111ms)
			TypeCache.Refresh (9ms)
				TypeCache.ScanAssembly (0ms)
			BuildScriptInfoCaches (96ms)
			ResolveRequiredComponents (4ms)
	FinalizeReload (473ms)
		ReleaseScriptCaches (0ms)
		RebuildScriptCaches (0ms)
		SetupLoadedEditorAssemblies (382ms)
			LogAssemblyErrors (0ms)
			InitializePlatformSupportModulesInManaged (13ms)
			SetLoadedEditorAssemblies (3ms)
			BeforeProcessingInitializeOnLoad (72ms)
			ProcessInitializeOnLoadAttributes (270ms)
			ProcessInitializeOnLoadMethodAttributes (24ms)
			AfterProcessingInitializeOnLoad (1ms)
			EditorAssembliesLoaded (0ms)
		ExecutionOrderSort2 (0ms)
		AwakeInstancesAfterBackupRestoration (2ms)
Refreshing native plugins compatible for Editor in 0.47 ms, found 3 plugins.
Preloading 0 native plugins for Editor in 0.00 ms.
Unloading 0 Unused Serialized files (Serialized files now loaded: 0)
Unloading 4755 unused Assets / (1.2 MB). Loaded Objects now: 5706.
Memory consumption went from 97.9 MB to 96.8 MB.
Total: 4.984625 ms (FindLiveObjects: 0.258833 ms CreateObjectMapping: 0.134625 ms MarkObjects: 3.845459 ms  DeleteObjects: 0.745208 ms)

Prepare: number of updated asset objects reloaded= 0
