Unity Editor version:    6000.0.38f1 (82314a941f2d)
Branch:                  6000.0/staging
Build type:              Release
Batch mode:              YES
macOS version:           Version 14.0 (Build 23A344)
Darwin version:          23.0.0
Architecture:            arm64
Running under Rosetta:   NO
Available memory:        16384 MB
Using pre-set license
Pro License: YES

COMMAND LINE ARGUMENTS:
/Applications/Unity/Hub/Editor/6000.0.38f1/Unity.app/Contents/MacOS/Unity
-adb2
-batchMode
-noUpm
-name
AssetImportWorker1
-projectPath
/Users/macbook/Documents/Unity-Game/kor/CardOparator
-logFile
Logs/AssetImportWorker1.log
-srvPort
51558
-job-worker-count
3
-background-job-worker-count
8
-gc-helper-count
1
Successfully changed project path to: /Users/macbook/Documents/Unity-Game/kor/CardOparator
/Users/macbook/Documents/Unity-Game/kor/CardOparator
[UnityMemory] Configuration Parameters - Can be set up in boot.config
    "memorysetup-bucket-allocator-granularity=16"
    "memorysetup-bucket-allocator-bucket-count=8"
    "memorysetup-bucket-allocator-block-size=33554432"
    "memorysetup-bucket-allocator-block-count=8"
    "memorysetup-main-allocator-block-size=16777216"
    "memorysetup-thread-allocator-block-size=16777216"
    "memorysetup-gfx-main-allocator-block-size=16777216"
    "memorysetup-gfx-thread-allocator-block-size=16777216"
    "memorysetup-cache-allocator-block-size=4194304"
    "memorysetup-typetree-allocator-block-size=2097152"
    "memorysetup-profiler-bucket-allocator-granularity=16"
    "memorysetup-profiler-bucket-allocator-bucket-count=8"
    "memorysetup-profiler-bucket-allocator-block-size=33554432"
    "memorysetup-profiler-bucket-allocator-block-count=8"
    "memorysetup-profiler-allocator-block-size=16777216"
    "memorysetup-profiler-editor-allocator-block-size=1048576"
    "memorysetup-temp-allocator-size-main=16777216"
    "memorysetup-job-temp-allocator-block-size=2097152"
    "memorysetup-job-temp-allocator-block-size-background=1048576"
    "memorysetup-job-temp-allocator-reduction-small-platforms=262144"
    "memorysetup-allocator-temp-initial-block-size-main=262144"
    "memorysetup-allocator-temp-initial-block-size-worker=262144"
    "memorysetup-temp-allocator-size-background-worker=32768"
    "memorysetup-temp-allocator-size-job-worker=262144"
    "memorysetup-temp-allocator-size-preload-manager=33554432"
    "memorysetup-temp-allocator-size-nav-mesh-worker=65536"
    "memorysetup-temp-allocator-size-audio-worker=65536"
    "memorysetup-temp-allocator-size-cloud-worker=32768"
    "memorysetup-temp-allocator-size-gi-baking-worker=262144"
    "memorysetup-temp-allocator-size-gi-baking-worker=262144"
    "memorysetup-temp-allocator-size-gi-baking-worker=262144"
    "memorysetup-temp-allocator-size-gi-baking-worker=262144"
    "memorysetup-temp-allocator-size-gi-baking-worker=262144"
    "memorysetup-temp-allocator-size-gfx=262144"
Player connection [8151831296]  Target information:

Player connection [8151831296]  * "[IP] 192.168.1.106 [Port] 0 [Flags] 2 [Guid] 3995280966 [EditorId] 3995280966 [Version] 1048832 [Id] OSXEditor(0,MacBooks-MacBook-Pro.local) [Debug] 1 [PackageName] OSXEditor [ProjectName] Editor" 

Player connection [8151831296] Host joined multi-casting on [225.0.0.222:54997]...
Player connection [8151831296] Host joined alternative multi-casting on [225.0.0.222:34997]...
JobSystem: Creating JobQueue using job-worker-count value 3
Input System module state changed to: Initialized.
[Physics::Module] Initialized fallback backend.
[Physics::Module] Id: 0xdecafbad
Library Redirect Path: Library/
[Physics::Module] Selected backend.
[Physics::Module] Name: PhysX
[Physics::Module] Id: 0xf2b8ea05
[Physics::Module] SDK Version: 4.1.2
[Physics::Module] Integration Version: 1.0.0
[Physics::Module] Threading Mode: Multi-Threaded
Refreshing native plugins compatible for Editor in 1.55 ms, found 3 plugins.
Preloading 0 native plugins for Editor in 0.00 ms.
Initialize engine version: 6000.0.38f1 (82314a941f2d)
[Subsystems] Discovering subsystems at path /Applications/Unity/Hub/Editor/6000.0.38f1/Unity.app/Contents/Resources/UnitySubsystems
[Subsystems] Discovering subsystems at path /Users/macbook/Documents/Unity-Game/kor/CardOparator/Assets
GfxDevice: creating device client; kGfxThreadingModeNonThreaded
 preferred device: Apple M1 Pro (high power)
Metal devices available: 1
0: Apple M1 Pro (high power)
Using device Apple M1 Pro (high power)
Initializing Metal device caps: Apple M1 Pro
Initialize mono
Mono path[0] = '/Applications/Unity/Hub/Editor/6000.0.38f1/Unity.app/Contents/Managed'
Mono path[1] = '/Applications/Unity/Hub/Editor/6000.0.38f1/Unity.app/Contents/MonoBleedingEdge/lib/mono/unityjit-macos'
Mono config path = '/Applications/Unity/Hub/Editor/6000.0.38f1/Unity.app/Contents/MonoBleedingEdge/etc'
Using monoOptions --debugger-agent=transport=dt_socket,embedding=1,server=y,suspend=n,address=127.0.0.1:56915
Begin MonoManager ReloadAssembly
Registering precompiled unity dll's ...
Register platform support module: /Applications/Unity/Hub/Editor/6000.0.38f1/PlaybackEngines/WebGLSupport/UnityEditor.WebGL.Extensions.dll
Register platform support module: /Applications/Unity/Hub/Editor/6000.0.38f1/Unity.app/Contents/PlaybackEngines/MacStandaloneSupport/UnityEditor.OSXStandalone.Extensions.dll
Register platform support module: /Applications/Unity/Hub/Editor/6000.0.38f1/PlaybackEngines/AndroidPlayer/UnityEditor.Android.Extensions.dll
Register platform support module: /Applications/Unity/Hub/Editor/6000.0.38f1/PlaybackEngines/iOSSupport/UnityEditor.iOS.Extensions.dll
Registered in 0.001302 seconds.
- Loaded All Assemblies, in  0.315 seconds
[usbmuxd] Start listen thread
[usbmuxd] Listen thread started
[usbmuxd] Send listen message
Native extension for iOS target not found
Native extension for Android target not found
Android Extension - Scanning For ADB Devices 77 ms
Native extension for OSXStandalone target not found
Native extension for WebGL target not found
Mono: successfully reloaded assembly
- Finished resetting the current domain, in  0.421 seconds
Domain Reload Profiling: 735ms
	BeginReloadAssembly (96ms)
		ExecutionOrderSort (0ms)
		DisableScriptedObjects (0ms)
		BackupInstance (0ms)
		ReleaseScriptingObjects (0ms)
		CreateAndSetChildDomain (0ms)
	RebuildCommonClasses (31ms)
	RebuildNativeTypeToScriptingClass (10ms)
	initialDomainReloadingComplete (33ms)
	LoadAllAssembliesAndSetupDomain (144ms)
		LoadAssemblies (96ms)
		RebuildTransferFunctionScriptingTraits (0ms)
		AnalyzeDomain (141ms)
			TypeCache.Refresh (140ms)
				TypeCache.ScanAssembly (127ms)
			BuildScriptInfoCaches (0ms)
			ResolveRequiredComponents (0ms)
	FinalizeReload (421ms)
		ReleaseScriptCaches (0ms)
		RebuildScriptCaches (0ms)
		SetupLoadedEditorAssemblies (385ms)
			LogAssemblyErrors (0ms)
			InitializePlatformSupportModulesInManaged (199ms)
			SetLoadedEditorAssemblies (4ms)
			BeforeProcessingInitializeOnLoad (42ms)
			ProcessInitializeOnLoadAttributes (92ms)
			ProcessInitializeOnLoadMethodAttributes (49ms)
			AfterProcessingInitializeOnLoad (0ms)
			EditorAssembliesLoaded (0ms)
		ExecutionOrderSort2 (0ms)
		AwakeInstancesAfterBackupRestoration (0ms)
========================================================================
Worker process is ready to serve import requests
Import Worker Mode flag is 0x00
Begin MonoManager ReloadAssembly
- Loaded All Assemblies, in  0.488 seconds
Refreshing native plugins compatible for Editor in 0.37 ms, found 3 plugins.
Native extension for iOS target not found
Native extension for Android target not found
Native extension for OSXStandalone target not found
Native extension for WebGL target not found
Mono: successfully reloaded assembly
- Finished resetting the current domain, in  0.472 seconds
Domain Reload Profiling: 960ms
	BeginReloadAssembly (90ms)
		ExecutionOrderSort (0ms)
		DisableScriptedObjects (4ms)
		BackupInstance (0ms)
		ReleaseScriptingObjects (0ms)
		CreateAndSetChildDomain (28ms)
	RebuildCommonClasses (33ms)
	RebuildNativeTypeToScriptingClass (10ms)
	initialDomainReloadingComplete (25ms)
	LoadAllAssembliesAndSetupDomain (330ms)
		LoadAssemblies (196ms)
		RebuildTransferFunctionScriptingTraits (0ms)
		AnalyzeDomain (170ms)
			TypeCache.Refresh (139ms)
				TypeCache.ScanAssembly (123ms)
			BuildScriptInfoCaches (25ms)
			ResolveRequiredComponents (4ms)
	FinalizeReload (472ms)
		ReleaseScriptCaches (0ms)
		RebuildScriptCaches (0ms)
		SetupLoadedEditorAssemblies (389ms)
			LogAssemblyErrors (0ms)
			InitializePlatformSupportModulesInManaged (14ms)
			SetLoadedEditorAssemblies (4ms)
			BeforeProcessingInitializeOnLoad (78ms)
			ProcessInitializeOnLoadAttributes (267ms)
			ProcessInitializeOnLoadMethodAttributes (25ms)
			AfterProcessingInitializeOnLoad (1ms)
			EditorAssembliesLoaded (0ms)
		ExecutionOrderSort2 (0ms)
		AwakeInstancesAfterBackupRestoration (2ms)
Launching external process: /Applications/Unity/Hub/Editor/6000.0.38f1/Unity.app/Contents/Tools/UnityShaderCompiler
Launched and connected shader compiler UnityShaderCompiler after 0.05 seconds
Refreshing native plugins compatible for Editor in 0.51 ms, found 3 plugins.
Preloading 0 native plugins for Editor in 0.00 ms.
Unloading 14 Unused Serialized files (Serialized files now loaded: 0)
Unloading 4710 unused Assets / (1.0 MB). Loaded Objects now: 5200.
Memory consumption went from 90.0 MB to 88.9 MB.
Total: 5.663542 ms (FindLiveObjects: 0.620583 ms CreateObjectMapping: 0.129292 ms MarkObjects: 4.258333 ms  DeleteObjects: 0.654834 ms)

========================================================================
Received Prepare
Begin MonoManager ReloadAssembly
Thread 0x287313000 may have been prematurely finalized
- Loaded All Assemblies, in  0.463 seconds
Refreshing native plugins compatible for Editor in 0.34 ms, found 3 plugins.
Native extension for iOS target not found
Native extension for Android target not found
Native extension for OSXStandalone target not found
Native extension for WebGL target not found
Mono: successfully reloaded assembly
- Finished resetting the current domain, in  0.490 seconds
Domain Reload Profiling: 955ms
	BeginReloadAssembly (111ms)
		ExecutionOrderSort (0ms)
		DisableScriptedObjects (8ms)
		BackupInstance (0ms)
		ReleaseScriptingObjects (0ms)
		CreateAndSetChildDomain (44ms)
	RebuildCommonClasses (32ms)
	RebuildNativeTypeToScriptingClass (10ms)
	initialDomainReloadingComplete (16ms)
	LoadAllAssembliesAndSetupDomain (295ms)
		LoadAssemblies (206ms)
		RebuildTransferFunctionScriptingTraits (0ms)
		AnalyzeDomain (121ms)
			TypeCache.Refresh (7ms)
				TypeCache.ScanAssembly (0ms)
			BuildScriptInfoCaches (107ms)
			ResolveRequiredComponents (4ms)
	FinalizeReload (490ms)
		ReleaseScriptCaches (0ms)
		RebuildScriptCaches (0ms)
		SetupLoadedEditorAssemblies (399ms)
			LogAssemblyErrors (0ms)
			InitializePlatformSupportModulesInManaged (13ms)
			SetLoadedEditorAssemblies (5ms)
			BeforeProcessingInitializeOnLoad (81ms)
			ProcessInitializeOnLoadAttributes (276ms)
			ProcessInitializeOnLoadMethodAttributes (24ms)
			AfterProcessingInitializeOnLoad (1ms)
			EditorAssembliesLoaded (0ms)
		ExecutionOrderSort2 (0ms)
		AwakeInstancesAfterBackupRestoration (2ms)
Refreshing native plugins compatible for Editor in 0.47 ms, found 3 plugins.
Preloading 0 native plugins for Editor in 0.00 ms.
Unloading 0 Unused Serialized files (Serialized files now loaded: 0)
Unloading 4708 unused Assets / (0.9 MB). Loaded Objects now: 5203.
Memory consumption went from 98.8 MB to 97.9 MB.
Total: 4.771709 ms (FindLiveObjects: 0.224084 ms CreateObjectMapping: 0.127291 ms MarkObjects: 3.789459 ms  DeleteObjects: 0.630208 ms)

Prepare: number of updated asset objects reloaded= 0
========================================================================
Received Prepare
Begin MonoManager ReloadAssembly
Thread 0x285c07000 may have been prematurely finalized
- Loaded All Assemblies, in  0.446 seconds
Refreshing native plugins compatible for Editor in 0.42 ms, found 3 plugins.
Native extension for iOS target not found
Native extension for Android target not found
Native extension for OSXStandalone target not found
Native extension for WebGL target not found
Mono: successfully reloaded assembly
- Finished resetting the current domain, in  0.476 seconds
Domain Reload Profiling: 924ms
	BeginReloadAssembly (112ms)
		ExecutionOrderSort (0ms)
		DisableScriptedObjects (11ms)
		BackupInstance (0ms)
		ReleaseScriptingObjects (0ms)
		CreateAndSetChildDomain (41ms)
	RebuildCommonClasses (32ms)
	RebuildNativeTypeToScriptingClass (10ms)
	initialDomainReloadingComplete (14ms)
	LoadAllAssembliesAndSetupDomain (279ms)
		LoadAssemblies (194ms)
		RebuildTransferFunctionScriptingTraits (0ms)
		AnalyzeDomain (119ms)
			TypeCache.Refresh (7ms)
				TypeCache.ScanAssembly (0ms)
			BuildScriptInfoCaches (106ms)
			ResolveRequiredComponents (4ms)
	FinalizeReload (476ms)
		ReleaseScriptCaches (0ms)
		RebuildScriptCaches (0ms)
		SetupLoadedEditorAssemblies (378ms)
			LogAssemblyErrors (0ms)
			InitializePlatformSupportModulesInManaged (13ms)
			SetLoadedEditorAssemblies (5ms)
			BeforeProcessingInitializeOnLoad (79ms)
			ProcessInitializeOnLoadAttributes (254ms)
			ProcessInitializeOnLoadMethodAttributes (26ms)
			AfterProcessingInitializeOnLoad (1ms)
			EditorAssembliesLoaded (0ms)
		ExecutionOrderSort2 (0ms)
		AwakeInstancesAfterBackupRestoration (2ms)
Refreshing native plugins compatible for Editor in 0.47 ms, found 3 plugins.
Preloading 0 native plugins for Editor in 0.00 ms.
Unloading 0 Unused Serialized files (Serialized files now loaded: 0)
Unloading 4708 unused Assets / (0.8 MB). Loaded Objects now: 5205.
Memory consumption went from 97.1 MB to 96.2 MB.
Total: 4.565583 ms (FindLiveObjects: 0.206083 ms CreateObjectMapping: 0.124584 ms MarkObjects: 3.651208 ms  DeleteObjects: 0.583166 ms)

Prepare: number of updated asset objects reloaded= 0
========================================================================
Received Import Request.
  Time since last request: 6642.742430 seconds.
  path: Assets/CardsOparator/Music/game-over-39-199830.mp3
  artifactKey: Guid(7c5f19ea0b1fd4b9d9dc841514ff8705) Importer(815301076,1909f56bfc062723c751e8b465ee728b)
Start importing Assets/CardsOparator/Music/game-over-39-199830.mp3 using Guid(7c5f19ea0b1fd4b9d9dc841514ff8705) Importer(815301076,1909f56bfc062723c751e8b465ee728b) (PreviewImporter) -> (artifact id: 'fe0c1d13c10d8fd03c40ff2c26c54c64') in 0.155069875 seconds
Number of updated asset objects reloaded before import = 0Number of asset objects unloaded after import = 2

========================================================================
Received Import Request.
  Time since last request: 2.392116 seconds.
  path: Assets/CardsOparator/UI/UI-2.png
  artifactKey: Guid(ec886fe3868234730abe78f4b0afd782) Importer(815301076,1909f56bfc062723c751e8b465ee728b)
Start importing Assets/CardsOparator/UI/UI-2.png using Guid(ec886fe3868234730abe78f4b0afd782) Importer(815301076,1909f56bfc062723c751e8b465ee728b) (PreviewImporter) -> (artifact id: 'd90bf22e559f3aeaab3d59c5fce85e5c') in 0.031867375 seconds
Number of updated asset objects reloaded before import = 0Number of asset objects unloaded after import = 3

========================================================================
Received Import Request.
  Time since last request: 2.981083 seconds.
  path: Assets/CardsOparator/UI/asset/+.png
  artifactKey: Guid(ec5847e27704f4ddcb8f48377666bd3d) Importer(815301076,1909f56bfc062723c751e8b465ee728b)
Start importing Assets/CardsOparator/UI/asset/+.png using Guid(ec5847e27704f4ddcb8f48377666bd3d) Importer(815301076,1909f56bfc062723c751e8b465ee728b) (PreviewImporter) -> (artifact id: 'dd4f22e280f67773927fc5bb6041cd10') in 0.0066435 seconds
Number of updated asset objects reloaded before import = 0Number of asset objects unloaded after import = 3

========================================================================
Received Import Request.
  Time since last request: 0.000041 seconds.
  path: Assets/CardsOparator/UI/asset/music-on.png
  artifactKey: Guid(1d086cbe738e744089d17e059054a5b8) Importer(815301076,1909f56bfc062723c751e8b465ee728b)
Start importing Assets/CardsOparator/UI/asset/music-on.png using Guid(1d086cbe738e744089d17e059054a5b8) Importer(815301076,1909f56bfc062723c751e8b465ee728b) (PreviewImporter) -> (artifact id: '27848ec7694fc43fb07d1e5315b42deb') in 0.0063015 seconds
Number of updated asset objects reloaded before import = 0Number of asset objects unloaded after import = 3

========================================================================
Received Import Request.
  Time since last request: 0.000067 seconds.
  path: Assets/CardsOparator/UI/asset/_-1.png
  artifactKey: Guid(f68ec3fa4e53e468da6d411f31e9a387) Importer(815301076,1909f56bfc062723c751e8b465ee728b)
Start importing Assets/CardsOparator/UI/asset/_-1.png using Guid(f68ec3fa4e53e468da6d411f31e9a387) Importer(815301076,1909f56bfc062723c751e8b465ee728b) (PreviewImporter) -> (artifact id: '3585d6070f6a8681a2e5f46c7c5480e3') in 0.006715458 seconds
Number of updated asset objects reloaded before import = 0Number of asset objects unloaded after import = 3

========================================================================
Received Import Request.
  Time since last request: 0.000068 seconds.
  path: Assets/CardsOparator/UI/asset/sound-on.png
  artifactKey: Guid(592618ae04aa64dfb93af2e684f4bc56) Importer(815301076,1909f56bfc062723c751e8b465ee728b)
Start importing Assets/CardsOparator/UI/asset/sound-on.png using Guid(592618ae04aa64dfb93af2e684f4bc56) Importer(815301076,1909f56bfc062723c751e8b465ee728b) (PreviewImporter) -> (artifact id: '6e39c2f2de043d7dd976c12df8072049') in 0.006769959 seconds
Number of updated asset objects reloaded before import = 0Number of asset objects unloaded after import = 3

========================================================================
Received Import Request.
  Time since last request: 0.000051 seconds.
  path: Assets/CardsOparator/UI/asset/empty-pannel.png
  artifactKey: Guid(93525fd0b06494acfb017025a790ede7) Importer(815301076,1909f56bfc062723c751e8b465ee728b)
Start importing Assets/CardsOparator/UI/asset/empty-pannel.png using Guid(93525fd0b06494acfb017025a790ede7) Importer(815301076,1909f56bfc062723c751e8b465ee728b) (PreviewImporter) -> (artifact id: 'c2a83664b2d7d39dfd65375995d8a2ef') in 0.005657375 seconds
Number of updated asset objects reloaded before import = 0Number of asset objects unloaded after import = 3

========================================================================
Received Import Request.
  Time since last request: 0.000058 seconds.
  path: Assets/CardsOparator/UI/asset/empty-circle.png
  artifactKey: Guid(4fb2f36bc0f5241848aecd69c159521b) Importer(815301076,1909f56bfc062723c751e8b465ee728b)
Start importing Assets/CardsOparator/UI/asset/empty-circle.png using Guid(4fb2f36bc0f5241848aecd69c159521b) Importer(815301076,1909f56bfc062723c751e8b465ee728b) (PreviewImporter) -> (artifact id: '001221c41dc2afbb5d197ad085e991d0') in 0.005459375 seconds
Number of updated asset objects reloaded before import = 0Number of asset objects unloaded after import = 3

========================================================================
Received Import Request.
  Time since last request: 0.000043 seconds.
  path: Assets/CardsOparator/UI/asset/hang-pannel.png
  artifactKey: Guid(da7b983a9c9d74f7b8700861e71677d2) Importer(815301076,1909f56bfc062723c751e8b465ee728b)
Start importing Assets/CardsOparator/UI/asset/hang-pannel.png using Guid(da7b983a9c9d74f7b8700861e71677d2) Importer(815301076,1909f56bfc062723c751e8b465ee728b) (PreviewImporter) -> (artifact id: '4a863a86eb3bf7131a48c6c82102c10c') in 0.006212375 seconds
Number of updated asset objects reloaded before import = 0Number of asset objects unloaded after import = 3

========================================================================
Received Import Request.
  Time since last request: 0.000035 seconds.
  path: Assets/CardsOparator/UI/asset/=.png
  artifactKey: Guid(326c87fc835424c23af1c39e371d323b) Importer(815301076,1909f56bfc062723c751e8b465ee728b)
Start importing Assets/CardsOparator/UI/asset/=.png using Guid(326c87fc835424c23af1c39e371d323b) Importer(815301076,1909f56bfc062723c751e8b465ee728b) (PreviewImporter) -> (artifact id: 'cea344abd32b570ccb9618c6e6d550db') in 0.005602625 seconds
Number of updated asset objects reloaded before import = 0Number of asset objects unloaded after import = 3

========================================================================
Received Import Request.
  Time since last request: 0.000036 seconds.
  path: Assets/CardsOparator/UI/asset/_.png
  artifactKey: Guid(eb88f2f02bed442f8855dedc9cb4bed4) Importer(815301076,1909f56bfc062723c751e8b465ee728b)
Start importing Assets/CardsOparator/UI/asset/_.png using Guid(eb88f2f02bed442f8855dedc9cb4bed4) Importer(815301076,1909f56bfc062723c751e8b465ee728b) (PreviewImporter) -> (artifact id: '4049bf5d42d4d22560e7b266e055790b') in 0.006799084 seconds
Number of updated asset objects reloaded before import = 0Number of asset objects unloaded after import = 3

========================================================================
Received Import Request.
  Time since last request: 0.000100 seconds.
  path: Assets/CardsOparator/UI/asset/question-mark.png
  artifactKey: Guid(1d2d92d17dbc1415598be81ed745a362) Importer(815301076,1909f56bfc062723c751e8b465ee728b)
Start importing Assets/CardsOparator/UI/asset/question-mark.png using Guid(1d2d92d17dbc1415598be81ed745a362) Importer(815301076,1909f56bfc062723c751e8b465ee728b) (PreviewImporter) -> (artifact id: '46b1bae0eda257fed40e308d4ced665e') in 0.012480584 seconds
Number of updated asset objects reloaded before import = 0Number of asset objects unloaded after import = 6

========================================================================
Received Import Request.
  Time since last request: 2.631747 seconds.
  path: Assets/CardsOparator/UI/Card/Club/Club (2).png
  artifactKey: Guid(9f65ff435a37d4c418739d9c4a731be8) Importer(815301076,1909f56bfc062723c751e8b465ee728b)
Start importing Assets/CardsOparator/UI/Card/Club/Club (2).png using Guid(9f65ff435a37d4c418739d9c4a731be8) Importer(815301076,1909f56bfc062723c751e8b465ee728b) (PreviewImporter) -> (artifact id: 'a22b80c6c514563538de38851f072299') in 0.007238542 seconds
Number of updated asset objects reloaded before import = 0Number of asset objects unloaded after import = 3

========================================================================
Received Import Request.
  Time since last request: 0.000048 seconds.
  path: Assets/CardsOparator/UI/Card/Club/Club (6).png
  artifactKey: Guid(d9eb6aa4c59a047738cb91b2045e8f0a) Importer(815301076,1909f56bfc062723c751e8b465ee728b)
Start importing Assets/CardsOparator/UI/Card/Club/Club (6).png using Guid(d9eb6aa4c59a047738cb91b2045e8f0a) Importer(815301076,1909f56bfc062723c751e8b465ee728b) (PreviewImporter) -> (artifact id: '359c492b0c725b2c9223d051f578db38') in 0.004984166 seconds
Number of updated asset objects reloaded before import = 0Number of asset objects unloaded after import = 3

========================================================================
Received Import Request.
  Time since last request: 0.000044 seconds.
  path: Assets/CardsOparator/UI/Card/Club/Club (3).png
  artifactKey: Guid(7457456663a3c4b22bba4d5501ea3f15) Importer(815301076,1909f56bfc062723c751e8b465ee728b)
Start importing Assets/CardsOparator/UI/Card/Club/Club (3).png using Guid(7457456663a3c4b22bba4d5501ea3f15) Importer(815301076,1909f56bfc062723c751e8b465ee728b) (PreviewImporter) -> (artifact id: '57e6506753df77247a1e21af4bfe7677') in 0.006431334 seconds
Number of updated asset objects reloaded before import = 0Number of asset objects unloaded after import = 3

========================================================================
Received Import Request.
  Time since last request: 0.000052 seconds.
  path: Assets/CardsOparator/UI/Card/Club/Club (11).png
  artifactKey: Guid(4c4b6017bd6614e86a9e2f427e2c0662) Importer(815301076,1909f56bfc062723c751e8b465ee728b)
Start importing Assets/CardsOparator/UI/Card/Club/Club (11).png using Guid(4c4b6017bd6614e86a9e2f427e2c0662) Importer(815301076,1909f56bfc062723c751e8b465ee728b) (PreviewImporter) -> (artifact id: '70fdc6c487ab9b607cdffdd232391235') in 0.005369083 seconds
Number of updated asset objects reloaded before import = 0Number of asset objects unloaded after import = 3

========================================================================
Received Import Request.
  Time since last request: 0.000069 seconds.
  path: Assets/CardsOparator/UI/Card/Club/Club (12).png
  artifactKey: Guid(b73fecaa113f5401f967514ca4f55d34) Importer(815301076,1909f56bfc062723c751e8b465ee728b)
Start importing Assets/CardsOparator/UI/Card/Club/Club (12).png using Guid(b73fecaa113f5401f967514ca4f55d34) Importer(815301076,1909f56bfc062723c751e8b465ee728b) (PreviewImporter) -> (artifact id: '8fa7fe5d9ac62583e9cc1fffce59db28') in 0.005626583 seconds
Number of updated asset objects reloaded before import = 0Number of asset objects unloaded after import = 3

========================================================================
Received Import Request.
  Time since last request: 0.000056 seconds.
  path: Assets/CardsOparator/UI/Card/Club/Club (14).png
  artifactKey: Guid(472f4effe05bd451599ada624bba1380) Importer(815301076,1909f56bfc062723c751e8b465ee728b)
Start importing Assets/CardsOparator/UI/Card/Club/Club (14).png using Guid(472f4effe05bd451599ada624bba1380) Importer(815301076,1909f56bfc062723c751e8b465ee728b) (PreviewImporter) -> (artifact id: '554864b08abfcb0b1a81e650c6492db9') in 0.005958541 seconds
Number of updated asset objects reloaded before import = 0Number of asset objects unloaded after import = 3

========================================================================
Received Import Request.
  Time since last request: 0.000081 seconds.
  path: Assets/CardsOparator/UI/Card/Club/Club (10).png
  artifactKey: Guid(0392351378f2943eb98ad188f7f2ce7d) Importer(815301076,1909f56bfc062723c751e8b465ee728b)
Start importing Assets/CardsOparator/UI/Card/Club/Club (10).png using Guid(0392351378f2943eb98ad188f7f2ce7d) Importer(815301076,1909f56bfc062723c751e8b465ee728b) (PreviewImporter) -> (artifact id: '618048abfc020b21b3263031a8eeff6c') in 0.006661708 seconds
Number of updated asset objects reloaded before import = 0Number of asset objects unloaded after import = 3

========================================================================
Received Import Request.
  Time since last request: 1.241544 seconds.
  path: Assets/CardsOparator/UI/Card/Diamond/Diamond (2).png
  artifactKey: Guid(c2ea4e50424bd40d1a376f3420c25b4e) Importer(815301076,1909f56bfc062723c751e8b465ee728b)
Start importing Assets/CardsOparator/UI/Card/Diamond/Diamond (2).png using Guid(c2ea4e50424bd40d1a376f3420c25b4e) Importer(815301076,1909f56bfc062723c751e8b465ee728b) (PreviewImporter) -> (artifact id: '40d6d2928099f206515fb2498c6f5652') in 0.006877 seconds
Number of updated asset objects reloaded before import = 0Number of asset objects unloaded after import = 3

========================================================================
Received Import Request.
  Time since last request: 0.000038 seconds.
  path: Assets/CardsOparator/UI/Card/Diamond/Diamond (9).png
  artifactKey: Guid(de665da12151c4c0588b4dbf50f169a4) Importer(815301076,1909f56bfc062723c751e8b465ee728b)
Start importing Assets/CardsOparator/UI/Card/Diamond/Diamond (9).png using Guid(de665da12151c4c0588b4dbf50f169a4) Importer(815301076,1909f56bfc062723c751e8b465ee728b) (PreviewImporter) -> (artifact id: 'cd87f726d6ce250f04f8efb0f3046b60') in 0.005570416 seconds
Number of updated asset objects reloaded before import = 0Number of asset objects unloaded after import = 3

========================================================================
Received Import Request.
  Time since last request: 0.000069 seconds.
  path: Assets/CardsOparator/UI/Card/Diamond/Diamond (4).png
  artifactKey: Guid(d5062a80a7977417dab2695b90e39a0a) Importer(815301076,1909f56bfc062723c751e8b465ee728b)
Start importing Assets/CardsOparator/UI/Card/Diamond/Diamond (4).png using Guid(d5062a80a7977417dab2695b90e39a0a) Importer(815301076,1909f56bfc062723c751e8b465ee728b) (PreviewImporter) -> (artifact id: 'f59ec55ef38ff12813232398884f036c') in 0.005574333 seconds
Number of updated asset objects reloaded before import = 0Number of asset objects unloaded after import = 3

========================================================================
Received Import Request.
  Time since last request: 0.000048 seconds.
  path: Assets/CardsOparator/UI/Card/Diamond/Diamond (6).png
  artifactKey: Guid(cc02b0a4ce14d42eaa8373042f8c7d4e) Importer(815301076,1909f56bfc062723c751e8b465ee728b)
Start importing Assets/CardsOparator/UI/Card/Diamond/Diamond (6).png using Guid(cc02b0a4ce14d42eaa8373042f8c7d4e) Importer(815301076,1909f56bfc062723c751e8b465ee728b) (PreviewImporter) -> (artifact id: '62c3036b97a5798eb9f8a2b99942b9ae') in 0.006660208 seconds
Number of updated asset objects reloaded before import = 0Number of asset objects unloaded after import = 3

========================================================================
Received Import Request.
  Time since last request: 0.000050 seconds.
  path: Assets/CardsOparator/UI/Card/Diamond/Diamond (10).png
  artifactKey: Guid(13925f131fada49a5ba01a036306781a) Importer(815301076,1909f56bfc062723c751e8b465ee728b)
Start importing Assets/CardsOparator/UI/Card/Diamond/Diamond (10).png using Guid(13925f131fada49a5ba01a036306781a) Importer(815301076,1909f56bfc062723c751e8b465ee728b) (PreviewImporter) -> (artifact id: '7ac37227742bea263af58f54e76d1f60') in 0.005081959 seconds
Number of updated asset objects reloaded before import = 0Number of asset objects unloaded after import = 3

========================================================================
Received Import Request.
  Time since last request: 0.000049 seconds.
  path: Assets/CardsOparator/UI/Card/Diamond/Diamond (7).png
  artifactKey: Guid(81546da04f289412dbfab74a3a3b88b7) Importer(815301076,1909f56bfc062723c751e8b465ee728b)
Start importing Assets/CardsOparator/UI/Card/Diamond/Diamond (7).png using Guid(81546da04f289412dbfab74a3a3b88b7) Importer(815301076,1909f56bfc062723c751e8b465ee728b) (PreviewImporter) -> (artifact id: 'ad3ac30a4d97364713020b44788eceb4') in 0.00483625 seconds
Number of updated asset objects reloaded before import = 0Number of asset objects unloaded after import = 3

========================================================================
Received Import Request.
  Time since last request: 0.000053 seconds.
  path: Assets/CardsOparator/UI/Card/Diamond/Diamond (3).png
  artifactKey: Guid(7ecc5b18fc45542bc95938b89ff0d073) Importer(815301076,1909f56bfc062723c751e8b465ee728b)
Start importing Assets/CardsOparator/UI/Card/Diamond/Diamond (3).png using Guid(7ecc5b18fc45542bc95938b89ff0d073) Importer(815301076,1909f56bfc062723c751e8b465ee728b) (PreviewImporter) -> (artifact id: '3d40bd9c1d76846aa975c64a1d7836dd') in 0.006228167 seconds
Number of updated asset objects reloaded before import = 0Number of asset objects unloaded after import = 3

========================================================================
Received Import Request.
  Time since last request: 1.062534 seconds.
  path: Assets/CardsOparator/UI/Card/Heart/Heart (2).png
  artifactKey: Guid(deb3437a3acb14e16b2c2fcf1159fc80) Importer(815301076,1909f56bfc062723c751e8b465ee728b)
Start importing Assets/CardsOparator/UI/Card/Heart/Heart (2).png using Guid(deb3437a3acb14e16b2c2fcf1159fc80) Importer(815301076,1909f56bfc062723c751e8b465ee728b) (PreviewImporter) -> (artifact id: '80c5f9a4409dc6bb9ca837de018558a2') in 0.006685875 seconds
Number of updated asset objects reloaded before import = 0Number of asset objects unloaded after import = 3

========================================================================
Received Import Request.
  Time since last request: 0.000028 seconds.
  path: Assets/CardsOparator/UI/Card/Heart/Heart (8).png
  artifactKey: Guid(461ceef05085046f3a2d7cfd857b56fe) Importer(815301076,1909f56bfc062723c751e8b465ee728b)
Start importing Assets/CardsOparator/UI/Card/Heart/Heart (8).png using Guid(461ceef05085046f3a2d7cfd857b56fe) Importer(815301076,1909f56bfc062723c751e8b465ee728b) (PreviewImporter) -> (artifact id: '66cf98e2ba5c201bac2f8344414f3b65') in 0.005575584 seconds
Number of updated asset objects reloaded before import = 0Number of asset objects unloaded after import = 3

========================================================================
Received Import Request.
  Time since last request: 0.000085 seconds.
  path: Assets/CardsOparator/UI/Card/Heart/Heart (11).png
  artifactKey: Guid(a42fcdf28d61846bd965f3101b178f00) Importer(815301076,1909f56bfc062723c751e8b465ee728b)
Start importing Assets/CardsOparator/UI/Card/Heart/Heart (11).png using Guid(a42fcdf28d61846bd965f3101b178f00) Importer(815301076,1909f56bfc062723c751e8b465ee728b) (PreviewImporter) -> (artifact id: '679c400af0f8cf882e921a494ac7d654') in 0.005642833 seconds
Number of updated asset objects reloaded before import = 0Number of asset objects unloaded after import = 3

========================================================================
Received Import Request.
  Time since last request: 0.000048 seconds.
  path: Assets/CardsOparator/UI/Card/Heart/Heart (6).png
  artifactKey: Guid(dd3319a4b536a4c5c9b146d4387ee5ed) Importer(815301076,1909f56bfc062723c751e8b465ee728b)
Start importing Assets/CardsOparator/UI/Card/Heart/Heart (6).png using Guid(dd3319a4b536a4c5c9b146d4387ee5ed) Importer(815301076,1909f56bfc062723c751e8b465ee728b) (PreviewImporter) -> (artifact id: '485f399b80a3a96958ad8403dcb27830') in 0.005561042 seconds
Number of updated asset objects reloaded before import = 0Number of asset objects unloaded after import = 3

========================================================================
Received Import Request.
  Time since last request: 0.000030 seconds.
  path: Assets/CardsOparator/UI/Card/Heart/Heart (13).png
  artifactKey: Guid(093100b9fc1624f17bc0563d9b3d36d3) Importer(815301076,1909f56bfc062723c751e8b465ee728b)
Start importing Assets/CardsOparator/UI/Card/Heart/Heart (13).png using Guid(093100b9fc1624f17bc0563d9b3d36d3) Importer(815301076,1909f56bfc062723c751e8b465ee728b) (PreviewImporter) -> (artifact id: 'd7d35ca7ee185fd7d882c1a4a98836ce') in 0.006019375 seconds
Number of updated asset objects reloaded before import = 0Number of asset objects unloaded after import = 3

========================================================================
Received Import Request.
  Time since last request: 0.000051 seconds.
  path: Assets/CardsOparator/UI/Card/Heart/Heart (10).png
  artifactKey: Guid(de2dec1ee2fef48fb925b7d2e0a69614) Importer(815301076,1909f56bfc062723c751e8b465ee728b)
Start importing Assets/CardsOparator/UI/Card/Heart/Heart (10).png using Guid(de2dec1ee2fef48fb925b7d2e0a69614) Importer(815301076,1909f56bfc062723c751e8b465ee728b) (PreviewImporter) -> (artifact id: 'ccecbf9fc249f7968bf78929f4b717ca') in 0.007445375 seconds
Number of updated asset objects reloaded before import = 0Number of asset objects unloaded after import = 3

========================================================================
Received Import Request.
  Time since last request: 0.000055 seconds.
  path: Assets/CardsOparator/UI/Card/Heart/Heart (14).png
  artifactKey: Guid(ddb11512d136542b8b9be4095b3599e2) Importer(815301076,1909f56bfc062723c751e8b465ee728b)
Start importing Assets/CardsOparator/UI/Card/Heart/Heart (14).png using Guid(ddb11512d136542b8b9be4095b3599e2) Importer(815301076,1909f56bfc062723c751e8b465ee728b) (PreviewImporter) -> (artifact id: '78594700c5d4f99afe8bc839699dd8d2') in 0.008126541 seconds
Number of updated asset objects reloaded before import = 0Number of asset objects unloaded after import = 3

========================================================================
Received Import Request.
  Time since last request: 0.881632 seconds.
  path: Assets/CardsOparator/UI/Card/spade/Spade (2).png
  artifactKey: Guid(4df40eec00c784406b051ecaf50efcbc) Importer(815301076,1909f56bfc062723c751e8b465ee728b)
Start importing Assets/CardsOparator/UI/Card/spade/Spade (2).png using Guid(4df40eec00c784406b051ecaf50efcbc) Importer(815301076,1909f56bfc062723c751e8b465ee728b) (PreviewImporter) -> (artifact id: 'c625c9e10c2bebc400c116910630b1cb') in 0.006306792 seconds
Number of updated asset objects reloaded before import = 0Number of asset objects unloaded after import = 3

========================================================================
Received Import Request.
  Time since last request: 0.000039 seconds.
  path: Assets/CardsOparator/UI/Card/spade/Spade (11).png
  artifactKey: Guid(b1dbc67cfe4b84b59be934cc5bb842e4) Importer(815301076,1909f56bfc062723c751e8b465ee728b)
Start importing Assets/CardsOparator/UI/Card/spade/Spade (11).png using Guid(b1dbc67cfe4b84b59be934cc5bb842e4) Importer(815301076,1909f56bfc062723c751e8b465ee728b) (PreviewImporter) -> (artifact id: '73f27d946cf9b1c7a5db830f02b9cd17') in 0.00559225 seconds
Number of updated asset objects reloaded before import = 0Number of asset objects unloaded after import = 3

========================================================================
Received Import Request.
  Time since last request: 0.000050 seconds.
  path: Assets/CardsOparator/UI/Card/spade/Spade (6).png
  artifactKey: Guid(db2a662e5e0444b889a6af9e29f5f655) Importer(815301076,1909f56bfc062723c751e8b465ee728b)
Start importing Assets/CardsOparator/UI/Card/spade/Spade (6).png using Guid(db2a662e5e0444b889a6af9e29f5f655) Importer(815301076,1909f56bfc062723c751e8b465ee728b) (PreviewImporter) -> (artifact id: 'c50d81b5568e8a657a615e755dfd878a') in 0.006116583 seconds
Number of updated asset objects reloaded before import = 0Number of asset objects unloaded after import = 3

========================================================================
Received Import Request.
  Time since last request: 0.000057 seconds.
  path: Assets/CardsOparator/UI/Card/spade/Spade (14).png
  artifactKey: Guid(b7c230b20d4114e0b8f6a9aec84f461d) Importer(815301076,1909f56bfc062723c751e8b465ee728b)
Start importing Assets/CardsOparator/UI/Card/spade/Spade (14).png using Guid(b7c230b20d4114e0b8f6a9aec84f461d) Importer(815301076,1909f56bfc062723c751e8b465ee728b) (PreviewImporter) -> (artifact id: '076d04019d68dde0df3a7243a1edf8f2') in 0.006063209 seconds
Number of updated asset objects reloaded before import = 0Number of asset objects unloaded after import = 3

========================================================================
Received Import Request.
  Time since last request: 0.000039 seconds.
  path: Assets/CardsOparator/UI/Card/spade/Spade (9).png
  artifactKey: Guid(19142f792514d4f51902a7fd5dc52cd0) Importer(815301076,1909f56bfc062723c751e8b465ee728b)
Start importing Assets/CardsOparator/UI/Card/spade/Spade (9).png using Guid(19142f792514d4f51902a7fd5dc52cd0) Importer(815301076,1909f56bfc062723c751e8b465ee728b) (PreviewImporter) -> (artifact id: '6f83482442f8af1ca102928505be4bb6') in 0.006407167 seconds
Number of updated asset objects reloaded before import = 0Number of asset objects unloaded after import = 3

========================================================================
Received Import Request.
  Time since last request: 0.000034 seconds.
  path: Assets/CardsOparator/UI/Card/spade/Spade (7).png
  artifactKey: Guid(20cea4a88fe4f42da96e0d77c211bc65) Importer(815301076,1909f56bfc062723c751e8b465ee728b)
Start importing Assets/CardsOparator/UI/Card/spade/Spade (7).png using Guid(20cea4a88fe4f42da96e0d77c211bc65) Importer(815301076,1909f56bfc062723c751e8b465ee728b) (PreviewImporter) -> (artifact id: '4558918d23dc47b5debb5312457197c7') in 0.006199959 seconds
Number of updated asset objects reloaded before import = 0Number of asset objects unloaded after import = 3

========================================================================
Received Import Request.
  Time since last request: 0.000037 seconds.
  path: Assets/CardsOparator/UI/Card/spade/Spade (8).png
  artifactKey: Guid(10547005d56234c1ab7450f8b36f2467) Importer(815301076,1909f56bfc062723c751e8b465ee728b)
Start importing Assets/CardsOparator/UI/Card/spade/Spade (8).png using Guid(10547005d56234c1ab7450f8b36f2467) Importer(815301076,1909f56bfc062723c751e8b465ee728b) (PreviewImporter) -> (artifact id: '9a66434a0e6e5f9853537209aa410c6b') in 0.007874583 seconds
Number of updated asset objects reloaded before import = 0Number of asset objects unloaded after import = 3

========================================================================
Received Import Request.
  Time since last request: 1939.357604 seconds.
  path: Assets/Violet Theme Ui/Buttons/Button Green.png
  artifactKey: Guid(c77a20011fee4694cb75577a7509ffda) Importer(815301076,1909f56bfc062723c751e8b465ee728b)
Start importing Assets/Violet Theme Ui/Buttons/Button Green.png using Guid(c77a20011fee4694cb75577a7509ffda) Importer(815301076,1909f56bfc062723c751e8b465ee728b) (PreviewImporter) -> (artifact id: 'c8958427646af4fe086047f30aff8f37') in 0.020950666 seconds
Number of updated asset objects reloaded before import = 0Number of asset objects unloaded after import = 3

========================================================================
Received Import Request.
  Time since last request: 0.000091 seconds.
  path: Assets/Violet Theme Ui/Buttons/Button Violet.png
  artifactKey: Guid(2204c5120d209e24b8d8473101c0670f) Importer(815301076,1909f56bfc062723c751e8b465ee728b)
Start importing Assets/Violet Theme Ui/Buttons/Button Violet.png using Guid(2204c5120d209e24b8d8473101c0670f) Importer(815301076,1909f56bfc062723c751e8b465ee728b) (PreviewImporter) -> (artifact id: 'c7d8b406e5f2c31051d6e479d12adde0') in 0.006529458 seconds
Number of updated asset objects reloaded before import = 0Number of asset objects unloaded after import = 3

========================================================================
Received Import Request.
  Time since last request: 0.000065 seconds.
  path: Assets/Violet Theme Ui/Buttons/Button Yellow.png
  artifactKey: Guid(e869268efd7d38745a52967381cef55f) Importer(815301076,1909f56bfc062723c751e8b465ee728b)
Start importing Assets/Violet Theme Ui/Buttons/Button Yellow.png using Guid(e869268efd7d38745a52967381cef55f) Importer(815301076,1909f56bfc062723c751e8b465ee728b) (PreviewImporter) -> (artifact id: '990236acd8621d27e437b15af5a5650e') in 0.005419625 seconds
Number of updated asset objects reloaded before import = 0Number of asset objects unloaded after import = 3

========================================================================
Received Import Request.
  Time since last request: 0.000061 seconds.
  path: Assets/Violet Theme Ui/Buttons/Button Purple.png
  artifactKey: Guid(4046d85c2755cda44b0f81bbd3d35cb0) Importer(815301076,1909f56bfc062723c751e8b465ee728b)
Start importing Assets/Violet Theme Ui/Buttons/Button Purple.png using Guid(4046d85c2755cda44b0f81bbd3d35cb0) Importer(815301076,1909f56bfc062723c751e8b465ee728b) (PreviewImporter) -> (artifact id: '1e42087bfb8bf751cc358c377effbce0') in 0.005778458 seconds
Number of updated asset objects reloaded before import = 0Number of asset objects unloaded after import = 3

========================================================================
Received Import Request.
  Time since last request: 43.424620 seconds.
  path: Assets/Violet Theme Ui/Buttons/Misc/Background.png
  artifactKey: Guid(103ed4397ca7479479873ab55626ff41) Importer(815301076,1909f56bfc062723c751e8b465ee728b)
Start importing Assets/Violet Theme Ui/Buttons/Misc/Background.png using Guid(103ed4397ca7479479873ab55626ff41) Importer(815301076,1909f56bfc062723c751e8b465ee728b) (PreviewImporter) -> (artifact id: '1558e513b5d50cc8f2a2837fcf68342f') in 0.006576541 seconds
Number of updated asset objects reloaded before import = 0Number of asset objects unloaded after import = 3

========================================================================
Received Import Request.
  Time since last request: 0.000032 seconds.
  path: Assets/Violet Theme Ui/Buttons/Misc/Small Square Button Yellow.png
  artifactKey: Guid(a92c5df7eef6ddc4ba91ad5dd2892af9) Importer(815301076,1909f56bfc062723c751e8b465ee728b)
Start importing Assets/Violet Theme Ui/Buttons/Misc/Small Square Button Yellow.png using Guid(a92c5df7eef6ddc4ba91ad5dd2892af9) Importer(815301076,1909f56bfc062723c751e8b465ee728b) (PreviewImporter) -> (artifact id: '4ca2e48be8341d17380fbd8d0c5897df') in 0.005798542 seconds
Number of updated asset objects reloaded before import = 0Number of asset objects unloaded after import = 3

========================================================================
Received Import Request.
  Time since last request: 0.000076 seconds.
  path: Assets/Violet Theme Ui/Buttons/Misc/Small Square Button Violet.png
  artifactKey: Guid(931f6455943555649a61ed7f1c76cbf6) Importer(815301076,1909f56bfc062723c751e8b465ee728b)
Start importing Assets/Violet Theme Ui/Buttons/Misc/Small Square Button Violet.png using Guid(931f6455943555649a61ed7f1c76cbf6) Importer(815301076,1909f56bfc062723c751e8b465ee728b) (PreviewImporter) -> (artifact id: '1750b19accfbb256efa22bf9cbda1113') in 0.005582542 seconds
Number of updated asset objects reloaded before import = 0Number of asset objects unloaded after import = 3

========================================================================
Received Import Request.
  Time since last request: 0.000043 seconds.
  path: Assets/Violet Theme Ui/Buttons/Misc/Small Square Button Green.png
  artifactKey: Guid(be120bf969ae2c84fa997ecca6dd28e6) Importer(815301076,1909f56bfc062723c751e8b465ee728b)
Start importing Assets/Violet Theme Ui/Buttons/Misc/Small Square Button Green.png using Guid(be120bf969ae2c84fa997ecca6dd28e6) Importer(815301076,1909f56bfc062723c751e8b465ee728b) (PreviewImporter) -> (artifact id: 'a51c504d07d67c6f9d91dfb4c811e62f') in 0.00582525 seconds
Number of updated asset objects reloaded before import = 0Number of asset objects unloaded after import = 3

========================================================================
Received Import Request.
  Time since last request: 0.000057 seconds.
  path: Assets/Violet Theme Ui/Buttons/Misc/Small Square Button Pink.png
  artifactKey: Guid(7c8ff58917aad254bbee16daeba7b32b) Importer(815301076,1909f56bfc062723c751e8b465ee728b)
Start importing Assets/Violet Theme Ui/Buttons/Misc/Small Square Button Pink.png using Guid(7c8ff58917aad254bbee16daeba7b32b) Importer(815301076,1909f56bfc062723c751e8b465ee728b) (PreviewImporter) -> (artifact id: 'f47648ac02eb959b0d8c3ff7bb966260') in 0.007477375 seconds
Number of updated asset objects reloaded before import = 0Number of asset objects unloaded after import = 3

========================================================================
Received Import Request.
  Time since last request: 0.000130 seconds.
  path: Assets/Violet Theme Ui/Buttons/Misc/Menu Background.png
  artifactKey: Guid(f0b4dc9b8fe390b4597ba9c379657d44) Importer(815301076,1909f56bfc062723c751e8b465ee728b)
Start importing Assets/Violet Theme Ui/Buttons/Misc/Menu Background.png using Guid(f0b4dc9b8fe390b4597ba9c379657d44) Importer(815301076,1909f56bfc062723c751e8b465ee728b) (PreviewImporter) -> (artifact id: '8d762eecca92a2a4e8e81be60c02a540') in 0.009480208 seconds
Number of updated asset objects reloaded before import = 0Number of asset objects unloaded after import = 3

========================================================================
Received Import Request.
  Time since last request: 0.439475 seconds.
  path: Assets/Violet Theme Ui/Colored Icons/apple red.png
  artifactKey: Guid(dc095ce8d2086f541bd26c7e3a71ef12) Importer(815301076,1909f56bfc062723c751e8b465ee728b)
Start importing Assets/Violet Theme Ui/Colored Icons/apple red.png using Guid(dc095ce8d2086f541bd26c7e3a71ef12) Importer(815301076,1909f56bfc062723c751e8b465ee728b) (PreviewImporter) -> (artifact id: 'bcdc926270e326deac3b2c88509a5f04') in 0.006132 seconds
Number of updated asset objects reloaded before import = 0Number of asset objects unloaded after import = 3

========================================================================
Received Import Request.
  Time since last request: 0.000041 seconds.
  path: Assets/Violet Theme Ui/Colored Icons/Dark Coins.png
  artifactKey: Guid(cecd9cbf00a9099418ce8a1653a82c7f) Importer(815301076,1909f56bfc062723c751e8b465ee728b)
Start importing Assets/Violet Theme Ui/Colored Icons/Dark Coins.png using Guid(cecd9cbf00a9099418ce8a1653a82c7f) Importer(815301076,1909f56bfc062723c751e8b465ee728b) (PreviewImporter) -> (artifact id: '123a4dcd771f30a6a9ab821c2fab856d') in 0.005503291 seconds
Number of updated asset objects reloaded before import = 0Number of asset objects unloaded after import = 3

========================================================================
Received Import Request.
  Time since last request: 0.000064 seconds.
  path: Assets/Violet Theme Ui/Colored Icons/Close.png
  artifactKey: Guid(cbf58c37249d82a4e97598dfc07d9058) Importer(815301076,1909f56bfc062723c751e8b465ee728b)
Start importing Assets/Violet Theme Ui/Colored Icons/Close.png using Guid(cbf58c37249d82a4e97598dfc07d9058) Importer(815301076,1909f56bfc062723c751e8b465ee728b) (PreviewImporter) -> (artifact id: 'bd88d565e32e356a7a161b2b0b3cfb07') in 0.006323417 seconds
Number of updated asset objects reloaded before import = 0Number of asset objects unloaded after import = 3

========================================================================
Received Import Request.
  Time since last request: 0.000037 seconds.
  path: Assets/Violet Theme Ui/Colored Icons/Crown 2.png
  artifactKey: Guid(6732a03145e8bd0408862257da102895) Importer(815301076,1909f56bfc062723c751e8b465ee728b)
Start importing Assets/Violet Theme Ui/Colored Icons/Crown 2.png using Guid(6732a03145e8bd0408862257da102895) Importer(815301076,1909f56bfc062723c751e8b465ee728b) (PreviewImporter) -> (artifact id: '83b2309bddf79dbcce36f063b81ce6de') in 0.006124083 seconds
Number of updated asset objects reloaded before import = 0Number of asset objects unloaded after import = 3

========================================================================
Received Import Request.
  Time since last request: 0.000043 seconds.
  path: Assets/Violet Theme Ui/Colored Icons/Bag.png
  artifactKey: Guid(416d7ad4879a2ec4c99603e9260521e1) Importer(815301076,1909f56bfc062723c751e8b465ee728b)
Start importing Assets/Violet Theme Ui/Colored Icons/Bag.png using Guid(416d7ad4879a2ec4c99603e9260521e1) Importer(815301076,1909f56bfc062723c751e8b465ee728b) (PreviewImporter) -> (artifact id: 'bb5faf4189bd3b15c3020f7de6dd3229') in 0.00654125 seconds
Number of updated asset objects reloaded before import = 0Number of asset objects unloaded after import = 3

========================================================================
Received Import Request.
  Time since last request: 0.000040 seconds.
  path: Assets/Violet Theme Ui/Colored Icons/Badge.png
  artifactKey: Guid(55b1b7c646982a049b43cadc6fe191fa) Importer(815301076,1909f56bfc062723c751e8b465ee728b)
Start importing Assets/Violet Theme Ui/Colored Icons/Badge.png using Guid(55b1b7c646982a049b43cadc6fe191fa) Importer(815301076,1909f56bfc062723c751e8b465ee728b) (PreviewImporter) -> (artifact id: '2c8ec1e7ac18686d48ca56e83d5f5f05') in 0.006004166 seconds
Number of updated asset objects reloaded before import = 0Number of asset objects unloaded after import = 3

========================================================================
Received Import Request.
  Time since last request: 0.000055 seconds.
  path: Assets/Violet Theme Ui/Colored Icons/Crown 1.png
  artifactKey: Guid(6e218b04a5fa9ed4fa40b687eaeff8cc) Importer(815301076,1909f56bfc062723c751e8b465ee728b)
Start importing Assets/Violet Theme Ui/Colored Icons/Crown 1.png using Guid(6e218b04a5fa9ed4fa40b687eaeff8cc) Importer(815301076,1909f56bfc062723c751e8b465ee728b) (PreviewImporter) -> (artifact id: 'd3648e5faf3e93888946083eb2d19266') in 0.006067667 seconds
Number of updated asset objects reloaded before import = 0Number of asset objects unloaded after import = 3

========================================================================
Received Import Request.
  Time since last request: 0.000045 seconds.
  path: Assets/Violet Theme Ui/Colored Icons/Bomb.png
  artifactKey: Guid(15bfc70256f3dbe4abc84ce6ffacf11c) Importer(815301076,1909f56bfc062723c751e8b465ee728b)
Start importing Assets/Violet Theme Ui/Colored Icons/Bomb.png using Guid(15bfc70256f3dbe4abc84ce6ffacf11c) Importer(815301076,1909f56bfc062723c751e8b465ee728b) (PreviewImporter) -> (artifact id: 'cd98446a69b7d6950f1d74584a14b11f') in 0.006909292 seconds
Number of updated asset objects reloaded before import = 0Number of asset objects unloaded after import = 3

========================================================================
Received Import Request.
  Time since last request: 0.000042 seconds.
  path: Assets/Violet Theme Ui/Colored Icons/Coin.png
  artifactKey: Guid(93978dcbff65c754c82f146ed36c1c45) Importer(815301076,1909f56bfc062723c751e8b465ee728b)
Start importing Assets/Violet Theme Ui/Colored Icons/Coin.png using Guid(93978dcbff65c754c82f146ed36c1c45) Importer(815301076,1909f56bfc062723c751e8b465ee728b) (PreviewImporter) -> (artifact id: '4fc85c0a1ecee345eb0de7f229b7a3d6') in 0.007673125 seconds
Number of updated asset objects reloaded before import = 0Number of asset objects unloaded after import = 3

========================================================================
Received Import Request.
  Time since last request: 1.163551 seconds.
  path: Assets/Violet Theme Ui/Colored Icons/Down.png
  artifactKey: Guid(60543be98b18e94439b2e2a67aae367f) Importer(815301076,1909f56bfc062723c751e8b465ee728b)
Start importing Assets/Violet Theme Ui/Colored Icons/Down.png using Guid(60543be98b18e94439b2e2a67aae367f) Importer(815301076,1909f56bfc062723c751e8b465ee728b) (PreviewImporter) -> (artifact id: 'f6d27e961ac21ebc489920bba0781ed6') in 0.006126 seconds
Number of updated asset objects reloaded before import = 0Number of asset objects unloaded after import = 3

========================================================================
Received Import Request.
  Time since last request: 0.000084 seconds.
  path: Assets/Violet Theme Ui/Colored Icons/Gem 1 Green.png
  artifactKey: Guid(aa690ae72e998f54b8c8b099d2165bab) Importer(815301076,1909f56bfc062723c751e8b465ee728b)
Start importing Assets/Violet Theme Ui/Colored Icons/Gem 1 Green.png using Guid(aa690ae72e998f54b8c8b099d2165bab) Importer(815301076,1909f56bfc062723c751e8b465ee728b) (PreviewImporter) -> (artifact id: '6863992b51f083866c917b33c2af12c3') in 0.005543125 seconds
Number of updated asset objects reloaded before import = 0Number of asset objects unloaded after import = 3

========================================================================
Received Import Request.
  Time since last request: 0.000063 seconds.
  path: Assets/Violet Theme Ui/Colored Icons/Gem 1 Blue.png
  artifactKey: Guid(b0f85d5a744f799449233745652b567a) Importer(815301076,1909f56bfc062723c751e8b465ee728b)
Start importing Assets/Violet Theme Ui/Colored Icons/Gem 1 Blue.png using Guid(b0f85d5a744f799449233745652b567a) Importer(815301076,1909f56bfc062723c751e8b465ee728b) (PreviewImporter) -> (artifact id: 'e3f37ebca37cd90260611c0444719be9') in 0.0057535 seconds
Number of updated asset objects reloaded before import = 0Number of asset objects unloaded after import = 3

========================================================================
Received Import Request.
  Time since last request: 0.000063 seconds.
  path: Assets/Violet Theme Ui/Colored Icons/Gem.png
  artifactKey: Guid(fdd7c39b6deb3f840b5fc0e9cbc6cb00) Importer(815301076,1909f56bfc062723c751e8b465ee728b)
Start importing Assets/Violet Theme Ui/Colored Icons/Gem.png using Guid(fdd7c39b6deb3f840b5fc0e9cbc6cb00) Importer(815301076,1909f56bfc062723c751e8b465ee728b) (PreviewImporter) -> (artifact id: '4342e54b20b64cf1dc645a4541f14d36') in 0.005845917 seconds
Number of updated asset objects reloaded before import = 0Number of asset objects unloaded after import = 3

========================================================================
Received Import Request.
  Time since last request: 0.000065 seconds.
  path: Assets/Violet Theme Ui/Colored Icons/Gem 2 Blue.png
  artifactKey: Guid(e5b82729baeb4b542bc3b0dbde0a1791) Importer(815301076,1909f56bfc062723c751e8b465ee728b)
Start importing Assets/Violet Theme Ui/Colored Icons/Gem 2 Blue.png using Guid(e5b82729baeb4b542bc3b0dbde0a1791) Importer(815301076,1909f56bfc062723c751e8b465ee728b) (PreviewImporter) -> (artifact id: 'f0de1634e5e8d80a69fd6b26db07e6c0') in 0.006021125 seconds
Number of updated asset objects reloaded before import = 0Number of asset objects unloaded after import = 3

========================================================================
Received Import Request.
  Time since last request: 0.000053 seconds.
  path: Assets/Violet Theme Ui/Colored Icons/Goal.png
  artifactKey: Guid(ed3aa35479ded734b8b98f3132c71c43) Importer(815301076,1909f56bfc062723c751e8b465ee728b)
Start importing Assets/Violet Theme Ui/Colored Icons/Goal.png using Guid(ed3aa35479ded734b8b98f3132c71c43) Importer(815301076,1909f56bfc062723c751e8b465ee728b) (PreviewImporter) -> (artifact id: 'baecc999b2ecdfa3b7b10a60d0ebd137') in 0.005042625 seconds
Number of updated asset objects reloaded before import = 0Number of asset objects unloaded after import = 3

========================================================================
Received Import Request.
  Time since last request: 0.845469 seconds.
  path: Assets/Violet Theme Ui/Colored Icons/Gold Lock.png
  artifactKey: Guid(38ddff12778ca354e99a1f645644de56) Importer(815301076,1909f56bfc062723c751e8b465ee728b)
Start importing Assets/Violet Theme Ui/Colored Icons/Gold Lock.png using Guid(38ddff12778ca354e99a1f645644de56) Importer(815301076,1909f56bfc062723c751e8b465ee728b) (PreviewImporter) -> (artifact id: 'b8c375fbfe906c0d385efcb2ae3146a3') in 0.006207916 seconds
Number of updated asset objects reloaded before import = 0Number of asset objects unloaded after import = 3

========================================================================
Received Import Request.
  Time since last request: 0.000073 seconds.
  path: Assets/Violet Theme Ui/Colored Icons/Heart Dark.png
  artifactKey: Guid(c52c66e8c335c1640a21e3d2c274bfd7) Importer(815301076,1909f56bfc062723c751e8b465ee728b)
Start importing Assets/Violet Theme Ui/Colored Icons/Heart Dark.png using Guid(c52c66e8c335c1640a21e3d2c274bfd7) Importer(815301076,1909f56bfc062723c751e8b465ee728b) (PreviewImporter) -> (artifact id: '4bfad3031ca7896134a07766b39b77d0') in 0.005454917 seconds
Number of updated asset objects reloaded before import = 0Number of asset objects unloaded after import = 3

========================================================================
Received Import Request.
  Time since last request: 0.000080 seconds.
  path: Assets/Violet Theme Ui/Colored Icons/Hammer.png
  artifactKey: Guid(c83fa2ac472c64145a29bad9c05a9a50) Importer(815301076,1909f56bfc062723c751e8b465ee728b)
Start importing Assets/Violet Theme Ui/Colored Icons/Hammer.png using Guid(c83fa2ac472c64145a29bad9c05a9a50) Importer(815301076,1909f56bfc062723c751e8b465ee728b) (PreviewImporter) -> (artifact id: '5b7f3dfa705cc371930790a127c72663') in 0.005458709 seconds
Number of updated asset objects reloaded before import = 0Number of asset objects unloaded after import = 3

========================================================================
Received Import Request.
  Time since last request: 0.067327 seconds.
  path: Assets/Violet Theme Ui/Colored Icons/leaf.png
  artifactKey: Guid(a191b676b9627ca44aceb3a028607100) Importer(815301076,1909f56bfc062723c751e8b465ee728b)
Start importing Assets/Violet Theme Ui/Colored Icons/leaf.png using Guid(a191b676b9627ca44aceb3a028607100) Importer(815301076,1909f56bfc062723c751e8b465ee728b) (PreviewImporter) -> (artifact id: 'd3bc27a165f146a2b8f14d691434087e') in 0.006018667 seconds
Number of updated asset objects reloaded before import = 0Number of asset objects unloaded after import = 3

========================================================================
Received Import Request.
  Time since last request: 0.000064 seconds.
  path: Assets/Violet Theme Ui/Colored Icons/Lock 2.png
  artifactKey: Guid(a767c174fe4153d4f80fe923fd478424) Importer(815301076,1909f56bfc062723c751e8b465ee728b)
Start importing Assets/Violet Theme Ui/Colored Icons/Lock 2.png using Guid(a767c174fe4153d4f80fe923fd478424) Importer(815301076,1909f56bfc062723c751e8b465ee728b) (PreviewImporter) -> (artifact id: '06232ab7e8f6106c13a9c788196a1b14') in 0.006606333 seconds
Number of updated asset objects reloaded before import = 0Number of asset objects unloaded after import = 3

========================================================================
Received Import Request.
  Time since last request: 0.394300 seconds.
  path: Assets/Violet Theme Ui/Colored Icons/Mail.png
  artifactKey: Guid(f43100988deb27a49af0a774cfabca2f) Importer(815301076,1909f56bfc062723c751e8b465ee728b)
Start importing Assets/Violet Theme Ui/Colored Icons/Mail.png using Guid(f43100988deb27a49af0a774cfabca2f) Importer(815301076,1909f56bfc062723c751e8b465ee728b) (PreviewImporter) -> (artifact id: '98f41279294410e1a3a81319e6a994ac') in 0.006087834 seconds
Number of updated asset objects reloaded before import = 0Number of asset objects unloaded after import = 3

========================================================================
Received Import Request.
  Time since last request: 0.000088 seconds.
  path: Assets/Violet Theme Ui/Colored Icons/Map.png
  artifactKey: Guid(fc6a4cf79ce3ce447b1b7865eecfc942) Importer(815301076,1909f56bfc062723c751e8b465ee728b)
Start importing Assets/Violet Theme Ui/Colored Icons/Map.png using Guid(fc6a4cf79ce3ce447b1b7865eecfc942) Importer(815301076,1909f56bfc062723c751e8b465ee728b) (PreviewImporter) -> (artifact id: 'b6f6adf0658fb150e3c8aa3a62bdab34') in 0.005726584 seconds
Number of updated asset objects reloaded before import = 0Number of asset objects unloaded after import = 3

========================================================================
Received Import Request.
  Time since last request: 0.000057 seconds.
  path: Assets/Violet Theme Ui/Colored Icons/Medal.png
  artifactKey: Guid(8a76a65ead3a23b4ba19459d3855ffbd) Importer(815301076,1909f56bfc062723c751e8b465ee728b)
Start importing Assets/Violet Theme Ui/Colored Icons/Medal.png using Guid(8a76a65ead3a23b4ba19459d3855ffbd) Importer(815301076,1909f56bfc062723c751e8b465ee728b) (PreviewImporter) -> (artifact id: 'fdf3c2797e59b1ef10556514aa75952d') in 0.005913958 seconds
Number of updated asset objects reloaded before import = 0Number of asset objects unloaded after import = 3

========================================================================
Received Import Request.
  Time since last request: 0.432133 seconds.
  path: Assets/Violet Theme Ui/Colored Icons/notepad.png
  artifactKey: Guid(735ace291de988c40947fec9b2671b3c) Importer(815301076,1909f56bfc062723c751e8b465ee728b)
Start importing Assets/Violet Theme Ui/Colored Icons/notepad.png using Guid(735ace291de988c40947fec9b2671b3c) Importer(815301076,1909f56bfc062723c751e8b465ee728b) (PreviewImporter) -> (artifact id: 'cd25af9d4e9b345ef5e9b93d02088184') in 0.006085583 seconds
Number of updated asset objects reloaded before import = 0Number of asset objects unloaded after import = 3

========================================================================
Received Import Request.
  Time since last request: 0.000064 seconds.
  path: Assets/Violet Theme Ui/Colored Icons/orange.png
  artifactKey: Guid(b26193825d007d7419f7e53259af7102) Importer(815301076,1909f56bfc062723c751e8b465ee728b)
Start importing Assets/Violet Theme Ui/Colored Icons/orange.png using Guid(b26193825d007d7419f7e53259af7102) Importer(815301076,1909f56bfc062723c751e8b465ee728b) (PreviewImporter) -> (artifact id: 'd0ef1c6da94caa6b32214f9b3d32c57e') in 0.006618208 seconds
Number of updated asset objects reloaded before import = 0Number of asset objects unloaded after import = 3

========================================================================
Received Import Request.
  Time since last request: 0.000067 seconds.
  path: Assets/Violet Theme Ui/Colored Icons/Potion Green.png
  artifactKey: Guid(fb249afeb0ff95a438e6aec12fdf762c) Importer(815301076,1909f56bfc062723c751e8b465ee728b)
Start importing Assets/Violet Theme Ui/Colored Icons/Potion Green.png using Guid(fb249afeb0ff95a438e6aec12fdf762c) Importer(815301076,1909f56bfc062723c751e8b465ee728b) (PreviewImporter) -> (artifact id: '6b54010055ee1a9728c19f625f31b318') in 0.006800333 seconds
Number of updated asset objects reloaded before import = 0Number of asset objects unloaded after import = 3

========================================================================
Received Import Request.
  Time since last request: 0.061034 seconds.
  path: Assets/Violet Theme Ui/Colored Icons/Potion Violet.png
  artifactKey: Guid(56aebb836b0170347aec9555b2bf39b4) Importer(815301076,1909f56bfc062723c751e8b465ee728b)
Start importing Assets/Violet Theme Ui/Colored Icons/Potion Violet.png using Guid(56aebb836b0170347aec9555b2bf39b4) Importer(815301076,1909f56bfc062723c751e8b465ee728b) (PreviewImporter) -> (artifact id: 'f3b275ffa2284e565594174865b4b795') in 0.006366958 seconds
Number of updated asset objects reloaded before import = 0Number of asset objects unloaded after import = 3

========================================================================
Received Import Request.
  Time since last request: 0.000033 seconds.
  path: Assets/Violet Theme Ui/Colored Icons/Right.png
  artifactKey: Guid(8cfc3be0827dfcb4584b460907d7a761) Importer(815301076,1909f56bfc062723c751e8b465ee728b)
Start importing Assets/Violet Theme Ui/Colored Icons/Right.png using Guid(8cfc3be0827dfcb4584b460907d7a761) Importer(815301076,1909f56bfc062723c751e8b465ee728b) (PreviewImporter) -> (artifact id: 'db7bde45ce1353022e1a3faa5656cb5c') in 0.005455875 seconds
Number of updated asset objects reloaded before import = 0Number of asset objects unloaded after import = 3

========================================================================
Received Import Request.
  Time since last request: 0.000046 seconds.
  path: Assets/Violet Theme Ui/Colored Icons/Rank.png
  artifactKey: Guid(35ada85acb95b7941aab7c68c4e1dcec) Importer(815301076,1909f56bfc062723c751e8b465ee728b)
Start importing Assets/Violet Theme Ui/Colored Icons/Rank.png using Guid(35ada85acb95b7941aab7c68c4e1dcec) Importer(815301076,1909f56bfc062723c751e8b465ee728b) (PreviewImporter) -> (artifact id: 'fbee22763b16eda34bbcf9977cc11b45') in 0.006451875 seconds
Number of updated asset objects reloaded before import = 0Number of asset objects unloaded after import = 3

========================================================================
Received Import Request.
  Time since last request: 0.406336 seconds.
  path: Assets/Violet Theme Ui/Colored Icons/Shield.png
  artifactKey: Guid(6f2409c812e59e04fb9d2af0715bea80) Importer(815301076,1909f56bfc062723c751e8b465ee728b)
Start importing Assets/Violet Theme Ui/Colored Icons/Shield.png using Guid(6f2409c812e59e04fb9d2af0715bea80) Importer(815301076,1909f56bfc062723c751e8b465ee728b) (PreviewImporter) -> (artifact id: '91e59c8df63722801b8c077e122d7855') in 0.006247459 seconds
Number of updated asset objects reloaded before import = 0Number of asset objects unloaded after import = 3

========================================================================
Received Import Request.
  Time since last request: 0.000172 seconds.
  path: Assets/Violet Theme Ui/Colored Icons/shield blue.png
  artifactKey: Guid(888bc6c3bee4a644894eb075d8d389f5) Importer(815301076,1909f56bfc062723c751e8b465ee728b)
Start importing Assets/Violet Theme Ui/Colored Icons/shield blue.png using Guid(888bc6c3bee4a644894eb075d8d389f5) Importer(815301076,1909f56bfc062723c751e8b465ee728b) (PreviewImporter) -> (artifact id: '483175bb07c0788f1f19599e6ca60b9f') in 0.006008791 seconds
Number of updated asset objects reloaded before import = 0Number of asset objects unloaded after import = 3

========================================================================
Received Import Request.
  Time since last request: 0.000051 seconds.
  path: Assets/Violet Theme Ui/Colored Icons/Silver Lock.png
  artifactKey: Guid(d36270e47d36e304a9d89c1fc73428e9) Importer(815301076,1909f56bfc062723c751e8b465ee728b)
Start importing Assets/Violet Theme Ui/Colored Icons/Silver Lock.png using Guid(d36270e47d36e304a9d89c1fc73428e9) Importer(815301076,1909f56bfc062723c751e8b465ee728b) (PreviewImporter) -> (artifact id: '113da14db2f210b816820821e4d57122') in 0.006480834 seconds
Number of updated asset objects reloaded before import = 0Number of asset objects unloaded after import = 3

========================================================================
Received Import Request.
  Time since last request: 0.828427 seconds.
  path: Assets/Violet Theme Ui/Colored Icons/Sound.png
  artifactKey: Guid(aa7f0fb09d0e28744b8553b6bbf51cb3) Importer(815301076,1909f56bfc062723c751e8b465ee728b)
Start importing Assets/Violet Theme Ui/Colored Icons/Sound.png using Guid(aa7f0fb09d0e28744b8553b6bbf51cb3) Importer(815301076,1909f56bfc062723c751e8b465ee728b) (PreviewImporter) -> (artifact id: '5d2c997bec08ac2c965a608f2668b20d') in 0.007102292 seconds
Number of updated asset objects reloaded before import = 0Number of asset objects unloaded after import = 3

========================================================================
Received Import Request.
  Time since last request: 0.000042 seconds.
  path: Assets/Violet Theme Ui/Colored Icons/Stack Coin.png
  artifactKey: Guid(de14242464674984b921d7eaaea45793) Importer(815301076,1909f56bfc062723c751e8b465ee728b)
Start importing Assets/Violet Theme Ui/Colored Icons/Stack Coin.png using Guid(de14242464674984b921d7eaaea45793) Importer(815301076,1909f56bfc062723c751e8b465ee728b) (PreviewImporter) -> (artifact id: 'a2e2398ab5a20df5759c335d72975e46') in 0.004806042 seconds
Number of updated asset objects reloaded before import = 0Number of asset objects unloaded after import = 3

========================================================================
Received Import Request.
  Time since last request: 0.000033 seconds.
  path: Assets/Violet Theme Ui/Colored Icons/Stop.png
  artifactKey: Guid(30d6feab102694b42a2cb9e12f796172) Importer(815301076,1909f56bfc062723c751e8b465ee728b)
Start importing Assets/Violet Theme Ui/Colored Icons/Stop.png using Guid(30d6feab102694b42a2cb9e12f796172) Importer(815301076,1909f56bfc062723c751e8b465ee728b) (PreviewImporter) -> (artifact id: '2231a78d50850751719ec6193afb72ac') in 0.005685708 seconds
Number of updated asset objects reloaded before import = 0Number of asset objects unloaded after import = 3

========================================================================
Received Import Request.
  Time since last request: 0.031637 seconds.
  path: Assets/Violet Theme Ui/Colored Icons/Store 2.png
  artifactKey: Guid(c1db3d1c6576a28499770b3b9fc946e3) Importer(815301076,1909f56bfc062723c751e8b465ee728b)
Start importing Assets/Violet Theme Ui/Colored Icons/Store 2.png using Guid(c1db3d1c6576a28499770b3b9fc946e3) Importer(815301076,1909f56bfc062723c751e8b465ee728b) (PreviewImporter) -> (artifact id: 'c6581b26c78f175d5a293192cc4415b8') in 0.00571975 seconds
Number of updated asset objects reloaded before import = 0Number of asset objects unloaded after import = 3

========================================================================
Received Import Request.
  Time since last request: 0.000061 seconds.
  path: Assets/Violet Theme Ui/Colored Icons/Trash.png
  artifactKey: Guid(ffc820495a6d911419c56d96b31d31fe) Importer(815301076,1909f56bfc062723c751e8b465ee728b)
Start importing Assets/Violet Theme Ui/Colored Icons/Trash.png using Guid(ffc820495a6d911419c56d96b31d31fe) Importer(815301076,1909f56bfc062723c751e8b465ee728b) (PreviewImporter) -> (artifact id: '9a193f6020f01df0926c65a66aa9d285') in 0.006165833 seconds
Number of updated asset objects reloaded before import = 0Number of asset objects unloaded after import = 3

========================================================================
Received Import Request.
  Time since last request: 0.000082 seconds.
  path: Assets/Violet Theme Ui/Colored Icons/Sword.png
  artifactKey: Guid(5555116c8467a454c8c90c5cece8dc84) Importer(815301076,1909f56bfc062723c751e8b465ee728b)
Start importing Assets/Violet Theme Ui/Colored Icons/Sword.png using Guid(5555116c8467a454c8c90c5cece8dc84) Importer(815301076,1909f56bfc062723c751e8b465ee728b) (PreviewImporter) -> (artifact id: '9810babd7a23573055f7c826dd198edc') in 0.006341375 seconds
Number of updated asset objects reloaded before import = 0Number of asset objects unloaded after import = 3

========================================================================
Received Import Request.
  Time since last request: 0.000043 seconds.
  path: Assets/Violet Theme Ui/Colored Icons/Touch.png
  artifactKey: Guid(311c2d5a384d93e49b14d80905a024fc) Importer(815301076,1909f56bfc062723c751e8b465ee728b)
Start importing Assets/Violet Theme Ui/Colored Icons/Touch.png using Guid(311c2d5a384d93e49b14d80905a024fc) Importer(815301076,1909f56bfc062723c751e8b465ee728b) (PreviewImporter) -> (artifact id: '94ddc47fb4e518866cc0165e6f68a345') in 0.005880125 seconds
Number of updated asset objects reloaded before import = 0Number of asset objects unloaded after import = 3

========================================================================
Received Import Request.
  Time since last request: 0.000044 seconds.
  path: Assets/Violet Theme Ui/Colored Icons/target.png
  artifactKey: Guid(6d0d8e88f558fdd45822018b80ab2b02) Importer(815301076,1909f56bfc062723c751e8b465ee728b)
Start importing Assets/Violet Theme Ui/Colored Icons/target.png using Guid(6d0d8e88f558fdd45822018b80ab2b02) Importer(815301076,1909f56bfc062723c751e8b465ee728b) (PreviewImporter) -> (artifact id: 'b1a43a7ab17d4adbf5fd0fcead669908') in 0.00611525 seconds
Number of updated asset objects reloaded before import = 0Number of asset objects unloaded after import = 3

========================================================================
Received Import Request.
  Time since last request: 2.844435 seconds.
  path: Assets/Violet Theme Ui/GemsAndCoins/Coin Sack.png
  artifactKey: Guid(f02467aee785ccf49a986c09192b2bee) Importer(815301076,1909f56bfc062723c751e8b465ee728b)
Start importing Assets/Violet Theme Ui/GemsAndCoins/Coin Sack.png using Guid(f02467aee785ccf49a986c09192b2bee) Importer(815301076,1909f56bfc062723c751e8b465ee728b) (PreviewImporter) -> (artifact id: 'a1c095a7b4a859af7d2bb306a46e2384') in 0.007227875 seconds
Number of updated asset objects reloaded before import = 0Number of asset objects unloaded after import = 3

========================================================================
Received Import Request.
  Time since last request: 0.000046 seconds.
  path: Assets/Violet Theme Ui/GemsAndCoins/Gem Sack.png
  artifactKey: Guid(66635ef6a77b29b4b95afd31dd58971c) Importer(815301076,1909f56bfc062723c751e8b465ee728b)
Start importing Assets/Violet Theme Ui/GemsAndCoins/Gem Sack.png using Guid(66635ef6a77b29b4b95afd31dd58971c) Importer(815301076,1909f56bfc062723c751e8b465ee728b) (PreviewImporter) -> (artifact id: 'fde112dc3df1eb0e209594003b012b05') in 0.006226792 seconds
Number of updated asset objects reloaded before import = 0Number of asset objects unloaded after import = 3

========================================================================
Received Import Request.
  Time since last request: 0.000043 seconds.
  path: Assets/Violet Theme Ui/GemsAndCoins/Coin Stack.png
  artifactKey: Guid(b6bf64f3818ea7048adcf794dea42649) Importer(815301076,1909f56bfc062723c751e8b465ee728b)
Start importing Assets/Violet Theme Ui/GemsAndCoins/Coin Stack.png using Guid(b6bf64f3818ea7048adcf794dea42649) Importer(815301076,1909f56bfc062723c751e8b465ee728b) (PreviewImporter) -> (artifact id: '9fae8bce16dde325ed7f388501738f0e') in 0.005973458 seconds
Number of updated asset objects reloaded before import = 0Number of asset objects unloaded after import = 3

========================================================================
Received Import Request.
  Time since last request: 0.945084 seconds.
  path: Assets/Violet Theme Ui/Panels/Dark Panel Green.png
  artifactKey: Guid(61dd4b4ded1fec74480695550f54d148) Importer(815301076,1909f56bfc062723c751e8b465ee728b)
Start importing Assets/Violet Theme Ui/Panels/Dark Panel Green.png using Guid(61dd4b4ded1fec74480695550f54d148) Importer(815301076,1909f56bfc062723c751e8b465ee728b) (PreviewImporter) -> (artifact id: '8b152eb721c4475fb4a5350f99ae2c94') in 0.007020042 seconds
Number of updated asset objects reloaded before import = 0Number of asset objects unloaded after import = 3

========================================================================
Received Import Request.
  Time since last request: 0.000053 seconds.
  path: Assets/Violet Theme Ui/Panels/Dark Panels Style 2 Purple.png
  artifactKey: Guid(67ae0b8315a808542a646c540231aa88) Importer(815301076,1909f56bfc062723c751e8b465ee728b)
Start importing Assets/Violet Theme Ui/Panels/Dark Panels Style 2 Purple.png using Guid(67ae0b8315a808542a646c540231aa88) Importer(815301076,1909f56bfc062723c751e8b465ee728b) (PreviewImporter) -> (artifact id: 'b81895d7f1e5dfe6031ff6d8212b9908') in 0.011187083 seconds
Number of updated asset objects reloaded before import = 0Number of asset objects unloaded after import = 3

========================================================================
Received Import Request.
  Time since last request: 0.000110 seconds.
  path: Assets/Violet Theme Ui/Panels/Dark Panels Style 2 Orange.png
  artifactKey: Guid(5af159fe7617e0d49bac227578248a75) Importer(815301076,1909f56bfc062723c751e8b465ee728b)
Start importing Assets/Violet Theme Ui/Panels/Dark Panels Style 2 Orange.png using Guid(5af159fe7617e0d49bac227578248a75) Importer(815301076,1909f56bfc062723c751e8b465ee728b) (PreviewImporter) -> (artifact id: 'f9c46e62e15161e8bb6b1c7b765869d6') in 0.013826833 seconds
Number of updated asset objects reloaded before import = 0Number of asset objects unloaded after import = 3

========================================================================
Received Import Request.
  Time since last request: 0.000186 seconds.
  path: Assets/Violet Theme Ui/Panels/Dark Panel Pink.png
  artifactKey: Guid(f580749602672a34fac8ab0643c2a0db) Importer(815301076,1909f56bfc062723c751e8b465ee728b)
Start importing Assets/Violet Theme Ui/Panels/Dark Panel Pink.png using Guid(f580749602672a34fac8ab0643c2a0db) Importer(815301076,1909f56bfc062723c751e8b465ee728b) (PreviewImporter) -> (artifact id: '4c6ce5e7fb5256bf049399d7368a6295') in 0.00884925 seconds
Number of updated asset objects reloaded before import = 0Number of asset objects unloaded after import = 3

========================================================================
Received Import Request.
  Time since last request: 0.000084 seconds.
  path: Assets/Violet Theme Ui/Panels/Dark Panel Yellow.png
  artifactKey: Guid(5f9fbceed0b35d2428c55a800ea8b1c1) Importer(815301076,1909f56bfc062723c751e8b465ee728b)
Start importing Assets/Violet Theme Ui/Panels/Dark Panel Yellow.png using Guid(5f9fbceed0b35d2428c55a800ea8b1c1) Importer(815301076,1909f56bfc062723c751e8b465ee728b) (PreviewImporter) -> (artifact id: 'ea5218baf510aa54d7928f407af9febc') in 0.007720458 seconds
Number of updated asset objects reloaded before import = 0Number of asset objects unloaded after import = 3

========================================================================
Received Import Request.
  Time since last request: 0.000123 seconds.
  path: Assets/Violet Theme Ui/Panels/Dark Panels Style 2 Yellow.png
  artifactKey: Guid(d05bc581a65fcb14094c810312ac3c3c) Importer(815301076,1909f56bfc062723c751e8b465ee728b)
Start importing Assets/Violet Theme Ui/Panels/Dark Panels Style 2 Yellow.png using Guid(d05bc581a65fcb14094c810312ac3c3c) Importer(815301076,1909f56bfc062723c751e8b465ee728b) (PreviewImporter) -> (artifact id: '41affbee291f1587f9e666f7c5f8a666') in 0.014482125 seconds
Number of updated asset objects reloaded before import = 0Number of asset objects unloaded after import = 3

========================================================================
Received Import Request.
  Time since last request: 0.000045 seconds.
  path: Assets/Violet Theme Ui/Panels/Dark Panels Style 2 Blue.png
  artifactKey: Guid(c0e73a4e12747dd46b7ca90d2284fb29) Importer(815301076,1909f56bfc062723c751e8b465ee728b)
Start importing Assets/Violet Theme Ui/Panels/Dark Panels Style 2 Blue.png using Guid(c0e73a4e12747dd46b7ca90d2284fb29) Importer(815301076,1909f56bfc062723c751e8b465ee728b) (PreviewImporter) -> (artifact id: '271bbb062666e4acfa645390cd187f84') in 0.007206083 seconds
Number of updated asset objects reloaded before import = 0Number of asset objects unloaded after import = 3

========================================================================
Received Import Request.
  Time since last request: 0.000043 seconds.
  path: Assets/Violet Theme Ui/Panels/Dark Panel Purple.png
  artifactKey: Guid(f013fbdef39944b438a519b1307f1ba6) Importer(815301076,1909f56bfc062723c751e8b465ee728b)
Start importing Assets/Violet Theme Ui/Panels/Dark Panel Purple.png using Guid(f013fbdef39944b438a519b1307f1ba6) Importer(815301076,1909f56bfc062723c751e8b465ee728b) (PreviewImporter) -> (artifact id: '471f5bdfc6b7be7bfeb6b1d30ab8f796') in 0.008209333 seconds
Number of updated asset objects reloaded before import = 0Number of asset objects unloaded after import = 3

========================================================================
Received Import Request.
  Time since last request: 0.000126 seconds.
  path: Assets/Violet Theme Ui/Panels/White Panel Blue.png
  artifactKey: Guid(1a0826b925ea56842b7027ed1df8df4b) Importer(815301076,1909f56bfc062723c751e8b465ee728b)
Start importing Assets/Violet Theme Ui/Panels/White Panel Blue.png using Guid(1a0826b925ea56842b7027ed1df8df4b) Importer(815301076,1909f56bfc062723c751e8b465ee728b) (PreviewImporter) -> (artifact id: 'd8c6aed3d90757283794bbab08337666') in 0.007969208 seconds
Number of updated asset objects reloaded before import = 0Number of asset objects unloaded after import = 3

========================================================================
Received Import Request.
  Time since last request: 1.015529 seconds.
  path: Assets/Violet Theme Ui/Prefab/Login.prefab
  artifactKey: Guid(8de9e4070f9532640a3f874b810ce4a3) Importer(815301076,1909f56bfc062723c751e8b465ee728b)
Start importing Assets/Violet Theme Ui/Prefab/Login.prefab using Guid(8de9e4070f9532640a3f874b810ce4a3) Importer(815301076,1909f56bfc062723c751e8b465ee728b) (PreviewImporter) -> (artifact id: '243ac8568d72e5034cb5699b1fb8c8de') in 0.041526417 seconds
Number of updated asset objects reloaded before import = 0Number of asset objects unloaded after import = 68

========================================================================
Received Import Request.
  Time since last request: 0.000044 seconds.
  path: Assets/Violet Theme Ui/Prefab/Lose.prefab
  artifactKey: Guid(327f63f425052ef458234d4dfd653648) Importer(815301076,1909f56bfc062723c751e8b465ee728b)
Start importing Assets/Violet Theme Ui/Prefab/Lose.prefab using Guid(327f63f425052ef458234d4dfd653648) Importer(815301076,1909f56bfc062723c751e8b465ee728b) (PreviewImporter) -> (artifact id: '1678f3268789a7507ff123592d239efd') in 0.003103917 seconds
Number of updated asset objects reloaded before import = 0Number of asset objects unloaded after import = 50

========================================================================
Received Import Request.
  Time since last request: 0.000150 seconds.
  path: Assets/Violet Theme Ui/Prefab/Store.prefab
  artifactKey: Guid(ef94f707182732b4fb45389fc2da750f) Importer(815301076,1909f56bfc062723c751e8b465ee728b)
Start importing Assets/Violet Theme Ui/Prefab/Store.prefab using Guid(ef94f707182732b4fb45389fc2da750f) Importer(815301076,1909f56bfc062723c751e8b465ee728b) (PreviewImporter) -> (artifact id: '49690512f07f6e1aa740587bf9deb382') in 0.009205667 seconds
Number of updated asset objects reloaded before import = 0Number of asset objects unloaded after import = 165

========================================================================
Received Import Request.
  Time since last request: 0.000055 seconds.
  path: Assets/Violet Theme Ui/Prefab/Status.prefab
  artifactKey: Guid(0c67cd333a1020d429e682990ff7a84d) Importer(815301076,1909f56bfc062723c751e8b465ee728b)
Start importing Assets/Violet Theme Ui/Prefab/Status.prefab using Guid(0c67cd333a1020d429e682990ff7a84d) Importer(815301076,1909f56bfc062723c751e8b465ee728b) (PreviewImporter) -> (artifact id: 'dd06be73859309ccfd5c02bd632cb65b') in 0.002123708 seconds
Number of updated asset objects reloaded before import = 0Number of asset objects unloaded after import = 61

========================================================================
Received Import Request.
  Time since last request: 0.000048 seconds.
  path: Assets/Violet Theme Ui/Prefab/Win.prefab
  artifactKey: Guid(6d8d3cab81ba0094b97b07e00afbce17) Importer(815301076,1909f56bfc062723c751e8b465ee728b)
Start importing Assets/Violet Theme Ui/Prefab/Win.prefab using Guid(6d8d3cab81ba0094b97b07e00afbce17) Importer(815301076,1909f56bfc062723c751e8b465ee728b) (PreviewImporter) -> (artifact id: '1a1db46074d9a665ec38a0094d936148') in 0.001501 seconds
Number of updated asset objects reloaded before import = 0Number of asset objects unloaded after import = 50

========================================================================
Received Import Request.
  Time since last request: 0.992963 seconds.
  path: Assets/Violet Theme Ui/Progress Bars/Progress Bar Blue.png
  artifactKey: Guid(6119f52e1327e7142ace21eddd69fe50) Importer(815301076,1909f56bfc062723c751e8b465ee728b)
Start importing Assets/Violet Theme Ui/Progress Bars/Progress Bar Blue.png using Guid(6119f52e1327e7142ace21eddd69fe50) Importer(815301076,1909f56bfc062723c751e8b465ee728b) (PreviewImporter) -> (artifact id: '551c07c69e2fdbe4f1fa6cb8a8528e47') in 0.004646834 seconds
Number of updated asset objects reloaded before import = 0Number of asset objects unloaded after import = 3

========================================================================
Received Import Request.
  Time since last request: 0.000051 seconds.
  path: Assets/Violet Theme Ui/Progress Bars/Progress Bar Green.png
  artifactKey: Guid(d3b1f9c6b58d4f4469dd6c630924eff7) Importer(815301076,1909f56bfc062723c751e8b465ee728b)
Start importing Assets/Violet Theme Ui/Progress Bars/Progress Bar Green.png using Guid(d3b1f9c6b58d4f4469dd6c630924eff7) Importer(815301076,1909f56bfc062723c751e8b465ee728b) (PreviewImporter) -> (artifact id: '1c673f9940c57f59c7c32f5d733254f4') in 0.004534583 seconds
Number of updated asset objects reloaded before import = 0Number of asset objects unloaded after import = 3

========================================================================
Received Import Request.
  Time since last request: 0.000031 seconds.
  path: Assets/Violet Theme Ui/Progress Bars/Progress Bar Orange.png
  artifactKey: Guid(b0bf94ead829fd24591a1625a292a742) Importer(815301076,1909f56bfc062723c751e8b465ee728b)
Start importing Assets/Violet Theme Ui/Progress Bars/Progress Bar Orange.png using Guid(b0bf94ead829fd24591a1625a292a742) Importer(815301076,1909f56bfc062723c751e8b465ee728b) (PreviewImporter) -> (artifact id: '42650a26fc21b38f3ce01e2aba26da04') in 0.003895375 seconds
Number of updated asset objects reloaded before import = 0Number of asset objects unloaded after import = 3

========================================================================
Received Import Request.
  Time since last request: 0.000035 seconds.
  path: Assets/Violet Theme Ui/Progress Bars/Progress Bar Pink.png
  artifactKey: Guid(bc5c9842ed20fb14eab8fca166a60f01) Importer(815301076,1909f56bfc062723c751e8b465ee728b)
Start importing Assets/Violet Theme Ui/Progress Bars/Progress Bar Pink.png using Guid(bc5c9842ed20fb14eab8fca166a60f01) Importer(815301076,1909f56bfc062723c751e8b465ee728b) (PreviewImporter) -> (artifact id: '1220d6f1766c7ab0fcc9dea9d558c990') in 0.003880375 seconds
Number of updated asset objects reloaded before import = 0Number of asset objects unloaded after import = 3

========================================================================
Received Import Request.
  Time since last request: 2.733285 seconds.
  path: Assets/Violet Theme Ui/Sliders/Fill Green.png
  artifactKey: Guid(5c6b1d8bbb4d72743bce6f67053ac941) Importer(815301076,1909f56bfc062723c751e8b465ee728b)
Start importing Assets/Violet Theme Ui/Sliders/Fill Green.png using Guid(5c6b1d8bbb4d72743bce6f67053ac941) Importer(815301076,1909f56bfc062723c751e8b465ee728b) (PreviewImporter) -> (artifact id: 'd5ac3296822b3b4778a77b48d6d7147f') in 0.008509167 seconds
Number of updated asset objects reloaded before import = 0Number of asset objects unloaded after import = 3

========================================================================
Received Import Request.
  Time since last request: 0.000104 seconds.
  path: Assets/Violet Theme Ui/Sliders/Fill Violet.png
  artifactKey: Guid(d0b5022270fc8a0409266ba1be38188b) Importer(815301076,1909f56bfc062723c751e8b465ee728b)
Start importing Assets/Violet Theme Ui/Sliders/Fill Violet.png using Guid(d0b5022270fc8a0409266ba1be38188b) Importer(815301076,1909f56bfc062723c751e8b465ee728b) (PreviewImporter) -> (artifact id: 'c610b652e8638279e29f6435b4de3691') in 0.003466083 seconds
Number of updated asset objects reloaded before import = 0Number of asset objects unloaded after import = 3

========================================================================
Received Import Request.
  Time since last request: 0.000042 seconds.
  path: Assets/Violet Theme Ui/Sliders/Handle Yellow.png
  artifactKey: Guid(d58fce3806791a446a633c9b19afa689) Importer(815301076,1909f56bfc062723c751e8b465ee728b)
Start importing Assets/Violet Theme Ui/Sliders/Handle Yellow.png using Guid(d58fce3806791a446a633c9b19afa689) Importer(815301076,1909f56bfc062723c751e8b465ee728b) (PreviewImporter) -> (artifact id: 'fdc747f0f310e2f062757d2c8740dcb8') in 0.004193709 seconds
Number of updated asset objects reloaded before import = 0Number of asset objects unloaded after import = 3

========================================================================
Received Import Request.
  Time since last request: 0.000048 seconds.
  path: Assets/Violet Theme Ui/Sliders/Fill Red.png
  artifactKey: Guid(89aff9e18247bb647979c8e71d9dc5c7) Importer(815301076,1909f56bfc062723c751e8b465ee728b)
Start importing Assets/Violet Theme Ui/Sliders/Fill Red.png using Guid(89aff9e18247bb647979c8e71d9dc5c7) Importer(815301076,1909f56bfc062723c751e8b465ee728b) (PreviewImporter) -> (artifact id: '8aa2edc6e0880e1c76fc40d2fb68bf11') in 0.005060709 seconds
Number of updated asset objects reloaded before import = 0Number of asset objects unloaded after import = 3

========================================================================
Received Import Request.
  Time since last request: 0.000060 seconds.
  path: Assets/Violet Theme Ui/Sliders/Handle Pink.png
  artifactKey: Guid(f3eafdc0f9c9fcb40b39db80b74f6f6a) Importer(815301076,1909f56bfc062723c751e8b465ee728b)
Start importing Assets/Violet Theme Ui/Sliders/Handle Pink.png using Guid(f3eafdc0f9c9fcb40b39db80b74f6f6a) Importer(815301076,1909f56bfc062723c751e8b465ee728b) (PreviewImporter) -> (artifact id: '65b06a7bcd03c617f6d1986129519afb') in 0.004085417 seconds
Number of updated asset objects reloaded before import = 0Number of asset objects unloaded after import = 3

========================================================================
Received Import Request.
  Time since last request: 0.000052 seconds.
  path: Assets/Violet Theme Ui/Sliders/Handle Blue.png
  artifactKey: Guid(90a65e5f1a9c4c04a89791b3a9eda3c9) Importer(815301076,1909f56bfc062723c751e8b465ee728b)
Start importing Assets/Violet Theme Ui/Sliders/Handle Blue.png using Guid(90a65e5f1a9c4c04a89791b3a9eda3c9) Importer(815301076,1909f56bfc062723c751e8b465ee728b) (PreviewImporter) -> (artifact id: '5f3a544000a3f18c2568f64091b8b5ef') in 0.005479542 seconds
Number of updated asset objects reloaded before import = 0Number of asset objects unloaded after import = 3

========================================================================
Received Import Request.
  Time since last request: 0.000106 seconds.
  path: Assets/Violet Theme Ui/Sliders/Fill Yellow.png
  artifactKey: Guid(0f4f39901b919954789333870bac9863) Importer(815301076,1909f56bfc062723c751e8b465ee728b)
Start importing Assets/Violet Theme Ui/Sliders/Fill Yellow.png using Guid(0f4f39901b919954789333870bac9863) Importer(815301076,1909f56bfc062723c751e8b465ee728b) (PreviewImporter) -> (artifact id: 'ca14495662e4a53cce888db7f37c38a3') in 0.004164292 seconds
Number of updated asset objects reloaded before import = 0Number of asset objects unloaded after import = 3

========================================================================
Received Import Request.
  Time since last request: 125.925208 seconds.
  path: Assets/Violet Theme Ui/White Icons/White A1.png
  artifactKey: Guid(785654e3ef0028d468a83acb819a4d3f) Importer(815301076,1909f56bfc062723c751e8b465ee728b)
Start importing Assets/Violet Theme Ui/White Icons/White A1.png using Guid(785654e3ef0028d468a83acb819a4d3f) Importer(815301076,1909f56bfc062723c751e8b465ee728b) (PreviewImporter) -> (artifact id: '91777b4e5b8a2511b99aa7ad2250e69f') in 0.00937425 seconds
Number of updated asset objects reloaded before import = 0Number of asset objects unloaded after import = 4

========================================================================
Received Import Request.
  Time since last request: 0.000062 seconds.
  path: Assets/Violet Theme Ui/White Icons/White Bag 2.png
  artifactKey: Guid(f7490f85e5d705040a645c70dfc50673) Importer(815301076,1909f56bfc062723c751e8b465ee728b)
Start importing Assets/Violet Theme Ui/White Icons/White Bag 2.png using Guid(f7490f85e5d705040a645c70dfc50673) Importer(815301076,1909f56bfc062723c751e8b465ee728b) (PreviewImporter) -> (artifact id: 'c290b48a3c3f9ace3bf7c95000a1171d') in 0.009015291 seconds
Number of updated asset objects reloaded before import = 0Number of asset objects unloaded after import = 6

========================================================================
Received Import Request.
  Time since last request: 0.000068 seconds.
  path: Assets/Violet Theme Ui/White Icons/White Backward.png
  artifactKey: Guid(7b1fc72ce1c2e774fae4dc31adce7ebf) Importer(815301076,1909f56bfc062723c751e8b465ee728b)
Start importing Assets/Violet Theme Ui/White Icons/White Backward.png using Guid(7b1fc72ce1c2e774fae4dc31adce7ebf) Importer(815301076,1909f56bfc062723c751e8b465ee728b) (PreviewImporter) -> (artifact id: 'e7eb5d7c5dc55d128be9844bacfbaf2a') in 0.005617834 seconds
Number of updated asset objects reloaded before import = 0Number of asset objects unloaded after import = 3

========================================================================
Received Import Request.
  Time since last request: 0.000062 seconds.
  path: Assets/Violet Theme Ui/White Icons/White Axe.png
  artifactKey: Guid(1211324f0927fc540afd33686434a913) Importer(815301076,1909f56bfc062723c751e8b465ee728b)
Start importing Assets/Violet Theme Ui/White Icons/White Axe.png using Guid(1211324f0927fc540afd33686434a913) Importer(815301076,1909f56bfc062723c751e8b465ee728b) (PreviewImporter) -> (artifact id: 'a1b421bef95fe0ea332b0460404f2410') in 0.011881167 seconds
Number of updated asset objects reloaded before import = 0Number of asset objects unloaded after import = 6

========================================================================
Received Import Request.
  Time since last request: 0.000034 seconds.
  path: Assets/Violet Theme Ui/White Icons/White Bag 1.png
  artifactKey: Guid(df9b56d87fb51104ebe9f524721a14c5) Importer(815301076,1909f56bfc062723c751e8b465ee728b)
Start importing Assets/Violet Theme Ui/White Icons/White Bag 1.png using Guid(df9b56d87fb51104ebe9f524721a14c5) Importer(815301076,1909f56bfc062723c751e8b465ee728b) (PreviewImporter) -> (artifact id: 'fc5346622ceff0b3ec5d84154a038c1a') in 0.016226958 seconds
Number of updated asset objects reloaded before import = 0Number of asset objects unloaded after import = 9

========================================================================
Received Import Request.
  Time since last request: 0.000043 seconds.
  path: Assets/Violet Theme Ui/White Icons/White Add.png
  artifactKey: Guid(6ae0fe68f93b83843b430c78ad694acc) Importer(815301076,1909f56bfc062723c751e8b465ee728b)
Start importing Assets/Violet Theme Ui/White Icons/White Add.png using Guid(6ae0fe68f93b83843b430c78ad694acc) Importer(815301076,1909f56bfc062723c751e8b465ee728b) (PreviewImporter) -> (artifact id: '1d179269dac63d6239637bb79678148a') in 0.005442167 seconds
Number of updated asset objects reloaded before import = 0Number of asset objects unloaded after import = 3

========================================================================
Received Import Request.
  Time since last request: 0.000072 seconds.
  path: Assets/Violet Theme Ui/White Icons/White Anvil.png
  artifactKey: Guid(59356e9331ae5794cb87f972976490e1) Importer(815301076,1909f56bfc062723c751e8b465ee728b)
Start importing Assets/Violet Theme Ui/White Icons/White Anvil.png using Guid(59356e9331ae5794cb87f972976490e1) Importer(815301076,1909f56bfc062723c751e8b465ee728b) (PreviewImporter) -> (artifact id: 'dee31c0e21abe3d2571b5fea215d955f') in 0.008347917 seconds
Number of updated asset objects reloaded before import = 0Number of asset objects unloaded after import = 5

========================================================================
Received Import Request.
  Time since last request: 0.000154 seconds.
  path: Assets/Violet Theme Ui/White Icons/White Banner.png
  artifactKey: Guid(88af35d2d0b4e324dad1d706b38e1bda) Importer(815301076,1909f56bfc062723c751e8b465ee728b)
Start importing Assets/Violet Theme Ui/White Icons/White Banner.png using Guid(88af35d2d0b4e324dad1d706b38e1bda) Importer(815301076,1909f56bfc062723c751e8b465ee728b) (PreviewImporter) -> (artifact id: 'ffe5638aead03ba95b18eb4b520300f3') in 0.012537167 seconds
Number of updated asset objects reloaded before import = 0Number of asset objects unloaded after import = 7

========================================================================
Received Import Request.
  Time since last request: 0.000061 seconds.
  path: Assets/Violet Theme Ui/White Icons/White At.png
  artifactKey: Guid(5951865552a79d447a4bf1d41f58c9a6) Importer(815301076,1909f56bfc062723c751e8b465ee728b)
Start importing Assets/Violet Theme Ui/White Icons/White At.png using Guid(5951865552a79d447a4bf1d41f58c9a6) Importer(815301076,1909f56bfc062723c751e8b465ee728b) (PreviewImporter) -> (artifact id: '32511d016161ced6f40d25cdb081c27f') in 0.0055275 seconds
Number of updated asset objects reloaded before import = 0Number of asset objects unloaded after import = 3

========================================================================
Received Import Request.
  Time since last request: 0.000029 seconds.
  path: Assets/Violet Theme Ui/White Icons/White Battery Full.png
  artifactKey: Guid(abdf66134bde9074dbbdb17b30d8d5a2) Importer(815301076,1909f56bfc062723c751e8b465ee728b)
Start importing Assets/Violet Theme Ui/White Icons/White Battery Full.png using Guid(abdf66134bde9074dbbdb17b30d8d5a2) Importer(815301076,1909f56bfc062723c751e8b465ee728b) (PreviewImporter) -> (artifact id: 'bef984ccb2fb806ffca658adcbe2b689') in 0.007082375 seconds
Number of updated asset objects reloaded before import = 0Number of asset objects unloaded after import = 4

========================================================================
Received Import Request.
  Time since last request: 0.000034 seconds.
  path: Assets/Violet Theme Ui/White Icons/White Axe 2.png
  artifactKey: Guid(8185f3757a8a496458bf5b9e2b48ccf8) Importer(815301076,1909f56bfc062723c751e8b465ee728b)
Start importing Assets/Violet Theme Ui/White Icons/White Axe 2.png using Guid(8185f3757a8a496458bf5b9e2b48ccf8) Importer(815301076,1909f56bfc062723c751e8b465ee728b) (PreviewImporter) -> (artifact id: '48521b129e1399568092a3c7497a1039') in 0.011578708 seconds
Number of updated asset objects reloaded before import = 0Number of asset objects unloaded after import = 6

========================================================================
Received Import Request.
  Time since last request: 0.000053 seconds.
  path: Assets/Violet Theme Ui/White Icons/White Backward 2.png
  artifactKey: Guid(c962ddd9b0a42d3418bf5991eb64eeb8) Importer(815301076,1909f56bfc062723c751e8b465ee728b)
Start importing Assets/Violet Theme Ui/White Icons/White Backward 2.png using Guid(c962ddd9b0a42d3418bf5991eb64eeb8) Importer(815301076,1909f56bfc062723c751e8b465ee728b) (PreviewImporter) -> (artifact id: '3379dea913eeb6cdc5e2f62f6678bd28') in 0.005124042 seconds
Number of updated asset objects reloaded before import = 0Number of asset objects unloaded after import = 3

========================================================================
Received Import Request.
  Time since last request: 2.146753 seconds.
  path: Assets/Violet Theme Ui/White Icons/White Bishop.png
  artifactKey: Guid(4355aa8f6e41f3449bfb6c19933598e8) Importer(815301076,1909f56bfc062723c751e8b465ee728b)
Start importing Assets/Violet Theme Ui/White Icons/White Bishop.png using Guid(4355aa8f6e41f3449bfb6c19933598e8) Importer(815301076,1909f56bfc062723c751e8b465ee728b) (PreviewImporter) -> (artifact id: 'fc115925579438391aa72a30ff222bba') in 0.008548292 seconds
Number of updated asset objects reloaded before import = 0Number of asset objects unloaded after import = 4

========================================================================
Received Import Request.
  Time since last request: 0.000041 seconds.
  path: Assets/Violet Theme Ui/White Icons/White Bomb.png
  artifactKey: Guid(976d40449908b1c439451ba6b1fadb9e) Importer(815301076,1909f56bfc062723c751e8b465ee728b)
Start importing Assets/Violet Theme Ui/White Icons/White Bomb.png using Guid(976d40449908b1c439451ba6b1fadb9e) Importer(815301076,1909f56bfc062723c751e8b465ee728b) (PreviewImporter) -> (artifact id: '376d0a755de2531d356d2f03c6d04246') in 0.005712667 seconds
Number of updated asset objects reloaded before import = 0Number of asset objects unloaded after import = 3

========================================================================
Received Import Request.
  Time since last request: 0.000084 seconds.
  path: Assets/Violet Theme Ui/White Icons/White Blade 3.png
  artifactKey: Guid(75b002f5320d0204fbb110edd8b21bbd) Importer(815301076,1909f56bfc062723c751e8b465ee728b)
Start importing Assets/Violet Theme Ui/White Icons/White Blade 3.png using Guid(75b002f5320d0204fbb110edd8b21bbd) Importer(815301076,1909f56bfc062723c751e8b465ee728b) (PreviewImporter) -> (artifact id: 'a1baafe6d6f87c2c27e014a7e9ce56de') in 0.007049292 seconds
Number of updated asset objects reloaded before import = 0Number of asset objects unloaded after import = 4

========================================================================
Received Import Request.
  Time since last request: 0.000047 seconds.
  path: Assets/Violet Theme Ui/White Icons/White Bitcoin.png
  artifactKey: Guid(e9770deacb613c347bc02da2f613755a) Importer(815301076,1909f56bfc062723c751e8b465ee728b)
Start importing Assets/Violet Theme Ui/White Icons/White Bitcoin.png using Guid(e9770deacb613c347bc02da2f613755a) Importer(815301076,1909f56bfc062723c751e8b465ee728b) (PreviewImporter) -> (artifact id: '008c7842bc1eb71bd8bd42d507306ece') in 0.005933709 seconds
Number of updated asset objects reloaded before import = 0Number of asset objects unloaded after import = 3

========================================================================
Received Import Request.
  Time since last request: 0.000052 seconds.
  path: Assets/Violet Theme Ui/White Icons/White Bluetooth Off.png
  artifactKey: Guid(f791f4cb3fbccc1419eaca61ce79eae5) Importer(815301076,1909f56bfc062723c751e8b465ee728b)
Start importing Assets/Violet Theme Ui/White Icons/White Bluetooth Off.png using Guid(f791f4cb3fbccc1419eaca61ce79eae5) Importer(815301076,1909f56bfc062723c751e8b465ee728b) (PreviewImporter) -> (artifact id: '6bc4c0a5f29b38edacbf153ec28bc9b0') in 0.01006175 seconds
Number of updated asset objects reloaded before import = 0Number of asset objects unloaded after import = 5

========================================================================
Received Import Request.
  Time since last request: 1.899312 seconds.
  path: Assets/Violet Theme Ui/White Icons/White Bomb 2.png
  artifactKey: Guid(76f33d4497c53394b9151dc09e67064c) Importer(815301076,1909f56bfc062723c751e8b465ee728b)
Start importing Assets/Violet Theme Ui/White Icons/White Bomb 2.png using Guid(76f33d4497c53394b9151dc09e67064c) Importer(815301076,1909f56bfc062723c751e8b465ee728b) (PreviewImporter) -> (artifact id: '4912a1154266c161b0601eb777613723') in 0.009293792 seconds
Number of updated asset objects reloaded before import = 0Number of asset objects unloaded after import = 4

========================================================================
Received Import Request.
  Time since last request: 0.000255 seconds.
  path: Assets/Violet Theme Ui/White Icons/White Boxing Glove 1.png
  artifactKey: Guid(e785bd6034616344485debcaaba18afd) Importer(815301076,1909f56bfc062723c751e8b465ee728b)
Start importing Assets/Violet Theme Ui/White Icons/White Boxing Glove 1.png using Guid(e785bd6034616344485debcaaba18afd) Importer(815301076,1909f56bfc062723c751e8b465ee728b) (PreviewImporter) -> (artifact id: '8346ab78bd7d1c880ddbaa8b60fd50e7') in 0.0085335 seconds
Number of updated asset objects reloaded before import = 0Number of asset objects unloaded after import = 4

========================================================================
Received Import Request.
  Time since last request: 0.000067 seconds.
  path: Assets/Violet Theme Ui/White Icons/White Bug.png
  artifactKey: Guid(a4bb7f1b97a31ca46839863d6e8750f2) Importer(815301076,1909f56bfc062723c751e8b465ee728b)
Start importing Assets/Violet Theme Ui/White Icons/White Bug.png using Guid(a4bb7f1b97a31ca46839863d6e8750f2) Importer(815301076,1909f56bfc062723c751e8b465ee728b) (PreviewImporter) -> (artifact id: '38b6132859b6b07d8a1bab8ceaf09de6') in 0.00763375 seconds
Number of updated asset objects reloaded before import = 0Number of asset objects unloaded after import = 4

========================================================================
Received Import Request.
  Time since last request: 0.000059 seconds.
  path: Assets/Violet Theme Ui/White Icons/White Books.png
  artifactKey: Guid(b705d170dd672dd49afc1159577a57fb) Importer(815301076,1909f56bfc062723c751e8b465ee728b)
Start importing Assets/Violet Theme Ui/White Icons/White Books.png using Guid(b705d170dd672dd49afc1159577a57fb) Importer(815301076,1909f56bfc062723c751e8b465ee728b) (PreviewImporter) -> (artifact id: 'fc3de2df0b416fe0f98339e2599a3916') in 0.014724709 seconds
Number of updated asset objects reloaded before import = 0Number of asset objects unloaded after import = 8

========================================================================
Received Import Request.
  Time since last request: 0.021874 seconds.
  path: Assets/Violet Theme Ui/White Icons/White Building 2.png
  artifactKey: Guid(895fe555ea23fcf4689652d3ec6f0647) Importer(815301076,1909f56bfc062723c751e8b465ee728b)
Start importing Assets/Violet Theme Ui/White Icons/White Building 2.png using Guid(895fe555ea23fcf4689652d3ec6f0647) Importer(815301076,1909f56bfc062723c751e8b465ee728b) (PreviewImporter) -> (artifact id: '7834a4e4e5117347a7b647a2b99adc36') in 0.012412084 seconds
Number of updated asset objects reloaded before import = 0Number of asset objects unloaded after import = 7

========================================================================
Received Import Request.
  Time since last request: 0.000050 seconds.
  path: Assets/Violet Theme Ui/White Icons/White Calculator.png
  artifactKey: Guid(5fd6ea44dbbd9d046872ded11c5decf5) Importer(815301076,1909f56bfc062723c751e8b465ee728b)
Start importing Assets/Violet Theme Ui/White Icons/White Calculator.png using Guid(5fd6ea44dbbd9d046872ded11c5decf5) Importer(815301076,1909f56bfc062723c751e8b465ee728b) (PreviewImporter) -> (artifact id: 'a0ee2a7fb7a94e3f8dc044ebe6510cb6') in 0.00497425 seconds
Number of updated asset objects reloaded before import = 0Number of asset objects unloaded after import = 3

========================================================================
Received Import Request.
  Time since last request: 0.000106 seconds.
  path: Assets/Violet Theme Ui/White Icons/White Calendar 2.png
  artifactKey: Guid(84aae14d0ad80c7409ca2f25d810125d) Importer(815301076,1909f56bfc062723c751e8b465ee728b)
Start importing Assets/Violet Theme Ui/White Icons/White Calendar 2.png using Guid(84aae14d0ad80c7409ca2f25d810125d) Importer(815301076,1909f56bfc062723c751e8b465ee728b) (PreviewImporter) -> (artifact id: 'cb44d9171ab5429afc8611efbb3f779f') in 0.006841208 seconds
Number of updated asset objects reloaded before import = 0Number of asset objects unloaded after import = 4

========================================================================
Received Import Request.
  Time since last request: 0.000047 seconds.
  path: Assets/Violet Theme Ui/White Icons/White Cart.png
  artifactKey: Guid(cfdbd5242e19eb8438226557819869a0) Importer(815301076,1909f56bfc062723c751e8b465ee728b)
Start importing Assets/Violet Theme Ui/White Icons/White Cart.png using Guid(cfdbd5242e19eb8438226557819869a0) Importer(815301076,1909f56bfc062723c751e8b465ee728b) (PreviewImporter) -> (artifact id: '9574765619310270c8304d2089c307e1') in 0.009003167 seconds
Number of updated asset objects reloaded before import = 0Number of asset objects unloaded after import = 5

========================================================================
Received Import Request.
  Time since last request: 0.629978 seconds.
  path: Assets/Violet Theme Ui/White Icons/White Castle 1.png
  artifactKey: Guid(7750fcabc27e4464c94dd37eabcdb89d) Importer(815301076,1909f56bfc062723c751e8b465ee728b)
Start importing Assets/Violet Theme Ui/White Icons/White Castle 1.png using Guid(7750fcabc27e4464c94dd37eabcdb89d) Importer(815301076,1909f56bfc062723c751e8b465ee728b) (PreviewImporter) -> (artifact id: '850f43e301d60ecaf5a99d79bc83bd84') in 0.012409541 seconds
Number of updated asset objects reloaded before import = 0Number of asset objects unloaded after import = 7

========================================================================
Received Import Request.
  Time since last request: 0.000055 seconds.
  path: Assets/Violet Theme Ui/White Icons/White Check.png
  artifactKey: Guid(cfd28c4685f7c504c8541bb8903d4ec8) Importer(815301076,1909f56bfc062723c751e8b465ee728b)
Start importing Assets/Violet Theme Ui/White Icons/White Check.png using Guid(cfd28c4685f7c504c8541bb8903d4ec8) Importer(815301076,1909f56bfc062723c751e8b465ee728b) (PreviewImporter) -> (artifact id: '4e85e617cfcbaa953ec9b74dae3b63a0') in 0.005166875 seconds
Number of updated asset objects reloaded before import = 0Number of asset objects unloaded after import = 3

========================================================================
Received Import Request.
  Time since last request: 0.000057 seconds.
  path: Assets/Violet Theme Ui/White Icons/White Chat 3.png
  artifactKey: Guid(056d8d42805743b459320a96aeacbe06) Importer(815301076,1909f56bfc062723c751e8b465ee728b)
Start importing Assets/Violet Theme Ui/White Icons/White Chat 3.png using Guid(056d8d42805743b459320a96aeacbe06) Importer(815301076,1909f56bfc062723c751e8b465ee728b) (PreviewImporter) -> (artifact id: '951cea7f92d61c09c1a196721dff6aae') in 0.005071333 seconds
Number of updated asset objects reloaded before import = 0Number of asset objects unloaded after import = 3

========================================================================
Received Import Request.
  Time since last request: 0.000039 seconds.
  path: Assets/Violet Theme Ui/White Icons/White Cauldron.png
  artifactKey: Guid(62438af6038e9c94abedcde3d87bb764) Importer(815301076,1909f56bfc062723c751e8b465ee728b)
Start importing Assets/Violet Theme Ui/White Icons/White Cauldron.png using Guid(62438af6038e9c94abedcde3d87bb764) Importer(815301076,1909f56bfc062723c751e8b465ee728b) (PreviewImporter) -> (artifact id: '6c0b0d4a33f6bb4c557d65b3e22ab2e1') in 0.007294125 seconds
Number of updated asset objects reloaded before import = 0Number of asset objects unloaded after import = 4

========================================================================
Received Import Request.
  Time since last request: 0.779389 seconds.
  path: Assets/Violet Theme Ui/White Icons/White Choices.png
  artifactKey: Guid(7019cc732dcbc284cafdcb1d32018068) Importer(815301076,1909f56bfc062723c751e8b465ee728b)
Start importing Assets/Violet Theme Ui/White Icons/White Choices.png using Guid(7019cc732dcbc284cafdcb1d32018068) Importer(815301076,1909f56bfc062723c751e8b465ee728b) (PreviewImporter) -> (artifact id: '5aa2d16b5172e676566ed759aa7d5990') in 0.01018675 seconds
Number of updated asset objects reloaded before import = 0Number of asset objects unloaded after import = 6

========================================================================
Received Import Request.
  Time since last request: 0.000094 seconds.
  path: Assets/Violet Theme Ui/White Icons/White Clip 2.png
  artifactKey: Guid(561d273ce3106574a897bafb257128ca) Importer(815301076,1909f56bfc062723c751e8b465ee728b)
Start importing Assets/Violet Theme Ui/White Icons/White Clip 2.png using Guid(561d273ce3106574a897bafb257128ca) Importer(815301076,1909f56bfc062723c751e8b465ee728b) (PreviewImporter) -> (artifact id: 'e19f2bebce1c31b9dd58ec081a34d5dc') in 0.006089625 seconds
Number of updated asset objects reloaded before import = 0Number of asset objects unloaded after import = 3

========================================================================
Received Import Request.
  Time since last request: 0.000035 seconds.
  path: Assets/Violet Theme Ui/White Icons/White Close.png
  artifactKey: Guid(21bd16f5188d640468c6158b40f986ee) Importer(815301076,1909f56bfc062723c751e8b465ee728b)
Start importing Assets/Violet Theme Ui/White Icons/White Close.png using Guid(21bd16f5188d640468c6158b40f986ee) Importer(815301076,1909f56bfc062723c751e8b465ee728b) (PreviewImporter) -> (artifact id: '00a8be0bfaa89cbc04ae809d64119291') in 0.005549167 seconds
Number of updated asset objects reloaded before import = 0Number of asset objects unloaded after import = 3

========================================================================
Received Import Request.
  Time since last request: 0.000078 seconds.
  path: Assets/Violet Theme Ui/White Icons/White Clip.png
  artifactKey: Guid(3137341deac2841429264dea35abb59d) Importer(815301076,1909f56bfc062723c751e8b465ee728b)
Start importing Assets/Violet Theme Ui/White Icons/White Clip.png using Guid(3137341deac2841429264dea35abb59d) Importer(815301076,1909f56bfc062723c751e8b465ee728b) (PreviewImporter) -> (artifact id: '3147fe971482f6b0f8d701d4fad5900a') in 0.005625 seconds
Number of updated asset objects reloaded before import = 0Number of asset objects unloaded after import = 3

========================================================================
Received Import Request.
  Time since last request: 0.471256 seconds.
  path: Assets/Violet Theme Ui/White Icons/White Clover.png
  artifactKey: Guid(26b0346682aa5034886a3155ddd4fd88) Importer(815301076,1909f56bfc062723c751e8b465ee728b)
Start importing Assets/Violet Theme Ui/White Icons/White Clover.png using Guid(26b0346682aa5034886a3155ddd4fd88) Importer(815301076,1909f56bfc062723c751e8b465ee728b) (PreviewImporter) -> (artifact id: '89f777ead322324ec8e7e62c2b523925') in 0.005516791 seconds
Number of updated asset objects reloaded before import = 0Number of asset objects unloaded after import = 3

========================================================================
Received Import Request.
  Time since last request: 0.000040 seconds.
  path: Assets/Violet Theme Ui/White Icons/White Cross.png
  artifactKey: Guid(a292199eee9f1e54bb7060b491996fbe) Importer(815301076,1909f56bfc062723c751e8b465ee728b)
Start importing Assets/Violet Theme Ui/White Icons/White Cross.png using Guid(a292199eee9f1e54bb7060b491996fbe) Importer(815301076,1909f56bfc062723c751e8b465ee728b) (PreviewImporter) -> (artifact id: '10fa8a3e5cbf8c9ccaa3f2b03db2a566') in 0.00647 seconds
Number of updated asset objects reloaded before import = 0Number of asset objects unloaded after import = 3

========================================================================
Received Import Request.
  Time since last request: 0.000035 seconds.
  path: Assets/Violet Theme Ui/White Icons/White Cross Swords.png
  artifactKey: Guid(64105460c44937a4c9f1e3e1d6ed595d) Importer(815301076,1909f56bfc062723c751e8b465ee728b)
Start importing Assets/Violet Theme Ui/White Icons/White Cross Swords.png using Guid(64105460c44937a4c9f1e3e1d6ed595d) Importer(815301076,1909f56bfc062723c751e8b465ee728b) (PreviewImporter) -> (artifact id: '03dccbaf4efbaf7d55ade285b3089aaa') in 0.007421042 seconds
Number of updated asset objects reloaded before import = 0Number of asset objects unloaded after import = 4

========================================================================
Received Import Request.
  Time since last request: 0.000033 seconds.
  path: Assets/Violet Theme Ui/White Icons/White Cross Arows.png
  artifactKey: Guid(f74547b17045ca249b3758b6ed9bc68a) Importer(815301076,1909f56bfc062723c751e8b465ee728b)
Start importing Assets/Violet Theme Ui/White Icons/White Cross Arows.png using Guid(f74547b17045ca249b3758b6ed9bc68a) Importer(815301076,1909f56bfc062723c751e8b465ee728b) (PreviewImporter) -> (artifact id: '29955b8a42518c30b4b8833281d9b626') in 0.007276917 seconds
Number of updated asset objects reloaded before import = 0Number of asset objects unloaded after import = 4

========================================================================
Received Import Request.
  Time since last request: 0.000049 seconds.
  path: Assets/Violet Theme Ui/White Icons/White Controls.png
  artifactKey: Guid(984423f0a5bc0be4f982eef9255f71a9) Importer(815301076,1909f56bfc062723c751e8b465ee728b)
Start importing Assets/Violet Theme Ui/White Icons/White Controls.png using Guid(984423f0a5bc0be4f982eef9255f71a9) Importer(815301076,1909f56bfc062723c751e8b465ee728b) (PreviewImporter) -> (artifact id: '0818991fc94bb262d2202b25ce45ca65') in 0.006770167 seconds
Number of updated asset objects reloaded before import = 0Number of asset objects unloaded after import = 4

========================================================================
Received Import Request.
  Time since last request: 0.023938 seconds.
  path: Assets/Violet Theme Ui/White Icons/White Crown 2.png
  artifactKey: Guid(97a7a415fdd23b046a9d12ddb2e073c2) Importer(815301076,1909f56bfc062723c751e8b465ee728b)
Start importing Assets/Violet Theme Ui/White Icons/White Crown 2.png using Guid(97a7a415fdd23b046a9d12ddb2e073c2) Importer(815301076,1909f56bfc062723c751e8b465ee728b) (PreviewImporter) -> (artifact id: 'a98fd19159d10b8fae1130429b168f94') in 0.005446958 seconds
Number of updated asset objects reloaded before import = 0Number of asset objects unloaded after import = 3

========================================================================
Received Import Request.
  Time since last request: 0.000038 seconds.
  path: Assets/Violet Theme Ui/White Icons/White Dice.png
  artifactKey: Guid(4df7d6be0df6c3c4eb6602808ef5144e) Importer(815301076,1909f56bfc062723c751e8b465ee728b)
Start importing Assets/Violet Theme Ui/White Icons/White Dice.png using Guid(4df7d6be0df6c3c4eb6602808ef5144e) Importer(815301076,1909f56bfc062723c751e8b465ee728b) (PreviewImporter) -> (artifact id: 'd5afc7bbe7b9c23b3ffc29f64dea1bfc') in 0.008463958 seconds
Number of updated asset objects reloaded before import = 0Number of asset objects unloaded after import = 5

========================================================================
Received Import Request.
  Time since last request: 0.000035 seconds.
  path: Assets/Violet Theme Ui/White Icons/White Dollar.png
  artifactKey: Guid(e5088364c4bd4314281121fc691fc2e1) Importer(815301076,1909f56bfc062723c751e8b465ee728b)
Start importing Assets/Violet Theme Ui/White Icons/White Dollar.png using Guid(e5088364c4bd4314281121fc691fc2e1) Importer(815301076,1909f56bfc062723c751e8b465ee728b) (PreviewImporter) -> (artifact id: '7091ecff4bc801f83c644272bd063ac8') in 0.005168125 seconds
Number of updated asset objects reloaded before import = 0Number of asset objects unloaded after import = 3

========================================================================
Received Import Request.
  Time since last request: 0.000039 seconds.
  path: Assets/Violet Theme Ui/White Icons/White Down.png
  artifactKey: Guid(4cf23baf6b458c0439b33974c7e61bd0) Importer(815301076,1909f56bfc062723c751e8b465ee728b)
Start importing Assets/Violet Theme Ui/White Icons/White Down.png using Guid(4cf23baf6b458c0439b33974c7e61bd0) Importer(815301076,1909f56bfc062723c751e8b465ee728b) (PreviewImporter) -> (artifact id: '8069ba6b1637145217a521f994745f15') in 0.004668042 seconds
Number of updated asset objects reloaded before import = 0Number of asset objects unloaded after import = 3

========================================================================
Received Import Request.
  Time since last request: 0.000106 seconds.
  path: Assets/Violet Theme Ui/White Icons/White Dollar Sign.png
  artifactKey: Guid(e90101c24802e674ab7f6c4baa5772bc) Importer(815301076,1909f56bfc062723c751e8b465ee728b)
Start importing Assets/Violet Theme Ui/White Icons/White Dollar Sign.png using Guid(e90101c24802e674ab7f6c4baa5772bc) Importer(815301076,1909f56bfc062723c751e8b465ee728b) (PreviewImporter) -> (artifact id: 'c931301586a8e9517429798bee8ffe0c') in 0.005801791 seconds
Number of updated asset objects reloaded before import = 0Number of asset objects unloaded after import = 3

========================================================================
Received Import Request.
  Time since last request: 0.387318 seconds.
  path: Assets/Violet Theme Ui/White Icons/White Energy.png
  artifactKey: Guid(11627667c4ccf3f499c7661a8781abba) Importer(815301076,1909f56bfc062723c751e8b465ee728b)
Start importing Assets/Violet Theme Ui/White Icons/White Energy.png using Guid(11627667c4ccf3f499c7661a8781abba) Importer(815301076,1909f56bfc062723c751e8b465ee728b) (PreviewImporter) -> (artifact id: '1bc136f35b0f4157f550d69eb4da8eca') in 0.005699583 seconds
Number of updated asset objects reloaded before import = 0Number of asset objects unloaded after import = 3

========================================================================
Received Import Request.
  Time since last request: 0.000041 seconds.
  path: Assets/Violet Theme Ui/White Icons/White Expand.png
  artifactKey: Guid(dcaf568f4227a954bb38a1f968381054) Importer(815301076,1909f56bfc062723c751e8b465ee728b)
Start importing Assets/Violet Theme Ui/White Icons/White Expand.png using Guid(dcaf568f4227a954bb38a1f968381054) Importer(815301076,1909f56bfc062723c751e8b465ee728b) (PreviewImporter) -> (artifact id: '838d8f8e27ff9c686e134bae51e0d24d') in 0.010285084 seconds
Number of updated asset objects reloaded before import = 0Number of asset objects unloaded after import = 6

========================================================================
Received Import Request.
  Time since last request: 0.000096 seconds.
  path: Assets/Violet Theme Ui/White Icons/White Explosion.png
  artifactKey: Guid(666a96168922fa0458e77d7b3ae8d605) Importer(815301076,1909f56bfc062723c751e8b465ee728b)
Start importing Assets/Violet Theme Ui/White Icons/White Explosion.png using Guid(666a96168922fa0458e77d7b3ae8d605) Importer(815301076,1909f56bfc062723c751e8b465ee728b) (PreviewImporter) -> (artifact id: 'a72a48a0c1a6a6deed1a1cd68d8ed4b5') in 0.005144709 seconds
Number of updated asset objects reloaded before import = 0Number of asset objects unloaded after import = 3

========================================================================
Received Import Request.
  Time since last request: 0.000073 seconds.
  path: Assets/Violet Theme Ui/White Icons/White Fan.png
  artifactKey: Guid(83c3b7682f149604e8ca948a8de4387e) Importer(815301076,1909f56bfc062723c751e8b465ee728b)
Start importing Assets/Violet Theme Ui/White Icons/White Fan.png using Guid(83c3b7682f149604e8ca948a8de4387e) Importer(815301076,1909f56bfc062723c751e8b465ee728b) (PreviewImporter) -> (artifact id: '89683fd7a94ce17cab01bc37b9ed406a') in 0.010284209 seconds
Number of updated asset objects reloaded before import = 0Number of asset objects unloaded after import = 6

========================================================================
Received Import Request.
  Time since last request: 0.017198 seconds.
  path: Assets/Violet Theme Ui/White Icons/White FB Icon.png
  artifactKey: Guid(f75dd697e0450d942b378bb0ca3a253c) Importer(815301076,1909f56bfc062723c751e8b465ee728b)
Start importing Assets/Violet Theme Ui/White Icons/White FB Icon.png using Guid(f75dd697e0450d942b378bb0ca3a253c) Importer(815301076,1909f56bfc062723c751e8b465ee728b) (PreviewImporter) -> (artifact id: '3b298f73d0693ca9504c449a4ddde6e7') in 0.005500792 seconds
Number of updated asset objects reloaded before import = 0Number of asset objects unloaded after import = 3

========================================================================
Received Import Request.
  Time since last request: 0.000044 seconds.
  path: Assets/Violet Theme Ui/White Icons/White Fire.png
  artifactKey: Guid(8b75ff1a4e6dd3b4d97bd28dc17ff4b9) Importer(815301076,1909f56bfc062723c751e8b465ee728b)
Start importing Assets/Violet Theme Ui/White Icons/White Fire.png using Guid(8b75ff1a4e6dd3b4d97bd28dc17ff4b9) Importer(815301076,1909f56bfc062723c751e8b465ee728b) (PreviewImporter) -> (artifact id: 'f1ddbae1f39299043f20129eb53c2ed0') in 0.005910083 seconds
Number of updated asset objects reloaded before import = 0Number of asset objects unloaded after import = 3

========================================================================
Received Import Request.
  Time since last request: 0.000092 seconds.
  path: Assets/Violet Theme Ui/White Icons/White Files.png
  artifactKey: Guid(d9af747b46e353d4fba5fda3cba7b90e) Importer(815301076,1909f56bfc062723c751e8b465ee728b)
Start importing Assets/Violet Theme Ui/White Icons/White Files.png using Guid(d9af747b46e353d4fba5fda3cba7b90e) Importer(815301076,1909f56bfc062723c751e8b465ee728b) (PreviewImporter) -> (artifact id: '4df2b203842333a8e6e3152d7c5c4250') in 0.007237958 seconds
Number of updated asset objects reloaded before import = 0Number of asset objects unloaded after import = 4

========================================================================
Received Import Request.
  Time since last request: 0.000064 seconds.
  path: Assets/Violet Theme Ui/White Icons/White Feather.png
  artifactKey: Guid(0bb8db23543b17041b98ba7917c926c0) Importer(815301076,1909f56bfc062723c751e8b465ee728b)
Start importing Assets/Violet Theme Ui/White Icons/White Feather.png using Guid(0bb8db23543b17041b98ba7917c926c0) Importer(815301076,1909f56bfc062723c751e8b465ee728b) (PreviewImporter) -> (artifact id: '6b83d5f30e022d3f6f91411b84792a5d') in 0.005403541 seconds
Number of updated asset objects reloaded before import = 0Number of asset objects unloaded after import = 3

========================================================================
Received Import Request.
  Time since last request: 0.000072 seconds.
  path: Assets/Violet Theme Ui/White Icons/White Find.png
  artifactKey: Guid(07608ddea8a179246840f09117262fca) Importer(815301076,1909f56bfc062723c751e8b465ee728b)
Start importing Assets/Violet Theme Ui/White Icons/White Find.png using Guid(07608ddea8a179246840f09117262fca) Importer(815301076,1909f56bfc062723c751e8b465ee728b) (PreviewImporter) -> (artifact id: 'aa72364e4b21f5da6c1c181235daa6d7') in 0.007166375 seconds
Number of updated asset objects reloaded before import = 0Number of asset objects unloaded after import = 4

========================================================================
Received Import Request.
  Time since last request: 0.182254 seconds.
  path: Assets/Violet Theme Ui/White Icons/White Flow Sysmbol.png
  artifactKey: Guid(70c65ba3b34a4f6499559447c9afa07d) Importer(815301076,1909f56bfc062723c751e8b465ee728b)
Start importing Assets/Violet Theme Ui/White Icons/White Flow Sysmbol.png using Guid(70c65ba3b34a4f6499559447c9afa07d) Importer(815301076,1909f56bfc062723c751e8b465ee728b) (PreviewImporter) -> (artifact id: '11211df99976a2684db4246a99bbcb71') in 0.005741792 seconds
Number of updated asset objects reloaded before import = 0Number of asset objects unloaded after import = 3

========================================================================
Received Import Request.
  Time since last request: 0.000109 seconds.
  path: Assets/Violet Theme Ui/White Icons/White Folder.png
  artifactKey: Guid(250148829f7c20542adb0bd6fdbebff1) Importer(815301076,1909f56bfc062723c751e8b465ee728b)
Start importing Assets/Violet Theme Ui/White Icons/White Folder.png using Guid(250148829f7c20542adb0bd6fdbebff1) Importer(815301076,1909f56bfc062723c751e8b465ee728b) (PreviewImporter) -> (artifact id: 'd843470e9b1649928382a20acec159e7') in 0.006561542 seconds
Number of updated asset objects reloaded before import = 0Number of asset objects unloaded after import = 4

========================================================================
Received Import Request.
  Time since last request: 0.000089 seconds.
  path: Assets/Violet Theme Ui/White Icons/White Gear 1.png
  artifactKey: Guid(947a4a4150039314191f967d35886cf1) Importer(815301076,1909f56bfc062723c751e8b465ee728b)
Start importing Assets/Violet Theme Ui/White Icons/White Gear 1.png using Guid(947a4a4150039314191f967d35886cf1) Importer(815301076,1909f56bfc062723c751e8b465ee728b) (PreviewImporter) -> (artifact id: 'e91418c043388e0bf72085ae400d0853') in 0.00812825 seconds
Number of updated asset objects reloaded before import = 0Number of asset objects unloaded after import = 3

========================================================================
Received Import Request.
  Time since last request: 0.000057 seconds.
  path: Assets/Violet Theme Ui/White Icons/White Forward 2.png
  artifactKey: Guid(a7c255899314dbd40a7d17a78c90c216) Importer(815301076,1909f56bfc062723c751e8b465ee728b)
Start importing Assets/Violet Theme Ui/White Icons/White Forward 2.png using Guid(a7c255899314dbd40a7d17a78c90c216) Importer(815301076,1909f56bfc062723c751e8b465ee728b) (PreviewImporter) -> (artifact id: 'c1761d1a06baad323d43e2e45eb0fe52') in 0.00589975 seconds
Number of updated asset objects reloaded before import = 0Number of asset objects unloaded after import = 3

========================================================================
Received Import Request.
  Time since last request: 0.000076 seconds.
  path: Assets/Violet Theme Ui/White Icons/White Gasoline.png
  artifactKey: Guid(fa98f68033093494b860119b50d067b4) Importer(815301076,1909f56bfc062723c751e8b465ee728b)
Start importing Assets/Violet Theme Ui/White Icons/White Gasoline.png using Guid(fa98f68033093494b860119b50d067b4) Importer(815301076,1909f56bfc062723c751e8b465ee728b) (PreviewImporter) -> (artifact id: '1180f8d6001a0bb3b4898a90482b8f6d') in 0.00634975 seconds
Number of updated asset objects reloaded before import = 0Number of asset objects unloaded after import = 3

========================================================================
Received Import Request.
  Time since last request: 0.419442 seconds.
  path: Assets/Violet Theme Ui/White Icons/White Gem 1.png
  artifactKey: Guid(8cfc8996f86100140ba35ba4c4db25a3) Importer(815301076,1909f56bfc062723c751e8b465ee728b)
Start importing Assets/Violet Theme Ui/White Icons/White Gem 1.png using Guid(8cfc8996f86100140ba35ba4c4db25a3) Importer(815301076,1909f56bfc062723c751e8b465ee728b) (PreviewImporter) -> (artifact id: '1ae3d486d2c4dafb23e0c670cd8f107e') in 0.0206875 seconds
Number of updated asset objects reloaded before import = 0Number of asset objects unloaded after import = 11

========================================================================
Received Import Request.
  Time since last request: 0.000054 seconds.
  path: Assets/Violet Theme Ui/White Icons/White Gun.png
  artifactKey: Guid(9ce1a11ff7aa36e4b9ad5dacd8c016f8) Importer(815301076,1909f56bfc062723c751e8b465ee728b)
Start importing Assets/Violet Theme Ui/White Icons/White Gun.png using Guid(9ce1a11ff7aa36e4b9ad5dacd8c016f8) Importer(815301076,1909f56bfc062723c751e8b465ee728b) (PreviewImporter) -> (artifact id: '1853cce66d999bb871be4964fda0af9c') in 0.00638525 seconds
Number of updated asset objects reloaded before import = 0Number of asset objects unloaded after import = 3

========================================================================
Received Import Request.
  Time since last request: 0.000053 seconds.
  path: Assets/Violet Theme Ui/White Icons/White Google.png
  artifactKey: Guid(9378ca643c0815e47b5a52ea94f78f9b) Importer(815301076,1909f56bfc062723c751e8b465ee728b)
Start importing Assets/Violet Theme Ui/White Icons/White Google.png using Guid(9378ca643c0815e47b5a52ea94f78f9b) Importer(815301076,1909f56bfc062723c751e8b465ee728b) (PreviewImporter) -> (artifact id: 'e84ffcec432e92ed76682f2264697177') in 0.005823917 seconds
Number of updated asset objects reloaded before import = 0Number of asset objects unloaded after import = 3

========================================================================
Received Import Request.
  Time since last request: 0.000035 seconds.
  path: Assets/Violet Theme Ui/White Icons/White Gun 2.png
  artifactKey: Guid(2b5e509a6a8c71c43a674c1f4d849028) Importer(815301076,1909f56bfc062723c751e8b465ee728b)
Start importing Assets/Violet Theme Ui/White Icons/White Gun 2.png using Guid(2b5e509a6a8c71c43a674c1f4d849028) Importer(815301076,1909f56bfc062723c751e8b465ee728b) (PreviewImporter) -> (artifact id: '4718c40bf57d651462d4d037cbd5da56') in 0.005392 seconds
Number of updated asset objects reloaded before import = 0Number of asset objects unloaded after import = 3

========================================================================
Received Import Request.
  Time since last request: 0.000088 seconds.
  path: Assets/Violet Theme Ui/White Icons/White Heart Arrow.png
  artifactKey: Guid(399283a628f57804cbdf1072cb8c873b) Importer(815301076,1909f56bfc062723c751e8b465ee728b)
Start importing Assets/Violet Theme Ui/White Icons/White Heart Arrow.png using Guid(399283a628f57804cbdf1072cb8c873b) Importer(815301076,1909f56bfc062723c751e8b465ee728b) (PreviewImporter) -> (artifact id: 'b6a2f3812ac1570dec375fd457619867') in 0.005805667 seconds
Number of updated asset objects reloaded before import = 0Number of asset objects unloaded after import = 3

========================================================================
Received Import Request.
  Time since last request: 0.000076 seconds.
  path: Assets/Violet Theme Ui/White Icons/White Heart 3.png
  artifactKey: Guid(bf639a8b395e4244fa65b8b12a3dd8f5) Importer(815301076,1909f56bfc062723c751e8b465ee728b)
Start importing Assets/Violet Theme Ui/White Icons/White Heart 3.png using Guid(bf639a8b395e4244fa65b8b12a3dd8f5) Importer(815301076,1909f56bfc062723c751e8b465ee728b) (PreviewImporter) -> (artifact id: '0e48d105535c521e4e458cd6f408d562') in 0.005339958 seconds
Number of updated asset objects reloaded before import = 0Number of asset objects unloaded after import = 3

========================================================================
Received Import Request.
  Time since last request: 0.000049 seconds.
  path: Assets/Violet Theme Ui/White Icons/White Heart 2.png
  artifactKey: Guid(b5e34f6268db04041b08aa1fbb9b4e4f) Importer(815301076,1909f56bfc062723c751e8b465ee728b)
Start importing Assets/Violet Theme Ui/White Icons/White Heart 2.png using Guid(b5e34f6268db04041b08aa1fbb9b4e4f) Importer(815301076,1909f56bfc062723c751e8b465ee728b) (PreviewImporter) -> (artifact id: '7e4e5974c0a86d84020ae30dc99c275f') in 0.007874833 seconds
Number of updated asset objects reloaded before import = 0Number of asset objects unloaded after import = 4

========================================================================
Received Import Request.
  Time since last request: 0.000055 seconds.
  path: Assets/Violet Theme Ui/White Icons/White Hammer 2.png
  artifactKey: Guid(5354af62c0baa3e4885a82d901b4ec9e) Importer(815301076,1909f56bfc062723c751e8b465ee728b)
Start importing Assets/Violet Theme Ui/White Icons/White Hammer 2.png using Guid(5354af62c0baa3e4885a82d901b4ec9e) Importer(815301076,1909f56bfc062723c751e8b465ee728b) (PreviewImporter) -> (artifact id: '6f24534786b815c8d003df0e9cf2cd75') in 0.007241333 seconds
Number of updated asset objects reloaded before import = 0Number of asset objects unloaded after import = 4

========================================================================
Received Import Request.
  Time since last request: 0.000054 seconds.
  path: Assets/Violet Theme Ui/White Icons/White Helmet.png
  artifactKey: Guid(182c0bef1c06ce94ba376bb88f2fa968) Importer(815301076,1909f56bfc062723c751e8b465ee728b)
Start importing Assets/Violet Theme Ui/White Icons/White Helmet.png using Guid(182c0bef1c06ce94ba376bb88f2fa968) Importer(815301076,1909f56bfc062723c751e8b465ee728b) (PreviewImporter) -> (artifact id: '05f0dec0510a948ba847a60b79b07640') in 0.0055245 seconds
Number of updated asset objects reloaded before import = 0Number of asset objects unloaded after import = 3

========================================================================
Received Import Request.
  Time since last request: 0.041552 seconds.
  path: Assets/Violet Theme Ui/White Icons/White Home.png
  artifactKey: Guid(bf99bf5f0d2339f44b1dca9c18a3b4da) Importer(815301076,1909f56bfc062723c751e8b465ee728b)
Start importing Assets/Violet Theme Ui/White Icons/White Home.png using Guid(bf99bf5f0d2339f44b1dca9c18a3b4da) Importer(815301076,1909f56bfc062723c751e8b465ee728b) (PreviewImporter) -> (artifact id: 'fcd896646a01fa3b017f1451f3ff3037') in 0.006825125 seconds
Number of updated asset objects reloaded before import = 0Number of asset objects unloaded after import = 4

========================================================================
Received Import Request.
  Time since last request: 0.000071 seconds.
  path: Assets/Violet Theme Ui/White Icons/White Info 1.png
  artifactKey: Guid(458eadb5d498dba4f8a494ff07209f5a) Importer(815301076,1909f56bfc062723c751e8b465ee728b)
Start importing Assets/Violet Theme Ui/White Icons/White Info 1.png using Guid(458eadb5d498dba4f8a494ff07209f5a) Importer(815301076,1909f56bfc062723c751e8b465ee728b) (PreviewImporter) -> (artifact id: 'fc41ba9c27fd1b818ea254273fb855a5') in 0.006262167 seconds
Number of updated asset objects reloaded before import = 0Number of asset objects unloaded after import = 3

========================================================================
Received Import Request.
  Time since last request: 0.000069 seconds.
  path: Assets/Violet Theme Ui/White Icons/White Horse Shoe.png
  artifactKey: Guid(4ce3c6c92d7198f4daa79a3746d45f00) Importer(815301076,1909f56bfc062723c751e8b465ee728b)
Start importing Assets/Violet Theme Ui/White Icons/White Horse Shoe.png using Guid(4ce3c6c92d7198f4daa79a3746d45f00) Importer(815301076,1909f56bfc062723c751e8b465ee728b) (PreviewImporter) -> (artifact id: 'e367c649071d9aafac8bea8c3bc09bac') in 0.006033334 seconds
Number of updated asset objects reloaded before import = 0Number of asset objects unloaded after import = 3

========================================================================
Received Import Request.
  Time since last request: 0.000123 seconds.
  path: Assets/Violet Theme Ui/White Icons/White ID.png
  artifactKey: Guid(3c2f0d6381150ac409a8a545cbf26ed4) Importer(815301076,1909f56bfc062723c751e8b465ee728b)
Start importing Assets/Violet Theme Ui/White Icons/White ID.png using Guid(3c2f0d6381150ac409a8a545cbf26ed4) Importer(815301076,1909f56bfc062723c751e8b465ee728b) (PreviewImporter) -> (artifact id: '74e41f5aa6bbc1772bcd76dcac4df3f9') in 0.006823375 seconds
Number of updated asset objects reloaded before import = 0Number of asset objects unloaded after import = 3

========================================================================
Received Import Request.
  Time since last request: 0.073911 seconds.
  path: Assets/Violet Theme Ui/White Icons/White Japanese Yen.png
  artifactKey: Guid(15791b09182bf5b4080a9a894bc69a19) Importer(815301076,1909f56bfc062723c751e8b465ee728b)
Start importing Assets/Violet Theme Ui/White Icons/White Japanese Yen.png using Guid(15791b09182bf5b4080a9a894bc69a19) Importer(815301076,1909f56bfc062723c751e8b465ee728b) (PreviewImporter) -> (artifact id: '091cb535b32d8d4d00a24e1f9f13b62a') in 0.006188208 seconds
Number of updated asset objects reloaded before import = 0Number of asset objects unloaded after import = 3

========================================================================
Received Import Request.
  Time since last request: 0.000081 seconds.
  path: Assets/Violet Theme Ui/White Icons/White Leaf.png
  artifactKey: Guid(ef1d324cdfb2c7c45bd0608627a53812) Importer(815301076,1909f56bfc062723c751e8b465ee728b)
Start importing Assets/Violet Theme Ui/White Icons/White Leaf.png using Guid(ef1d324cdfb2c7c45bd0608627a53812) Importer(815301076,1909f56bfc062723c751e8b465ee728b) (PreviewImporter) -> (artifact id: '5a4c9c72835b04e88e1f3613baf59b73') in 0.005271583 seconds
Number of updated asset objects reloaded before import = 0Number of asset objects unloaded after import = 3

========================================================================
Received Import Request.
  Time since last request: 0.000069 seconds.
  path: Assets/Violet Theme Ui/White Icons/White Left.png
  artifactKey: Guid(bdd455275ad5e0d4ca4bdae7242a35c5) Importer(815301076,1909f56bfc062723c751e8b465ee728b)
Start importing Assets/Violet Theme Ui/White Icons/White Left.png using Guid(bdd455275ad5e0d4ca4bdae7242a35c5) Importer(815301076,1909f56bfc062723c751e8b465ee728b) (PreviewImporter) -> (artifact id: 'bc23d8b3c2cda22e1e085b53add0013f') in 0.005643667 seconds
Number of updated asset objects reloaded before import = 0Number of asset objects unloaded after import = 3

========================================================================
Received Import Request.
  Time since last request: 0.000084 seconds.
  path: Assets/Violet Theme Ui/White Icons/White Layers Round.png
  artifactKey: Guid(e0a17ee233304a242ba4649f5a99cd4c) Importer(815301076,1909f56bfc062723c751e8b465ee728b)
Start importing Assets/Violet Theme Ui/White Icons/White Layers Round.png using Guid(e0a17ee233304a242ba4649f5a99cd4c) Importer(815301076,1909f56bfc062723c751e8b465ee728b) (PreviewImporter) -> (artifact id: '20b3fd7e7cae259f38e245dfa9a67fc9') in 0.008614 seconds
Number of updated asset objects reloaded before import = 0Number of asset objects unloaded after import = 5

========================================================================
Received Import Request.
  Time since last request: 0.000085 seconds.
  path: Assets/Violet Theme Ui/White Icons/White Level 2.png
  artifactKey: Guid(3b5142b05c57ecb43a2c6e00f8c820b7) Importer(815301076,1909f56bfc062723c751e8b465ee728b)
Start importing Assets/Violet Theme Ui/White Icons/White Level 2.png using Guid(3b5142b05c57ecb43a2c6e00f8c820b7) Importer(815301076,1909f56bfc062723c751e8b465ee728b) (PreviewImporter) -> (artifact id: '9622601540dd241c73a570b9aec953ca') in 0.007311625 seconds
Number of updated asset objects reloaded before import = 0Number of asset objects unloaded after import = 4

========================================================================
Received Import Request.
  Time since last request: 0.092361 seconds.
  path: Assets/Violet Theme Ui/White Icons/White Link.png
  artifactKey: Guid(163d8191d078f444c8bf993f6dd66b3b) Importer(815301076,1909f56bfc062723c751e8b465ee728b)
Start importing Assets/Violet Theme Ui/White Icons/White Link.png using Guid(163d8191d078f444c8bf993f6dd66b3b) Importer(815301076,1909f56bfc062723c751e8b465ee728b) (PreviewImporter) -> (artifact id: '3ab3292e687a1dc34ee8129d16ef9d58') in 0.007810709 seconds
Number of updated asset objects reloaded before import = 0Number of asset objects unloaded after import = 4

========================================================================
Received Import Request.
  Time since last request: 0.000040 seconds.
  path: Assets/Violet Theme Ui/White Icons/White Location 2.png
  artifactKey: Guid(48e117ffe7916774288db6e2735ada9d) Importer(815301076,1909f56bfc062723c751e8b465ee728b)
Start importing Assets/Violet Theme Ui/White Icons/White Location 2.png using Guid(48e117ffe7916774288db6e2735ada9d) Importer(815301076,1909f56bfc062723c751e8b465ee728b) (PreviewImporter) -> (artifact id: '4f76fefc7b2529aee9b0be4f50909ebb') in 0.004845792 seconds
Number of updated asset objects reloaded before import = 0Number of asset objects unloaded after import = 3

========================================================================
Received Import Request.
  Time since last request: 0.000066 seconds.
  path: Assets/Violet Theme Ui/White Icons/White Location 1.png
  artifactKey: Guid(eeb4584da950cfa44829087899cb270f) Importer(815301076,1909f56bfc062723c751e8b465ee728b)
Start importing Assets/Violet Theme Ui/White Icons/White Location 1.png using Guid(eeb4584da950cfa44829087899cb270f) Importer(815301076,1909f56bfc062723c751e8b465ee728b) (PreviewImporter) -> (artifact id: '7690d473b9ae218ea930de2c85c8d7c7') in 0.00660975 seconds
Number of updated asset objects reloaded before import = 0Number of asset objects unloaded after import = 4

========================================================================
Received Import Request.
  Time since last request: 0.000071 seconds.
  path: Assets/Violet Theme Ui/White Icons/White Magnet 2.png
  artifactKey: Guid(a1748c5e08fb2bc42a4f8bfdffef0223) Importer(815301076,1909f56bfc062723c751e8b465ee728b)
Start importing Assets/Violet Theme Ui/White Icons/White Magnet 2.png using Guid(a1748c5e08fb2bc42a4f8bfdffef0223) Importer(815301076,1909f56bfc062723c751e8b465ee728b) (PreviewImporter) -> (artifact id: 'abe0c98d639b725d2e30932ebbb52e7b') in 0.010248333 seconds
Number of updated asset objects reloaded before import = 0Number of asset objects unloaded after import = 5

========================================================================
Received Import Request.
  Time since last request: 19.710124 seconds.
  path: Assets/Violet Theme Ui/White Icons/White Mask.png
  artifactKey: Guid(66696ccde8a43d84ca1148ccebc54c17) Importer(815301076,1909f56bfc062723c751e8b465ee728b)
Start importing Assets/Violet Theme Ui/White Icons/White Mask.png using Guid(66696ccde8a43d84ca1148ccebc54c17) Importer(815301076,1909f56bfc062723c751e8b465ee728b) (PreviewImporter) -> (artifact id: 'f74967834206a096ec8d744e9236ba40') in 0.00566675 seconds
Number of updated asset objects reloaded before import = 0Number of asset objects unloaded after import = 3

========================================================================
Received Import Request.
  Time since last request: 0.000065 seconds.
  path: Assets/Violet Theme Ui/White Icons/White Message 2.png
  artifactKey: Guid(ef8f7e956d9d46e4b892fc4863cc6e5c) Importer(815301076,1909f56bfc062723c751e8b465ee728b)
Start importing Assets/Violet Theme Ui/White Icons/White Message 2.png using Guid(ef8f7e956d9d46e4b892fc4863cc6e5c) Importer(815301076,1909f56bfc062723c751e8b465ee728b) (PreviewImporter) -> (artifact id: 'e292eae02e1599ff2bc25df2c3b8c43a') in 0.006276459 seconds
Number of updated asset objects reloaded before import = 0Number of asset objects unloaded after import = 4

========================================================================
Received Import Request.
  Time since last request: 0.000073 seconds.
  path: Assets/Violet Theme Ui/White Icons/White Menu 1.png
  artifactKey: Guid(d4bfc4515b5a3544dba86a717a3258ee) Importer(815301076,1909f56bfc062723c751e8b465ee728b)
Start importing Assets/Violet Theme Ui/White Icons/White Menu 1.png using Guid(d4bfc4515b5a3544dba86a717a3258ee) Importer(815301076,1909f56bfc062723c751e8b465ee728b) (PreviewImporter) -> (artifact id: '9cc15b474a7d5e5f64b81579f1509786') in 0.00783775 seconds
Number of updated asset objects reloaded before import = 0Number of asset objects unloaded after import = 4

========================================================================
Received Import Request.
  Time since last request: 0.000064 seconds.
  path: Assets/Violet Theme Ui/White Icons/White Media Folder.png
  artifactKey: Guid(bf78ce1422e4ea34e836ecc1fee84291) Importer(815301076,1909f56bfc062723c751e8b465ee728b)
Start importing Assets/Violet Theme Ui/White Icons/White Media Folder.png using Guid(bf78ce1422e4ea34e836ecc1fee84291) Importer(815301076,1909f56bfc062723c751e8b465ee728b) (PreviewImporter) -> (artifact id: 'ad444a0b296f5e3ac4d9598e1ccdf5c7') in 0.006368375 seconds
Number of updated asset objects reloaded before import = 0Number of asset objects unloaded after import = 3

========================================================================
Received Import Request.
  Time since last request: 0.000104 seconds.
  path: Assets/Violet Theme Ui/White Icons/White Menu 2.png
  artifactKey: Guid(2c1995397cae9e54d8b0ea22c4adfbd1) Importer(815301076,1909f56bfc062723c751e8b465ee728b)
Start importing Assets/Violet Theme Ui/White Icons/White Menu 2.png using Guid(2c1995397cae9e54d8b0ea22c4adfbd1) Importer(815301076,1909f56bfc062723c751e8b465ee728b) (PreviewImporter) -> (artifact id: 'f6ac6fdb5efd47e3b0edc34cb85884a9') in 0.010306708 seconds
Number of updated asset objects reloaded before import = 0Number of asset objects unloaded after import = 6

========================================================================
Received Import Request.
  Time since last request: 0.008673 seconds.
  path: Assets/Violet Theme Ui/White Icons/White Misc 1.png
  artifactKey: Guid(7e898551be21ba444acc993a9a736560) Importer(815301076,1909f56bfc062723c751e8b465ee728b)
Start importing Assets/Violet Theme Ui/White Icons/White Misc 1.png using Guid(7e898551be21ba444acc993a9a736560) Importer(815301076,1909f56bfc062723c751e8b465ee728b) (PreviewImporter) -> (artifact id: 'aafb913a555b4e0554ac392d646dca26') in 0.013819541 seconds
Number of updated asset objects reloaded before import = 0Number of asset objects unloaded after import = 7

========================================================================
Received Import Request.
  Time since last request: 0.000156 seconds.
  path: Assets/Violet Theme Ui/White Icons/White Move Left.png
  artifactKey: Guid(01d090be1f6bdec40ac2ef9e86e666ff) Importer(815301076,1909f56bfc062723c751e8b465ee728b)
Start importing Assets/Violet Theme Ui/White Icons/White Move Left.png using Guid(01d090be1f6bdec40ac2ef9e86e666ff) Importer(815301076,1909f56bfc062723c751e8b465ee728b) (PreviewImporter) -> (artifact id: 'ebc1d27a4a138727e7990cd411d11e4c') in 0.005047792 seconds
Number of updated asset objects reloaded before import = 0Number of asset objects unloaded after import = 3

========================================================================
Received Import Request.
  Time since last request: 0.000114 seconds.
  path: Assets/Violet Theme Ui/White Icons/White Moon.png
  artifactKey: Guid(6afb8f05a36f1864a81cc7ca47557978) Importer(815301076,1909f56bfc062723c751e8b465ee728b)
Start importing Assets/Violet Theme Ui/White Icons/White Moon.png using Guid(6afb8f05a36f1864a81cc7ca47557978) Importer(815301076,1909f56bfc062723c751e8b465ee728b) (PreviewImporter) -> (artifact id: '311304e3acc37cf15fa297fa5d1c1837') in 0.005061917 seconds
Number of updated asset objects reloaded before import = 0Number of asset objects unloaded after import = 3

========================================================================
Received Import Request.
  Time since last request: 0.000043 seconds.
  path: Assets/Violet Theme Ui/White Icons/White Move Right.png
  artifactKey: Guid(82c5eba1019f4ae44b8e5408c3065e65) Importer(815301076,1909f56bfc062723c751e8b465ee728b)
Start importing Assets/Violet Theme Ui/White Icons/White Move Right.png using Guid(82c5eba1019f4ae44b8e5408c3065e65) Importer(815301076,1909f56bfc062723c751e8b465ee728b) (PreviewImporter) -> (artifact id: '31644bdb56481b9b242ee1eb045e74ce') in 0.005396875 seconds
Number of updated asset objects reloaded before import = 0Number of asset objects unloaded after import = 3

========================================================================
Received Import Request.
  Time since last request: 0.451144 seconds.
  path: Assets/Violet Theme Ui/White Icons/White Move UpDown.png
  artifactKey: Guid(5ae8b65f9470c4d4d883d30c7009223d) Importer(815301076,1909f56bfc062723c751e8b465ee728b)
Start importing Assets/Violet Theme Ui/White Icons/White Move UpDown.png using Guid(5ae8b65f9470c4d4d883d30c7009223d) Importer(815301076,1909f56bfc062723c751e8b465ee728b) (PreviewImporter) -> (artifact id: '44f31a40e720cb7474026910326c6947') in 0.007877167 seconds
Number of updated asset objects reloaded before import = 0Number of asset objects unloaded after import = 4

========================================================================
Received Import Request.
  Time since last request: 0.000088 seconds.
  path: Assets/Violet Theme Ui/White Icons/White Paint.png
  artifactKey: Guid(2e1ce746b5af1a7448c8da098ecfebe6) Importer(815301076,1909f56bfc062723c751e8b465ee728b)
Start importing Assets/Violet Theme Ui/White Icons/White Paint.png using Guid(2e1ce746b5af1a7448c8da098ecfebe6) Importer(815301076,1909f56bfc062723c751e8b465ee728b) (PreviewImporter) -> (artifact id: '055182ff2053ac35615cb7929cf1ca9d') in 0.009076042 seconds
Number of updated asset objects reloaded before import = 0Number of asset objects unloaded after import = 4

========================================================================
Received Import Request.
  Time since last request: 0.000035 seconds.
  path: Assets/Violet Theme Ui/White Icons/White Music Note.png
  artifactKey: Guid(aafe206e453ce574c8cd57550e98da0c) Importer(815301076,1909f56bfc062723c751e8b465ee728b)
Start importing Assets/Violet Theme Ui/White Icons/White Music Note.png using Guid(aafe206e453ce574c8cd57550e98da0c) Importer(815301076,1909f56bfc062723c751e8b465ee728b) (PreviewImporter) -> (artifact id: '124ac46ea38cd5a347ef6016b16bc1b1') in 0.008211667 seconds
Number of updated asset objects reloaded before import = 0Number of asset objects unloaded after import = 3

========================================================================
Received Import Request.
  Time since last request: 0.000087 seconds.
  path: Assets/Violet Theme Ui/White Icons/White News.png
  artifactKey: Guid(3deca45802d7e1c43b54739e4b755278) Importer(815301076,1909f56bfc062723c751e8b465ee728b)
Start importing Assets/Violet Theme Ui/White Icons/White News.png using Guid(3deca45802d7e1c43b54739e4b755278) Importer(815301076,1909f56bfc062723c751e8b465ee728b) (PreviewImporter) -> (artifact id: '0427942fdaa868d2da04cf4de057ec96') in 0.006364042 seconds
Number of updated asset objects reloaded before import = 0Number of asset objects unloaded after import = 3

========================================================================
Received Import Request.
  Time since last request: 0.025774 seconds.
  path: Assets/Violet Theme Ui/White Icons/White Pause.png
  artifactKey: Guid(6170139bb959e8e408695ca6d14b4a4f) Importer(815301076,1909f56bfc062723c751e8b465ee728b)
Start importing Assets/Violet Theme Ui/White Icons/White Pause.png using Guid(6170139bb959e8e408695ca6d14b4a4f) Importer(815301076,1909f56bfc062723c751e8b465ee728b) (PreviewImporter) -> (artifact id: '2d7d1d9688a5ffe1df9a2966b5048aec') in 0.007006417 seconds
Number of updated asset objects reloaded before import = 0Number of asset objects unloaded after import = 4

========================================================================
Received Import Request.
  Time since last request: 0.000066 seconds.
  path: Assets/Violet Theme Ui/White Icons/White Paws.png
  artifactKey: Guid(84405b5e66bad994594325963d83e9b5) Importer(815301076,1909f56bfc062723c751e8b465ee728b)
Start importing Assets/Violet Theme Ui/White Icons/White Paws.png using Guid(84405b5e66bad994594325963d83e9b5) Importer(815301076,1909f56bfc062723c751e8b465ee728b) (PreviewImporter) -> (artifact id: '08679bfdc2765b098cf891490742bc5c') in 0.013210625 seconds
Number of updated asset objects reloaded before import = 0Number of asset objects unloaded after import = 7

========================================================================
Received Import Request.
  Time since last request: 0.000070 seconds.
  path: Assets/Violet Theme Ui/White Icons/White Percent.png
  artifactKey: Guid(08bf6b6609f89a94991487020b4bb1fc) Importer(815301076,1909f56bfc062723c751e8b465ee728b)
Start importing Assets/Violet Theme Ui/White Icons/White Percent.png using Guid(08bf6b6609f89a94991487020b4bb1fc) Importer(815301076,1909f56bfc062723c751e8b465ee728b) (PreviewImporter) -> (artifact id: '3a9a4661ede80416c2d19bc45d4b49c5') in 0.006249375 seconds
Number of updated asset objects reloaded before import = 0Number of asset objects unloaded after import = 3

========================================================================
Received Import Request.
  Time since last request: 0.000037 seconds.
  path: Assets/Violet Theme Ui/White Icons/White Person.png
  artifactKey: Guid(b94c2941b5eb1574fa303bc0b7568929) Importer(815301076,1909f56bfc062723c751e8b465ee728b)
Start importing Assets/Violet Theme Ui/White Icons/White Person.png using Guid(b94c2941b5eb1574fa303bc0b7568929) Importer(815301076,1909f56bfc062723c751e8b465ee728b) (PreviewImporter) -> (artifact id: '64efb906684278267b14732daa658fb8') in 0.006038375 seconds
Number of updated asset objects reloaded before import = 0Number of asset objects unloaded after import = 3

========================================================================
Received Import Request.
  Time since last request: 0.000047 seconds.
  path: Assets/Violet Theme Ui/White Icons/White Pen.png
  artifactKey: Guid(936e454885c3e2145b35d3f1288d05aa) Importer(815301076,1909f56bfc062723c751e8b465ee728b)
Start importing Assets/Violet Theme Ui/White Icons/White Pen.png using Guid(936e454885c3e2145b35d3f1288d05aa) Importer(815301076,1909f56bfc062723c751e8b465ee728b) (PreviewImporter) -> (artifact id: '16634b82381e5ad44a195a1ace8fd7a9') in 0.00844525 seconds
Number of updated asset objects reloaded before import = 0Number of asset objects unloaded after import = 4

========================================================================
Received Import Request.
  Time since last request: 0.030689 seconds.
  path: Assets/Violet Theme Ui/White Icons/White Phone.png
  artifactKey: Guid(b07719375d8868648971f3df7c96b6bc) Importer(815301076,1909f56bfc062723c751e8b465ee728b)
Start importing Assets/Violet Theme Ui/White Icons/White Phone.png using Guid(b07719375d8868648971f3df7c96b6bc) Importer(815301076,1909f56bfc062723c751e8b465ee728b) (PreviewImporter) -> (artifact id: 'a602fb7545e45320cec447bd87887fcb') in 0.004696375 seconds
Number of updated asset objects reloaded before import = 0Number of asset objects unloaded after import = 3

========================================================================
Received Import Request.
  Time since last request: 0.000060 seconds.
  path: Assets/Violet Theme Ui/White Icons/White Plane.png
  artifactKey: Guid(449b96c9fa914c645a2d602f85dd4e5c) Importer(815301076,1909f56bfc062723c751e8b465ee728b)
Start importing Assets/Violet Theme Ui/White Icons/White Plane.png using Guid(449b96c9fa914c645a2d602f85dd4e5c) Importer(815301076,1909f56bfc062723c751e8b465ee728b) (PreviewImporter) -> (artifact id: '84e748077bfeb616c67371d2d427066e') in 0.007923833 seconds
Number of updated asset objects reloaded before import = 0Number of asset objects unloaded after import = 4

========================================================================
Received Import Request.
  Time since last request: 0.000100 seconds.
  path: Assets/Violet Theme Ui/White Icons/White Pie Chart.png
  artifactKey: Guid(4497de8dd60b8d34590420388e9d35c1) Importer(815301076,1909f56bfc062723c751e8b465ee728b)
Start importing Assets/Violet Theme Ui/White Icons/White Pie Chart.png using Guid(4497de8dd60b8d34590420388e9d35c1) Importer(815301076,1909f56bfc062723c751e8b465ee728b) (PreviewImporter) -> (artifact id: 'a9728bd4acc7a1f8e70379cb2c04187f') in 0.009837875 seconds
Number of updated asset objects reloaded before import = 0Number of asset objects unloaded after import = 5

========================================================================
Received Import Request.
  Time since last request: 0.000048 seconds.
  path: Assets/Violet Theme Ui/White Icons/White Pilar.png
  artifactKey: Guid(734ba8157012521439acb44c15bc5e6b) Importer(815301076,1909f56bfc062723c751e8b465ee728b)
Start importing Assets/Violet Theme Ui/White Icons/White Pilar.png using Guid(734ba8157012521439acb44c15bc5e6b) Importer(815301076,1909f56bfc062723c751e8b465ee728b) (PreviewImporter) -> (artifact id: '29151e84a2af162fcfa61849ceaea09b') in 0.0102335 seconds
Number of updated asset objects reloaded before import = 0Number of asset objects unloaded after import = 5

========================================================================
Received Import Request.
  Time since last request: 0.058500 seconds.
  path: Assets/Violet Theme Ui/White Icons/White Play.png
  artifactKey: Guid(dc8c20523863ca94ab0c89a3cc4187a6) Importer(815301076,1909f56bfc062723c751e8b465ee728b)
Start importing Assets/Violet Theme Ui/White Icons/White Play.png using Guid(dc8c20523863ca94ab0c89a3cc4187a6) Importer(815301076,1909f56bfc062723c751e8b465ee728b) (PreviewImporter) -> (artifact id: 'c1f74a447c8f62187404af944ba917be') in 0.005841833 seconds
Number of updated asset objects reloaded before import = 0Number of asset objects unloaded after import = 3

========================================================================
Received Import Request.
  Time since last request: 0.000034 seconds.
  path: Assets/Violet Theme Ui/White Icons/White Plus.png
  artifactKey: Guid(374ff4fc6c97e7844ad6fb1abf9653ce) Importer(815301076,1909f56bfc062723c751e8b465ee728b)
Start importing Assets/Violet Theme Ui/White Icons/White Plus.png using Guid(374ff4fc6c97e7844ad6fb1abf9653ce) Importer(815301076,1909f56bfc062723c751e8b465ee728b) (PreviewImporter) -> (artifact id: 'b16b7f139587541834e9af4da28b4cbb') in 0.005259459 seconds
Number of updated asset objects reloaded before import = 0Number of asset objects unloaded after import = 3

========================================================================
Received Import Request.
  Time since last request: 0.000083 seconds.
  path: Assets/Violet Theme Ui/White Icons/White Pole.png
  artifactKey: Guid(77cfcb7f7acdfcf43a7d979b270cf721) Importer(815301076,1909f56bfc062723c751e8b465ee728b)
Start importing Assets/Violet Theme Ui/White Icons/White Pole.png using Guid(77cfcb7f7acdfcf43a7d979b270cf721) Importer(815301076,1909f56bfc062723c751e8b465ee728b) (PreviewImporter) -> (artifact id: '278a8b87901fb72d53e7b7d29407edd7') in 0.006440917 seconds
Number of updated asset objects reloaded before import = 0Number of asset objects unloaded after import = 4

========================================================================
Received Import Request.
  Time since last request: 0.000085 seconds.
  path: Assets/Violet Theme Ui/White Icons/White Plus 2.png
  artifactKey: Guid(a134bef9b57e6a041956476f631a3856) Importer(815301076,1909f56bfc062723c751e8b465ee728b)
Start importing Assets/Violet Theme Ui/White Icons/White Plus 2.png using Guid(a134bef9b57e6a041956476f631a3856) Importer(815301076,1909f56bfc062723c751e8b465ee728b) (PreviewImporter) -> (artifact id: '8703ccbc524728e98a7088b25cbc1acf') in 0.006502916 seconds
Number of updated asset objects reloaded before import = 0Number of asset objects unloaded after import = 3

========================================================================
Received Import Request.
  Time since last request: 0.000050 seconds.
  path: Assets/Violet Theme Ui/White Icons/White Potion 1.png
  artifactKey: Guid(0f4822a250166e94aaf8a8daaaa7c170) Importer(815301076,1909f56bfc062723c751e8b465ee728b)
Start importing Assets/Violet Theme Ui/White Icons/White Potion 1.png using Guid(0f4822a250166e94aaf8a8daaaa7c170) Importer(815301076,1909f56bfc062723c751e8b465ee728b) (PreviewImporter) -> (artifact id: '6ab58363f3ff6ad858f4db5c54fc9952') in 0.00669575 seconds
Number of updated asset objects reloaded before import = 0Number of asset objects unloaded after import = 4

========================================================================
Received Import Request.
  Time since last request: 0.467920 seconds.
  path: Assets/Violet Theme Ui/White Icons/White Pouch.png
  artifactKey: Guid(a1f5b2c5d86661d4bb35db1d0f68df00) Importer(815301076,1909f56bfc062723c751e8b465ee728b)
Start importing Assets/Violet Theme Ui/White Icons/White Pouch.png using Guid(a1f5b2c5d86661d4bb35db1d0f68df00) Importer(815301076,1909f56bfc062723c751e8b465ee728b) (PreviewImporter) -> (artifact id: 'a73045fe80781cf6167af921ea14eb69') in 0.007697333 seconds
Number of updated asset objects reloaded before import = 0Number of asset objects unloaded after import = 4

========================================================================
Received Import Request.
  Time since last request: 0.000046 seconds.
  path: Assets/Violet Theme Ui/White Icons/White Pound.png
  artifactKey: Guid(0805dfba64a913842add645b2e12f8ac) Importer(815301076,1909f56bfc062723c751e8b465ee728b)
Start importing Assets/Violet Theme Ui/White Icons/White Pound.png using Guid(0805dfba64a913842add645b2e12f8ac) Importer(815301076,1909f56bfc062723c751e8b465ee728b) (PreviewImporter) -> (artifact id: 'a86ec2be616f19a57c71ef34cb8d517e') in 0.005211292 seconds
Number of updated asset objects reloaded before import = 0Number of asset objects unloaded after import = 3

========================================================================
Received Import Request.
  Time since last request: 0.000070 seconds.
  path: Assets/Violet Theme Ui/White Icons/White Print.png
  artifactKey: Guid(53c4b0bab27e7184ea6990a9bc358c02) Importer(815301076,1909f56bfc062723c751e8b465ee728b)
Start importing Assets/Violet Theme Ui/White Icons/White Print.png using Guid(53c4b0bab27e7184ea6990a9bc358c02) Importer(815301076,1909f56bfc062723c751e8b465ee728b) (PreviewImporter) -> (artifact id: 'c60704a18b23872910b630491cdd5cfc') in 0.009591 seconds
Number of updated asset objects reloaded before import = 0Number of asset objects unloaded after import = 5

========================================================================
Received Import Request.
  Time since last request: 0.000137 seconds.
  path: Assets/Violet Theme Ui/White Icons/White Puzzle Piece.png
  artifactKey: Guid(fe9a839c0dd2bd04496583d88c2bc615) Importer(815301076,1909f56bfc062723c751e8b465ee728b)
Start importing Assets/Violet Theme Ui/White Icons/White Puzzle Piece.png using Guid(fe9a839c0dd2bd04496583d88c2bc615) Importer(815301076,1909f56bfc062723c751e8b465ee728b) (PreviewImporter) -> (artifact id: '5b3c86148627152b2080e8b28d9e9738') in 0.005170542 seconds
Number of updated asset objects reloaded before import = 0Number of asset objects unloaded after import = 3

========================================================================
Received Import Request.
  Time since last request: 0.000077 seconds.
  path: Assets/Violet Theme Ui/White Icons/White Rank.png
  artifactKey: Guid(c6bebaf2e47503e4ba28577de9e06176) Importer(815301076,1909f56bfc062723c751e8b465ee728b)
Start importing Assets/Violet Theme Ui/White Icons/White Rank.png using Guid(c6bebaf2e47503e4ba28577de9e06176) Importer(815301076,1909f56bfc062723c751e8b465ee728b) (PreviewImporter) -> (artifact id: 'c2d2d33b99c9cd4f23259011b2679e7b') in 0.007395042 seconds
Number of updated asset objects reloaded before import = 0Number of asset objects unloaded after import = 4

========================================================================
Received Import Request.
  Time since last request: 0.000032 seconds.
  path: Assets/Violet Theme Ui/White Icons/White Return.png
  artifactKey: Guid(e762de87d1306ea4080247cc6ca79b41) Importer(815301076,1909f56bfc062723c751e8b465ee728b)
Start importing Assets/Violet Theme Ui/White Icons/White Return.png using Guid(e762de87d1306ea4080247cc6ca79b41) Importer(815301076,1909f56bfc062723c751e8b465ee728b) (PreviewImporter) -> (artifact id: '5034856bba167eb3a72b3d366c423e86') in 0.006514125 seconds
Number of updated asset objects reloaded before import = 0Number of asset objects unloaded after import = 3

========================================================================
Received Import Request.
  Time since last request: 0.000098 seconds.
  path: Assets/Violet Theme Ui/White Icons/White Questions.png
  artifactKey: Guid(c62f171dffe3f2947aae0befa6542103) Importer(815301076,1909f56bfc062723c751e8b465ee728b)
Start importing Assets/Violet Theme Ui/White Icons/White Questions.png using Guid(c62f171dffe3f2947aae0befa6542103) Importer(815301076,1909f56bfc062723c751e8b465ee728b) (PreviewImporter) -> (artifact id: '7397b201324d0cf3d5d9506aa48c9f9f') in 0.007823791 seconds
Number of updated asset objects reloaded before import = 0Number of asset objects unloaded after import = 4

========================================================================
Received Import Request.
  Time since last request: 0.000049 seconds.
  path: Assets/Violet Theme Ui/White Icons/White Ribbon.png
  artifactKey: Guid(f9ac506055f197c4ab77a5fea2301e0e) Importer(815301076,1909f56bfc062723c751e8b465ee728b)
Start importing Assets/Violet Theme Ui/White Icons/White Ribbon.png using Guid(f9ac506055f197c4ab77a5fea2301e0e) Importer(815301076,1909f56bfc062723c751e8b465ee728b) (PreviewImporter) -> (artifact id: '8f88f55496dd7d2fdfebc57093aa9bbe') in 0.010484333 seconds
Number of updated asset objects reloaded before import = 0Number of asset objects unloaded after import = 5

========================================================================
Received Import Request.
  Time since last request: 0.000056 seconds.
  path: Assets/Violet Theme Ui/White Icons/White Quiver.png
  artifactKey: Guid(7ebbe8a66c8166d45a87ef62481e8f41) Importer(815301076,1909f56bfc062723c751e8b465ee728b)
Start importing Assets/Violet Theme Ui/White Icons/White Quiver.png using Guid(7ebbe8a66c8166d45a87ef62481e8f41) Importer(815301076,1909f56bfc062723c751e8b465ee728b) (PreviewImporter) -> (artifact id: 'd0dd4537270d29242c35c78240645ebe') in 0.0053155 seconds
Number of updated asset objects reloaded before import = 0Number of asset objects unloaded after import = 3

========================================================================
Received Import Request.
  Time since last request: 0.000052 seconds.
  path: Assets/Violet Theme Ui/White Icons/White Ribbon 3.png
  artifactKey: Guid(6e8fe1c11cb1c8848a9d7b02b1cfe3c7) Importer(815301076,1909f56bfc062723c751e8b465ee728b)
Start importing Assets/Violet Theme Ui/White Icons/White Ribbon 3.png using Guid(6e8fe1c11cb1c8848a9d7b02b1cfe3c7) Importer(815301076,1909f56bfc062723c751e8b465ee728b) (PreviewImporter) -> (artifact id: '77bcf74e4648fe49521768f70c1a1c5a') in 0.01280925 seconds
Number of updated asset objects reloaded before import = 0Number of asset objects unloaded after import = 6

========================================================================
Received Import Request.
  Time since last request: 0.000069 seconds.
  path: Assets/Violet Theme Ui/White Icons/White Ribbon 4.png
  artifactKey: Guid(2602867125c52164ca50bd624010b64b) Importer(815301076,1909f56bfc062723c751e8b465ee728b)
Start importing Assets/Violet Theme Ui/White Icons/White Ribbon 4.png using Guid(2602867125c52164ca50bd624010b64b) Importer(815301076,1909f56bfc062723c751e8b465ee728b) (PreviewImporter) -> (artifact id: '9e01d2f54bb99915755a9d93c7c97c24') in 0.009691458 seconds
Number of updated asset objects reloaded before import = 0Number of asset objects unloaded after import = 5

========================================================================
Received Import Request.
  Time since last request: 0.000094 seconds.
  path: Assets/Violet Theme Ui/White Icons/White ScrewDriver.png
  artifactKey: Guid(37d42bdd4ef2cf646834aec0bdc1609b) Importer(815301076,1909f56bfc062723c751e8b465ee728b)
Start importing Assets/Violet Theme Ui/White Icons/White ScrewDriver.png using Guid(37d42bdd4ef2cf646834aec0bdc1609b) Importer(815301076,1909f56bfc062723c751e8b465ee728b) (PreviewImporter) -> (artifact id: '4429d0a98aa59619831957aa74c6c0c3') in 0.006684208 seconds
Number of updated asset objects reloaded before import = 0Number of asset objects unloaded after import = 3

========================================================================
Received Import Request.
  Time since last request: 0.000049 seconds.
  path: Assets/Violet Theme Ui/White Icons/White Sad 1.png
  artifactKey: Guid(568350414cfbb984bb3baec6a1d2e48a) Importer(815301076,1909f56bfc062723c751e8b465ee728b)
Start importing Assets/Violet Theme Ui/White Icons/White Sad 1.png using Guid(568350414cfbb984bb3baec6a1d2e48a) Importer(815301076,1909f56bfc062723c751e8b465ee728b) (PreviewImporter) -> (artifact id: '6181d485dca08a4eb4c53ae50e25290a') in 0.005525584 seconds
Number of updated asset objects reloaded before import = 0Number of asset objects unloaded after import = 3

========================================================================
Received Import Request.
  Time since last request: 0.000265 seconds.
  path: Assets/Violet Theme Ui/White Icons/White Select 3.png
  artifactKey: Guid(bba1829bfb698e5498c4c891bb8cf9a4) Importer(815301076,1909f56bfc062723c751e8b465ee728b)
Start importing Assets/Violet Theme Ui/White Icons/White Select 3.png using Guid(bba1829bfb698e5498c4c891bb8cf9a4) Importer(815301076,1909f56bfc062723c751e8b465ee728b) (PreviewImporter) -> (artifact id: 'f0a2bba239f139e04e7e450f4194af54') in 0.02025275 seconds
Number of updated asset objects reloaded before import = 0Number of asset objects unloaded after import = 11

========================================================================
Received Import Request.
  Time since last request: 0.000189 seconds.
  path: Assets/Violet Theme Ui/White Icons/White Select 2.png
  artifactKey: Guid(3245564e41c5636469ea3f964aa29e55) Importer(815301076,1909f56bfc062723c751e8b465ee728b)
Start importing Assets/Violet Theme Ui/White Icons/White Select 2.png using Guid(3245564e41c5636469ea3f964aa29e55) Importer(815301076,1909f56bfc062723c751e8b465ee728b) (PreviewImporter) -> (artifact id: '92c54ad9ca5fa5420892a5f57f1a798e') in 0.0078325 seconds
Number of updated asset objects reloaded before import = 0Number of asset objects unloaded after import = 5

========================================================================
Received Import Request.
  Time since last request: 0.000132 seconds.
  path: Assets/Violet Theme Ui/White Icons/White Sleep.png
  artifactKey: Guid(21971abefc33c5640808902ba497b6d7) Importer(815301076,1909f56bfc062723c751e8b465ee728b)
Start importing Assets/Violet Theme Ui/White Icons/White Sleep.png using Guid(21971abefc33c5640808902ba497b6d7) Importer(815301076,1909f56bfc062723c751e8b465ee728b) (PreviewImporter) -> (artifact id: '60e185d62e0c45e7c4632d16a322fb0c') in 0.009920042 seconds
Number of updated asset objects reloaded before import = 0Number of asset objects unloaded after import = 5

========================================================================
Received Import Request.
  Time since last request: 0.000051 seconds.
  path: Assets/Violet Theme Ui/White Icons/White Site On.png
  artifactKey: Guid(b91b68e88242f584d937d37a18407e46) Importer(815301076,1909f56bfc062723c751e8b465ee728b)
Start importing Assets/Violet Theme Ui/White Icons/White Site On.png using Guid(b91b68e88242f584d937d37a18407e46) Importer(815301076,1909f56bfc062723c751e8b465ee728b) (PreviewImporter) -> (artifact id: 'de514ab549b4e17892e0c0984210a561') in 0.005575709 seconds
Number of updated asset objects reloaded before import = 0Number of asset objects unloaded after import = 3

========================================================================
Received Import Request.
  Time since last request: 0.000028 seconds.
  path: Assets/Violet Theme Ui/White Icons/White Skull.png
  artifactKey: Guid(1e3fbf9e8296ba34eb45641745fbc114) Importer(815301076,1909f56bfc062723c751e8b465ee728b)
Start importing Assets/Violet Theme Ui/White Icons/White Skull.png using Guid(1e3fbf9e8296ba34eb45641745fbc114) Importer(815301076,1909f56bfc062723c751e8b465ee728b) (PreviewImporter) -> (artifact id: 'afdfbfc46b195b43cc03782a2c1a7868') in 0.005962125 seconds
Number of updated asset objects reloaded before import = 0Number of asset objects unloaded after import = 3

========================================================================
Received Import Request.
  Time since last request: 0.000089 seconds.
  path: Assets/Violet Theme Ui/White Icons/White Slider 2.png
  artifactKey: Guid(85e84ba1987d05241820a2a80c1d46c5) Importer(815301076,1909f56bfc062723c751e8b465ee728b)
Start importing Assets/Violet Theme Ui/White Icons/White Slider 2.png using Guid(85e84ba1987d05241820a2a80c1d46c5) Importer(815301076,1909f56bfc062723c751e8b465ee728b) (PreviewImporter) -> (artifact id: '8cd04f1f4ea3980f77fb4cb27b508c9e') in 0.018975875 seconds
Number of updated asset objects reloaded before import = 0Number of asset objects unloaded after import = 11

========================================================================
Received Import Request.
  Time since last request: 0.000051 seconds.
  path: Assets/Violet Theme Ui/White Icons/White Shield 1.png
  artifactKey: Guid(247317e5e362b92489f2c513aa2657d2) Importer(815301076,1909f56bfc062723c751e8b465ee728b)
Start importing Assets/Violet Theme Ui/White Icons/White Shield 1.png using Guid(247317e5e362b92489f2c513aa2657d2) Importer(815301076,1909f56bfc062723c751e8b465ee728b) (PreviewImporter) -> (artifact id: 'd7312a6fc8228899f43491d8ed1d4039') in 0.005183 seconds
Number of updated asset objects reloaded before import = 0Number of asset objects unloaded after import = 3

========================================================================
Received Import Request.
  Time since last request: 0.000044 seconds.
  path: Assets/Violet Theme Ui/White Icons/White Signal.png
  artifactKey: Guid(55d1f27c687c07f40b78a9099b7ad0fc) Importer(815301076,1909f56bfc062723c751e8b465ee728b)
Start importing Assets/Violet Theme Ui/White Icons/White Signal.png using Guid(55d1f27c687c07f40b78a9099b7ad0fc) Importer(815301076,1909f56bfc062723c751e8b465ee728b) (PreviewImporter) -> (artifact id: 'ce4457a5784c7c2a9020cf0954730d43') in 0.008722209 seconds
Number of updated asset objects reloaded before import = 0Number of asset objects unloaded after import = 5

========================================================================
Received Import Request.
  Time since last request: 0.321779 seconds.
  path: Assets/Violet Theme Ui/White Icons/White Smiley Happy.png
  artifactKey: Guid(0a48137e74ea3cf4ba3c1d5d5fe27e78) Importer(815301076,1909f56bfc062723c751e8b465ee728b)
Start importing Assets/Violet Theme Ui/White Icons/White Smiley Happy.png using Guid(0a48137e74ea3cf4ba3c1d5d5fe27e78) Importer(815301076,1909f56bfc062723c751e8b465ee728b) (PreviewImporter) -> (artifact id: 'b24c58a0ea76bf31a9b5c9f757cbcbd3') in 0.005375792 seconds
Number of updated asset objects reloaded before import = 0Number of asset objects unloaded after import = 3

========================================================================
Received Import Request.
  Time since last request: 0.000052 seconds.
  path: Assets/Violet Theme Ui/White Icons/White Sound 1.png
  artifactKey: Guid(2293d4ac693b35d43a45f9b03ce06c9e) Importer(815301076,1909f56bfc062723c751e8b465ee728b)
Start importing Assets/Violet Theme Ui/White Icons/White Sound 1.png using Guid(2293d4ac693b35d43a45f9b03ce06c9e) Importer(815301076,1909f56bfc062723c751e8b465ee728b) (PreviewImporter) -> (artifact id: '1cfdfed8edd3764e73cfd7fe51984fa0') in 0.010529542 seconds
Number of updated asset objects reloaded before import = 0Number of asset objects unloaded after import = 6

========================================================================
Received Import Request.
  Time since last request: 0.000039 seconds.
  path: Assets/Violet Theme Ui/White Icons/White Sound Off 2.png
  artifactKey: Guid(623df017cd9375c49946605e46d06755) Importer(815301076,1909f56bfc062723c751e8b465ee728b)
Start importing Assets/Violet Theme Ui/White Icons/White Sound Off 2.png using Guid(623df017cd9375c49946605e46d06755) Importer(815301076,1909f56bfc062723c751e8b465ee728b) (PreviewImporter) -> (artifact id: '33eeb2bd1becc38c7336e1c37c645f4e') in 0.009743625 seconds
Number of updated asset objects reloaded before import = 0Number of asset objects unloaded after import = 5

========================================================================
Received Import Request.
  Time since last request: 0.000043 seconds.
  path: Assets/Violet Theme Ui/White Icons/White Speed Boost 2.png
  artifactKey: Guid(7651633fd56d228438ee6b73775d4a6f) Importer(815301076,1909f56bfc062723c751e8b465ee728b)
Start importing Assets/Violet Theme Ui/White Icons/White Speed Boost 2.png using Guid(7651633fd56d228438ee6b73775d4a6f) Importer(815301076,1909f56bfc062723c751e8b465ee728b) (PreviewImporter) -> (artifact id: '8f71bca101bb9641fccf21f86da47469') in 0.009812417 seconds
Number of updated asset objects reloaded before import = 0Number of asset objects unloaded after import = 6

========================================================================
Received Import Request.
  Time since last request: 0.000038 seconds.
  path: Assets/Violet Theme Ui/White Icons/White Speed Boost.png
  artifactKey: Guid(ddfd377d8ac37ba42bae81d835ec4a37) Importer(815301076,1909f56bfc062723c751e8b465ee728b)
Start importing Assets/Violet Theme Ui/White Icons/White Speed Boost.png using Guid(ddfd377d8ac37ba42bae81d835ec4a37) Importer(815301076,1909f56bfc062723c751e8b465ee728b) (PreviewImporter) -> (artifact id: 'ae0e7bb9ecaac586f9837be844fb6ed4') in 0.017591542 seconds
Number of updated asset objects reloaded before import = 0Number of asset objects unloaded after import = 11

========================================================================
Received Import Request.
  Time since last request: 0.000043 seconds.
  path: Assets/Violet Theme Ui/White Icons/White Symbol 1.png
  artifactKey: Guid(476be7b2ecf6108439f4edbc952a7eab) Importer(815301076,1909f56bfc062723c751e8b465ee728b)
Start importing Assets/Violet Theme Ui/White Icons/White Symbol 1.png using Guid(476be7b2ecf6108439f4edbc952a7eab) Importer(815301076,1909f56bfc062723c751e8b465ee728b) (PreviewImporter) -> (artifact id: '03fa2aa9b9b61149a60ed1fdaad7e479') in 0.0191655 seconds
Number of updated asset objects reloaded before import = 0Number of asset objects unloaded after import = 11

========================================================================
Received Import Request.
  Time since last request: 0.000036 seconds.
  path: Assets/Violet Theme Ui/White Icons/White Symbol 14.png
  artifactKey: Guid(b0e596697b91d82409083c62e805898b) Importer(815301076,1909f56bfc062723c751e8b465ee728b)
Start importing Assets/Violet Theme Ui/White Icons/White Symbol 14.png using Guid(b0e596697b91d82409083c62e805898b) Importer(815301076,1909f56bfc062723c751e8b465ee728b) (PreviewImporter) -> (artifact id: '979cf76cc7a02083e26580b870926ea5') in 0.007611708 seconds
Number of updated asset objects reloaded before import = 0Number of asset objects unloaded after import = 4

========================================================================
Received Import Request.
  Time since last request: 0.000062 seconds.
  path: Assets/Violet Theme Ui/White Icons/White Symbol 8.png
  artifactKey: Guid(51b9c4c1c517f944fabebba5dfd79266) Importer(815301076,1909f56bfc062723c751e8b465ee728b)
Start importing Assets/Violet Theme Ui/White Icons/White Symbol 8.png using Guid(51b9c4c1c517f944fabebba5dfd79266) Importer(815301076,1909f56bfc062723c751e8b465ee728b) (PreviewImporter) -> (artifact id: 'c7dc857924b730cf25ad276d674af89c') in 0.005173083 seconds
Number of updated asset objects reloaded before import = 0Number of asset objects unloaded after import = 3

========================================================================
Received Import Request.
  Time since last request: 0.000040 seconds.
  path: Assets/Violet Theme Ui/White Icons/White Symbol 16.png
  artifactKey: Guid(39e5a544fcd1098498e986753e615731) Importer(815301076,1909f56bfc062723c751e8b465ee728b)
Start importing Assets/Violet Theme Ui/White Icons/White Symbol 16.png using Guid(39e5a544fcd1098498e986753e615731) Importer(815301076,1909f56bfc062723c751e8b465ee728b) (PreviewImporter) -> (artifact id: '947aba1aec0c03e05b8314188d085bab') in 0.007357792 seconds
Number of updated asset objects reloaded before import = 0Number of asset objects unloaded after import = 4

========================================================================
Received Import Request.
  Time since last request: 0.000095 seconds.
  path: Assets/Violet Theme Ui/White Icons/White Sysmbol 2.png
  artifactKey: Guid(3f10fa43175c5ef40b680d82908fba87) Importer(815301076,1909f56bfc062723c751e8b465ee728b)
Start importing Assets/Violet Theme Ui/White Icons/White Sysmbol 2.png using Guid(3f10fa43175c5ef40b680d82908fba87) Importer(815301076,1909f56bfc062723c751e8b465ee728b) (PreviewImporter) -> (artifact id: '705d427f18f72db4a11fec25d66b9f9b') in 0.01272675 seconds
Number of updated asset objects reloaded before import = 0Number of asset objects unloaded after import = 7

========================================================================
Received Import Request.
  Time since last request: 0.000111 seconds.
  path: Assets/Violet Theme Ui/White Icons/White Tag.png
  artifactKey: Guid(f056a0a4b34d15a4c85cca06bd747380) Importer(815301076,1909f56bfc062723c751e8b465ee728b)
Start importing Assets/Violet Theme Ui/White Icons/White Tag.png using Guid(f056a0a4b34d15a4c85cca06bd747380) Importer(815301076,1909f56bfc062723c751e8b465ee728b) (PreviewImporter) -> (artifact id: '3808906266c9ace2ab5a95546e8917dd') in 0.005572084 seconds
Number of updated asset objects reloaded before import = 0Number of asset objects unloaded after import = 3

========================================================================
Received Import Request.
  Time since last request: 0.000066 seconds.
  path: Assets/Violet Theme Ui/White Icons/White Symbol 7.png
  artifactKey: Guid(c4642fa878a84cf42a096c438e9e614d) Importer(815301076,1909f56bfc062723c751e8b465ee728b)
Start importing Assets/Violet Theme Ui/White Icons/White Symbol 7.png using Guid(c4642fa878a84cf42a096c438e9e614d) Importer(815301076,1909f56bfc062723c751e8b465ee728b) (PreviewImporter) -> (artifact id: 'f2fb0334bb678035dc3bb179ae01a2a9') in 0.005388417 seconds
Number of updated asset objects reloaded before import = 0Number of asset objects unloaded after import = 3

========================================================================
Received Import Request.
  Time since last request: 0.000073 seconds.
  path: Assets/Violet Theme Ui/White Icons/White Symbol 21.png
  artifactKey: Guid(2e6df814af40e2945b8e3ea9c9bb5115) Importer(815301076,1909f56bfc062723c751e8b465ee728b)
Start importing Assets/Violet Theme Ui/White Icons/White Symbol 21.png using Guid(2e6df814af40e2945b8e3ea9c9bb5115) Importer(815301076,1909f56bfc062723c751e8b465ee728b) (PreviewImporter) -> (artifact id: '26163a098608e14c4a123f84e66c04a5') in 0.005714458 seconds
Number of updated asset objects reloaded before import = 0Number of asset objects unloaded after import = 3

========================================================================
Received Import Request.
  Time since last request: 0.000038 seconds.
  path: Assets/Violet Theme Ui/White Icons/White Symbol 6.png
  artifactKey: Guid(47f084b90b4998d47967083fcb6e7b32) Importer(815301076,1909f56bfc062723c751e8b465ee728b)
Start importing Assets/Violet Theme Ui/White Icons/White Symbol 6.png using Guid(47f084b90b4998d47967083fcb6e7b32) Importer(815301076,1909f56bfc062723c751e8b465ee728b) (PreviewImporter) -> (artifact id: 'cbda044a7d214216f22358d958d58a22') in 0.007908833 seconds
Number of updated asset objects reloaded before import = 0Number of asset objects unloaded after import = 4

========================================================================
Received Import Request.
  Time since last request: 0.000066 seconds.
  path: Assets/Violet Theme Ui/White Icons/White Symbol 3.png
  artifactKey: Guid(c42a607f3d048da4cbf87869c7e8d347) Importer(815301076,1909f56bfc062723c751e8b465ee728b)
Start importing Assets/Violet Theme Ui/White Icons/White Symbol 3.png using Guid(c42a607f3d048da4cbf87869c7e8d347) Importer(815301076,1909f56bfc062723c751e8b465ee728b) (PreviewImporter) -> (artifact id: 'd9eb2ea755cc6121070b6c7f4ddcd7ae') in 0.009658792 seconds
Number of updated asset objects reloaded before import = 0Number of asset objects unloaded after import = 6

========================================================================
Received Import Request.
  Time since last request: 0.000051 seconds.
  path: Assets/Violet Theme Ui/White Icons/White Target 1.png
  artifactKey: Guid(ed592125e098517488f480dca11f1bc8) Importer(815301076,1909f56bfc062723c751e8b465ee728b)
Start importing Assets/Violet Theme Ui/White Icons/White Target 1.png using Guid(ed592125e098517488f480dca11f1bc8) Importer(815301076,1909f56bfc062723c751e8b465ee728b) (PreviewImporter) -> (artifact id: 'd13fc870a252316f05733b910c355919') in 0.006166083 seconds
Number of updated asset objects reloaded before import = 0Number of asset objects unloaded after import = 3

========================================================================
Received Import Request.
  Time since last request: 0.000057 seconds.
  path: Assets/Violet Theme Ui/White Icons/White Swords.png
  artifactKey: Guid(d08d31b3bb621974fa68cd19820122b5) Importer(815301076,1909f56bfc062723c751e8b465ee728b)
Start importing Assets/Violet Theme Ui/White Icons/White Swords.png using Guid(d08d31b3bb621974fa68cd19820122b5) Importer(815301076,1909f56bfc062723c751e8b465ee728b) (PreviewImporter) -> (artifact id: '1e72ca7563dc8006bf43a902a76795a6') in 0.015019167 seconds
Number of updated asset objects reloaded before import = 0Number of asset objects unloaded after import = 8

========================================================================
Received Import Request.
  Time since last request: 0.000071 seconds.
  path: Assets/Violet Theme Ui/White Icons/White Sound On.png
  artifactKey: Guid(e66426b52acd2a948999e48ec901d97b) Importer(815301076,1909f56bfc062723c751e8b465ee728b)
Start importing Assets/Violet Theme Ui/White Icons/White Sound On.png using Guid(e66426b52acd2a948999e48ec901d97b) Importer(815301076,1909f56bfc062723c751e8b465ee728b) (PreviewImporter) -> (artifact id: '7a8573acbbda27875a1d1d03e56ee5a8') in 0.008524042 seconds
Number of updated asset objects reloaded before import = 0Number of asset objects unloaded after import = 5

========================================================================
Received Import Request.
  Time since last request: 0.000042 seconds.
  path: Assets/Violet Theme Ui/White Icons/White Symbol 5.png
  artifactKey: Guid(3159a61a714ebe942ac291a8f0837bfb) Importer(815301076,1909f56bfc062723c751e8b465ee728b)
Start importing Assets/Violet Theme Ui/White Icons/White Symbol 5.png using Guid(3159a61a714ebe942ac291a8f0837bfb) Importer(815301076,1909f56bfc062723c751e8b465ee728b) (PreviewImporter) -> (artifact id: '6cdc9ae65650015cef646bd0428e4c23') in 0.007687042 seconds
Number of updated asset objects reloaded before import = 0Number of asset objects unloaded after import = 4

========================================================================
Received Import Request.
  Time since last request: 0.000067 seconds.
  path: Assets/Violet Theme Ui/White Icons/White Symbol 10.png
  artifactKey: Guid(cb714b7aa695a614f91f825f457b7814) Importer(815301076,1909f56bfc062723c751e8b465ee728b)
Start importing Assets/Violet Theme Ui/White Icons/White Symbol 10.png using Guid(cb714b7aa695a614f91f825f457b7814) Importer(815301076,1909f56bfc062723c751e8b465ee728b) (PreviewImporter) -> (artifact id: 'a8b6eedca32b99b38da71ca729923ad6') in 0.00538625 seconds
Number of updated asset objects reloaded before import = 0Number of asset objects unloaded after import = 3

========================================================================
Received Import Request.
  Time since last request: 0.364030 seconds.
  path: Assets/Violet Theme Ui/White Icons/White Telecom.png
  artifactKey: Guid(c033b51e4377ff4458b4a84db08c1d82) Importer(815301076,1909f56bfc062723c751e8b465ee728b)
Start importing Assets/Violet Theme Ui/White Icons/White Telecom.png using Guid(c033b51e4377ff4458b4a84db08c1d82) Importer(815301076,1909f56bfc062723c751e8b465ee728b) (PreviewImporter) -> (artifact id: 'c391c0f3dc868a28349dd7d2b54a291e') in 0.005123 seconds
Number of updated asset objects reloaded before import = 0Number of asset objects unloaded after import = 3

========================================================================
Received Import Request.
  Time since last request: 0.000041 seconds.
  path: Assets/Violet Theme Ui/White Icons/White ThumbUp.png
  artifactKey: Guid(67e9b580fea2bc94fb3e400ae2a1d780) Importer(815301076,1909f56bfc062723c751e8b465ee728b)
Start importing Assets/Violet Theme Ui/White Icons/White ThumbUp.png using Guid(67e9b580fea2bc94fb3e400ae2a1d780) Importer(815301076,1909f56bfc062723c751e8b465ee728b) (PreviewImporter) -> (artifact id: '51b0f02b38fa1664106c0865187043cb') in 0.005730167 seconds
Number of updated asset objects reloaded before import = 0Number of asset objects unloaded after import = 4

========================================================================
Received Import Request.
  Time since last request: 0.000055 seconds.
  path: Assets/Violet Theme Ui/White Icons/White Ticket 2.png
  artifactKey: Guid(159be0c0b4f3cab4cb532b278899cfc0) Importer(815301076,1909f56bfc062723c751e8b465ee728b)
Start importing Assets/Violet Theme Ui/White Icons/White Ticket 2.png using Guid(159be0c0b4f3cab4cb532b278899cfc0) Importer(815301076,1909f56bfc062723c751e8b465ee728b) (PreviewImporter) -> (artifact id: 'ce81881d3ff7a582599975bf240ffd4f') in 0.006263583 seconds
Number of updated asset objects reloaded before import = 0Number of asset objects unloaded after import = 3

========================================================================
Received Import Request.
  Time since last request: 0.000068 seconds.
  path: Assets/Violet Theme Ui/White Icons/White Time.png
  artifactKey: Guid(8afc5bdb2d29b2b498a6072ad34ae74f) Importer(815301076,1909f56bfc062723c751e8b465ee728b)
Start importing Assets/Violet Theme Ui/White Icons/White Time.png using Guid(8afc5bdb2d29b2b498a6072ad34ae74f) Importer(815301076,1909f56bfc062723c751e8b465ee728b) (PreviewImporter) -> (artifact id: '26424628477500f6e51ce61f683a433d') in 0.005866125 seconds
Number of updated asset objects reloaded before import = 0Number of asset objects unloaded after import = 3

========================================================================
Received Import Request.
  Time since last request: 0.019995 seconds.
  path: Assets/Violet Theme Ui/White Icons/White Tornado.png
  artifactKey: Guid(a30d60d67ed0b3d44b3040bc26861277) Importer(815301076,1909f56bfc062723c751e8b465ee728b)
Start importing Assets/Violet Theme Ui/White Icons/White Tornado.png using Guid(a30d60d67ed0b3d44b3040bc26861277) Importer(815301076,1909f56bfc062723c751e8b465ee728b) (PreviewImporter) -> (artifact id: '90b0c99edb967b1423710340266aace6') in 0.010937083 seconds
Number of updated asset objects reloaded before import = 0Number of asset objects unloaded after import = 5

========================================================================
Received Import Request.
  Time since last request: 0.000048 seconds.
  path: Assets/Violet Theme Ui/White Icons/White Trophy.png
  artifactKey: Guid(8bcb45200576a2749b900ea43bc98bbd) Importer(815301076,1909f56bfc062723c751e8b465ee728b)
Start importing Assets/Violet Theme Ui/White Icons/White Trophy.png using Guid(8bcb45200576a2749b900ea43bc98bbd) Importer(815301076,1909f56bfc062723c751e8b465ee728b) (PreviewImporter) -> (artifact id: 'c94b12d8e9745824bf525802d78b3410') in 0.006902791 seconds
Number of updated asset objects reloaded before import = 0Number of asset objects unloaded after import = 4

========================================================================
Received Import Request.
  Time since last request: 0.000193 seconds.
  path: Assets/Violet Theme Ui/White Icons/White Unlock.png
  artifactKey: Guid(19146b3abbf475a4e928505e38f4c2b2) Importer(815301076,1909f56bfc062723c751e8b465ee728b)
Start importing Assets/Violet Theme Ui/White Icons/White Unlock.png using Guid(19146b3abbf475a4e928505e38f4c2b2) Importer(815301076,1909f56bfc062723c751e8b465ee728b) (PreviewImporter) -> (artifact id: '618030e2cad38e368bab44fc43b4a789') in 0.00552975 seconds
Number of updated asset objects reloaded before import = 0Number of asset objects unloaded after import = 3

========================================================================
Received Import Request.
  Time since last request: 0.000046 seconds.
  path: Assets/Violet Theme Ui/White Icons/White Wifi Off.png
  artifactKey: Guid(abb70e74678f64c44905b8231bc0b17a) Importer(815301076,1909f56bfc062723c751e8b465ee728b)
Start importing Assets/Violet Theme Ui/White Icons/White Wifi Off.png using Guid(abb70e74678f64c44905b8231bc0b17a) Importer(815301076,1909f56bfc062723c751e8b465ee728b) (PreviewImporter) -> (artifact id: '5f84f946daec7b5b767560b2769bea8a') in 0.008120917 seconds
Number of updated asset objects reloaded before import = 0Number of asset objects unloaded after import = 5

========================================================================
Received Import Request.
  Time since last request: 0.000137 seconds.
  path: Assets/Violet Theme Ui/White Icons/White Voice Off.png
  artifactKey: Guid(dccd85075f8de7e41b1498391bae744a) Importer(815301076,1909f56bfc062723c751e8b465ee728b)
Start importing Assets/Violet Theme Ui/White Icons/White Voice Off.png using Guid(dccd85075f8de7e41b1498391bae744a) Importer(815301076,1909f56bfc062723c751e8b465ee728b) (PreviewImporter) -> (artifact id: '4a5548d850cfb17f2239821b344d0826') in 0.007599583 seconds
Number of updated asset objects reloaded before import = 0Number of asset objects unloaded after import = 4

========================================================================
Received Import Request.
  Time since last request: 0.000069 seconds.
  path: Assets/Violet Theme Ui/White Icons/White Warning.png
  artifactKey: Guid(c4d2b397342bbd44abdc24bba7f5d21e) Importer(815301076,1909f56bfc062723c751e8b465ee728b)
Start importing Assets/Violet Theme Ui/White Icons/White Warning.png using Guid(c4d2b397342bbd44abdc24bba7f5d21e) Importer(815301076,1909f56bfc062723c751e8b465ee728b) (PreviewImporter) -> (artifact id: 'd898ea3f97c2bd56d570e0b99e3f4c3b') in 0.005365083 seconds
Number of updated asset objects reloaded before import = 0Number of asset objects unloaded after import = 3

========================================================================
Received Import Request.
  Time since last request: 0.000039 seconds.
  path: Assets/Violet Theme Ui/White Icons/White Warning 2.png
  artifactKey: Guid(08418683700dc1349a59ba1c9bb4ac9a) Importer(815301076,1909f56bfc062723c751e8b465ee728b)
Start importing Assets/Violet Theme Ui/White Icons/White Warning 2.png using Guid(08418683700dc1349a59ba1c9bb4ac9a) Importer(815301076,1909f56bfc062723c751e8b465ee728b) (PreviewImporter) -> (artifact id: 'b4d0804ab3c28f9d3c073c5ce8dc61b4') in 0.005876875 seconds
Number of updated asset objects reloaded before import = 0Number of asset objects unloaded after import = 3

========================================================================
Received Import Request.
  Time since last request: 0.000071 seconds.
  path: Assets/Violet Theme Ui/White Icons/White Wifi On.png
  artifactKey: Guid(82e5a4d9b6b108d49b57d7ba82a0bcec) Importer(815301076,1909f56bfc062723c751e8b465ee728b)
Start importing Assets/Violet Theme Ui/White Icons/White Wifi On.png using Guid(82e5a4d9b6b108d49b57d7ba82a0bcec) Importer(815301076,1909f56bfc062723c751e8b465ee728b) (PreviewImporter) -> (artifact id: '515d23fd315d6a6f8cb4212a69547b02') in 0.0106225 seconds
Number of updated asset objects reloaded before import = 0Number of asset objects unloaded after import = 5

========================================================================
Received Import Request.
  Time since last request: 0.000062 seconds.
  path: Assets/Violet Theme Ui/White Icons/White Zoom Out.png
  artifactKey: Guid(d1889b8d2130c824cb63962b985709dc) Importer(815301076,1909f56bfc062723c751e8b465ee728b)
Start importing Assets/Violet Theme Ui/White Icons/White Zoom Out.png using Guid(d1889b8d2130c824cb63962b985709dc) Importer(815301076,1909f56bfc062723c751e8b465ee728b) (PreviewImporter) -> (artifact id: '811a0f86d29d2e9b81b4eb28beaf2ba4') in 0.007039083 seconds
Number of updated asset objects reloaded before import = 0Number of asset objects unloaded after import = 4

========================================================================
Received Import Request.
  Time since last request: 0.000081 seconds.
  path: Assets/Violet Theme Ui/White Icons/White Wand.png
  artifactKey: Guid(47f4c9a1d571e2145bebbbc207d9195b) Importer(815301076,1909f56bfc062723c751e8b465ee728b)
Start importing Assets/Violet Theme Ui/White Icons/White Wand.png using Guid(47f4c9a1d571e2145bebbbc207d9195b) Importer(815301076,1909f56bfc062723c751e8b465ee728b) (PreviewImporter) -> (artifact id: '1e9602f7cf91a7d25cba0212f5543aa5') in 0.00899325 seconds
Number of updated asset objects reloaded before import = 0Number of asset objects unloaded after import = 4

========================================================================
Received Import Request.
  Time since last request: 0.000057 seconds.
  path: Assets/Violet Theme Ui/White Icons/White Water Droplet.png
  artifactKey: Guid(17c26c066b7bfca40b0158b6ccfeecae) Importer(815301076,1909f56bfc062723c751e8b465ee728b)
Start importing Assets/Violet Theme Ui/White Icons/White Water Droplet.png using Guid(17c26c066b7bfca40b0158b6ccfeecae) Importer(815301076,1909f56bfc062723c751e8b465ee728b) (PreviewImporter) -> (artifact id: '6c94301330b2a61cac60791905923234') in 0.006758166 seconds
Number of updated asset objects reloaded before import = 0Number of asset objects unloaded after import = 3

========================================================================
Received Import Request.
  Time since last request: 0.000287 seconds.
  path: Assets/Violet Theme Ui/White Icons/White Twitter.png
  artifactKey: Guid(c7414491d01abe14aa617ae2f3dc221f) Importer(815301076,1909f56bfc062723c751e8b465ee728b)
Start importing Assets/Violet Theme Ui/White Icons/White Twitter.png using Guid(c7414491d01abe14aa617ae2f3dc221f) Importer(815301076,1909f56bfc062723c751e8b465ee728b) (PreviewImporter) -> (artifact id: '15ae7664a859901b2b1c2f76a17c1c66') in 0.006254792 seconds
Number of updated asset objects reloaded before import = 0Number of asset objects unloaded after import = 3

========================================================================
Received Import Request.
  Time since last request: 0.000035 seconds.
  path: Assets/Violet Theme Ui/White Icons/White Weight.png
  artifactKey: Guid(7fb9ef8d6e755884f8bbce5b93204831) Importer(815301076,1909f56bfc062723c751e8b465ee728b)
Start importing Assets/Violet Theme Ui/White Icons/White Weight.png using Guid(7fb9ef8d6e755884f8bbce5b93204831) Importer(815301076,1909f56bfc062723c751e8b465ee728b) (PreviewImporter) -> (artifact id: 'e22e0073c2d4d77e246b9e3de84d9ca1') in 0.005562125 seconds
Number of updated asset objects reloaded before import = 0Number of asset objects unloaded after import = 3

========================================================================
Received Import Request.
  Time since last request: 0.000072 seconds.
  path: Assets/Violet Theme Ui/White Icons/White Witch Hat.png
  artifactKey: Guid(43956d00e12bb3941a8aaca2f2d11f75) Importer(815301076,1909f56bfc062723c751e8b465ee728b)
Start importing Assets/Violet Theme Ui/White Icons/White Witch Hat.png using Guid(43956d00e12bb3941a8aaca2f2d11f75) Importer(815301076,1909f56bfc062723c751e8b465ee728b) (PreviewImporter) -> (artifact id: '9a4d6a4a4564a8c7062da6743738446c') in 0.0077585 seconds
Number of updated asset objects reloaded before import = 0Number of asset objects unloaded after import = 4

========================================================================
Received Import Request.
  Time since last request: 0.000091 seconds.
  path: Assets/Violet Theme Ui/White Icons/White Wrench.png
  artifactKey: Guid(e30a5b0376ee12648ac9416804de860b) Importer(815301076,1909f56bfc062723c751e8b465ee728b)
Start importing Assets/Violet Theme Ui/White Icons/White Wrench.png using Guid(e30a5b0376ee12648ac9416804de860b) Importer(815301076,1909f56bfc062723c751e8b465ee728b) (PreviewImporter) -> (artifact id: '9898793f33774f44c66c2819830b42e5') in 0.006490083 seconds
Number of updated asset objects reloaded before import = 0Number of asset objects unloaded after import = 3

========================================================================
Received Import Request.
  Time since last request: 114.351145 seconds.
  path: Assets/Violet Theme Ui/Toggles/Toggle Fill Blue.png
  artifactKey: Guid(096850a21c881704988ae721d4033773) Importer(815301076,1909f56bfc062723c751e8b465ee728b)
Start importing Assets/Violet Theme Ui/Toggles/Toggle Fill Blue.png using Guid(096850a21c881704988ae721d4033773) Importer(815301076,1909f56bfc062723c751e8b465ee728b) (PreviewImporter) -> (artifact id: '896a5e638f691edb87700c08d6abf982') in 0.00743325 seconds
Number of updated asset objects reloaded before import = 0Number of asset objects unloaded after import = 3

========================================================================
Received Import Request.
  Time since last request: 0.000046 seconds.
  path: Assets/Violet Theme Ui/Toggles/Toggle Fill Green.png
  artifactKey: Guid(5505ccb1a0cf5054393f94195e4cd60f) Importer(815301076,1909f56bfc062723c751e8b465ee728b)
Start importing Assets/Violet Theme Ui/Toggles/Toggle Fill Green.png using Guid(5505ccb1a0cf5054393f94195e4cd60f) Importer(815301076,1909f56bfc062723c751e8b465ee728b) (PreviewImporter) -> (artifact id: '0b3b6aad1965b61995efd3088d91f023') in 0.005074375 seconds
Number of updated asset objects reloaded before import = 0Number of asset objects unloaded after import = 3

========================================================================
Received Import Request.
  Time since last request: 0.000043 seconds.
  path: Assets/Violet Theme Ui/Toggles/Toggle Fill Yellow.png
  artifactKey: Guid(a97da46e2d41bc6468895a250dec00db) Importer(815301076,1909f56bfc062723c751e8b465ee728b)
Start importing Assets/Violet Theme Ui/Toggles/Toggle Fill Yellow.png using Guid(a97da46e2d41bc6468895a250dec00db) Importer(815301076,1909f56bfc062723c751e8b465ee728b) (PreviewImporter) -> (artifact id: '0ada6d2c60907e70e9030e27ff98a805') in 0.004857333 seconds
Number of updated asset objects reloaded before import = 0Number of asset objects unloaded after import = 3

========================================================================
Received Import Request.
  Time since last request: 0.000047 seconds.
  path: Assets/Violet Theme Ui/Toggles/Toggle Fill Purple.png
  artifactKey: Guid(7f0d7499939e3d4468c39fe0d61db66d) Importer(815301076,1909f56bfc062723c751e8b465ee728b)
Start importing Assets/Violet Theme Ui/Toggles/Toggle Fill Purple.png using Guid(7f0d7499939e3d4468c39fe0d61db66d) Importer(815301076,1909f56bfc062723c751e8b465ee728b) (PreviewImporter) -> (artifact id: 'a6ce2b2daa3876f154c7903bccbf43c7') in 0.005335709 seconds
Number of updated asset objects reloaded before import = 0Number of asset objects unloaded after import = 3

========================================================================
Received Import Request.
  Time since last request: 1.623761 seconds.
  path: Assets/Violet Theme Ui/Switch/Switch On Blue.png
  artifactKey: Guid(f65f5ba5c7649ab4e82dd2a91a3e6d60) Importer(815301076,1909f56bfc062723c751e8b465ee728b)
Start importing Assets/Violet Theme Ui/Switch/Switch On Blue.png using Guid(f65f5ba5c7649ab4e82dd2a91a3e6d60) Importer(815301076,1909f56bfc062723c751e8b465ee728b) (PreviewImporter) -> (artifact id: '1c7356064028feead239ac1e2df22639') in 0.005087833 seconds
Number of updated asset objects reloaded before import = 0Number of asset objects unloaded after import = 3

========================================================================
Received Import Request.
  Time since last request: 0.000059 seconds.
  path: Assets/Violet Theme Ui/Switch/Switch On Purple.png
  artifactKey: Guid(d142bc3b7eadc7c43bb6bdb9b40b51d8) Importer(815301076,1909f56bfc062723c751e8b465ee728b)
Start importing Assets/Violet Theme Ui/Switch/Switch On Purple.png using Guid(d142bc3b7eadc7c43bb6bdb9b40b51d8) Importer(815301076,1909f56bfc062723c751e8b465ee728b) (PreviewImporter) -> (artifact id: '7c5895bfa9b7f186e933f612754559d8') in 0.0047405 seconds
Number of updated asset objects reloaded before import = 0Number of asset objects unloaded after import = 3

========================================================================
Received Import Request.
  Time since last request: 0.000074 seconds.
  path: Assets/Violet Theme Ui/Switch/Switch On Yellow.png
  artifactKey: Guid(87997358d64812c47acfa994451db577) Importer(815301076,1909f56bfc062723c751e8b465ee728b)
Start importing Assets/Violet Theme Ui/Switch/Switch On Yellow.png using Guid(87997358d64812c47acfa994451db577) Importer(815301076,1909f56bfc062723c751e8b465ee728b) (PreviewImporter) -> (artifact id: '5a2c2d5fa59dfe3a73baed7072a82eb7') in 0.005110459 seconds
Number of updated asset objects reloaded before import = 0Number of asset objects unloaded after import = 3

========================================================================
Received Import Request.
  Time since last request: 0.000047 seconds.
  path: Assets/Violet Theme Ui/Switch/Switch On Pink.png
  artifactKey: Guid(fa6fe729201641442a4095cf28f9019a) Importer(815301076,1909f56bfc062723c751e8b465ee728b)
Start importing Assets/Violet Theme Ui/Switch/Switch On Pink.png using Guid(fa6fe729201641442a4095cf28f9019a) Importer(815301076,1909f56bfc062723c751e8b465ee728b) (PreviewImporter) -> (artifact id: 'b84c239022f2e9deb5213ca7727ffdc5') in 0.0059225 seconds
Number of updated asset objects reloaded before import = 0Number of asset objects unloaded after import = 3

========================================================================
Received Import Request.
  Time since last request: 15.136462 seconds.
  path: Assets/Violet Theme Ui/Panels/White Panel Pink.png
  artifactKey: Guid(d8265e6a959e1064c97197868736a524) Importer(815301076,1909f56bfc062723c751e8b465ee728b)
Start importing Assets/Violet Theme Ui/Panels/White Panel Pink.png using Guid(d8265e6a959e1064c97197868736a524) Importer(815301076,1909f56bfc062723c751e8b465ee728b) (PreviewImporter) -> (artifact id: '651102e041fdb82e16083187c7d98094') in 0.010035041 seconds
Number of updated asset objects reloaded before import = 0Number of asset objects unloaded after import = 3

========================================================================
Received Import Request.
  Time since last request: 0.000065 seconds.
  path: Assets/Violet Theme Ui/Panels/White Panel Style 2 blue.png
  artifactKey: Guid(eaa6a0228f71b22459bbd296542fceaa) Importer(815301076,1909f56bfc062723c751e8b465ee728b)
Start importing Assets/Violet Theme Ui/Panels/White Panel Style 2 blue.png using Guid(eaa6a0228f71b22459bbd296542fceaa) Importer(815301076,1909f56bfc062723c751e8b465ee728b) (PreviewImporter) -> (artifact id: '372a39ef6a3eb37e1fac1050eeb3f334') in 0.0078135 seconds
Number of updated asset objects reloaded before import = 0Number of asset objects unloaded after import = 3

========================================================================
Received Import Request.
  Time since last request: 0.000077 seconds.
  path: Assets/Violet Theme Ui/Panels/White Panel Style 2 Green.png
  artifactKey: Guid(76051ae65406d234aad7799de589f22d) Importer(815301076,1909f56bfc062723c751e8b465ee728b)
Start importing Assets/Violet Theme Ui/Panels/White Panel Style 2 Green.png using Guid(76051ae65406d234aad7799de589f22d) Importer(815301076,1909f56bfc062723c751e8b465ee728b) (PreviewImporter) -> (artifact id: '4ebb4573e17731b86e713716586f285a') in 0.009079459 seconds
Number of updated asset objects reloaded before import = 0Number of asset objects unloaded after import = 3

========================================================================
Received Import Request.
  Time since last request: 0.000036 seconds.
  path: Assets/Violet Theme Ui/Panels/White Panel Style 2 Orange.png
  artifactKey: Guid(904015734ff79b74f9429d2d99567820) Importer(815301076,1909f56bfc062723c751e8b465ee728b)
Start importing Assets/Violet Theme Ui/Panels/White Panel Style 2 Orange.png using Guid(904015734ff79b74f9429d2d99567820) Importer(815301076,1909f56bfc062723c751e8b465ee728b) (PreviewImporter) -> (artifact id: 'ffefd2b517155c5b8501e92bc6c71b73') in 0.008052375 seconds
Number of updated asset objects reloaded before import = 0Number of asset objects unloaded after import = 3

========================================================================
Received Import Request.
  Time since last request: 0.000071 seconds.
  path: Assets/Violet Theme Ui/Panels/White Panel Style 2 purple.png
  artifactKey: Guid(c5442373b3b85274aab549187ebb01b5) Importer(815301076,1909f56bfc062723c751e8b465ee728b)
Start importing Assets/Violet Theme Ui/Panels/White Panel Style 2 purple.png using Guid(c5442373b3b85274aab549187ebb01b5) Importer(815301076,1909f56bfc062723c751e8b465ee728b) (PreviewImporter) -> (artifact id: '4c1951290d1ce86c9372ce377ddf777a') in 0.009052791 seconds
Number of updated asset objects reloaded before import = 0Number of asset objects unloaded after import = 3

========================================================================
Received Import Request.
  Time since last request: 0.000106 seconds.
  path: Assets/Violet Theme Ui/Panels/White Panel Style 2 Yellow.png
  artifactKey: Guid(5e96e999e9b00ad47b822255c5a34ab5) Importer(815301076,1909f56bfc062723c751e8b465ee728b)
Start importing Assets/Violet Theme Ui/Panels/White Panel Style 2 Yellow.png using Guid(5e96e999e9b00ad47b822255c5a34ab5) Importer(815301076,1909f56bfc062723c751e8b465ee728b) (PreviewImporter) -> (artifact id: '907bffa86ceded42ecd4a14b59970d3c') in 0.008102375 seconds
Number of updated asset objects reloaded before import = 0Number of asset objects unloaded after import = 3

========================================================================
Received Import Request.
  Time since last request: 0.000093 seconds.
  path: Assets/Violet Theme Ui/Panels/White Panel Violet.png
  artifactKey: Guid(70b674ed6c1298644aee2e129a94c4df) Importer(815301076,1909f56bfc062723c751e8b465ee728b)
Start importing Assets/Violet Theme Ui/Panels/White Panel Violet.png using Guid(70b674ed6c1298644aee2e129a94c4df) Importer(815301076,1909f56bfc062723c751e8b465ee728b) (PreviewImporter) -> (artifact id: 'd9767d5d810aa0b009d82708d95cf6ba') in 0.008252958 seconds
Number of updated asset objects reloaded before import = 0Number of asset objects unloaded after import = 3

========================================================================
Received Prepare
Begin MonoManager ReloadAssembly
Thread 0x28419f000 may have been prematurely finalized
- Loaded All Assemblies, in  0.527 seconds
Refreshing native plugins compatible for Editor in 0.45 ms, found 3 plugins.
Native extension for iOS target not found
Native extension for Android target not found
Native extension for OSXStandalone target not found
Native extension for WebGL target not found
Mono: successfully reloaded assembly
- Finished resetting the current domain, in  0.542 seconds
Domain Reload Profiling: 1071ms
	BeginReloadAssembly (163ms)
		ExecutionOrderSort (0ms)
		DisableScriptedObjects (25ms)
		BackupInstance (0ms)
		ReleaseScriptingObjects (0ms)
		CreateAndSetChildDomain (61ms)
	RebuildCommonClasses (34ms)
	RebuildNativeTypeToScriptingClass (11ms)
	initialDomainReloadingComplete (17ms)
	LoadAllAssembliesAndSetupDomain (304ms)
		LoadAssemblies (213ms)
		RebuildTransferFunctionScriptingTraits (0ms)
		AnalyzeDomain (132ms)
			TypeCache.Refresh (9ms)
				TypeCache.ScanAssembly (0ms)
			BuildScriptInfoCaches (117ms)
			ResolveRequiredComponents (4ms)
	FinalizeReload (543ms)
		ReleaseScriptCaches (0ms)
		RebuildScriptCaches (0ms)
		SetupLoadedEditorAssemblies (436ms)
			LogAssemblyErrors (0ms)
			InitializePlatformSupportModulesInManaged (16ms)
			SetLoadedEditorAssemblies (4ms)
			BeforeProcessingInitializeOnLoad (94ms)
			ProcessInitializeOnLoadAttributes (292ms)
			ProcessInitializeOnLoadMethodAttributes (28ms)
			AfterProcessingInitializeOnLoad (1ms)
			EditorAssembliesLoaded (0ms)
		ExecutionOrderSort2 (0ms)
		AwakeInstancesAfterBackupRestoration (3ms)
Refreshing native plugins compatible for Editor in 0.52 ms, found 3 plugins.
Preloading 0 native plugins for Editor in 0.00 ms.
Unloading 0 Unused Serialized files (Serialized files now loaded: 0)
Unloading 4710 unused Assets / (0.9 MB). Loaded Objects now: 5560.
Memory consumption went from 101.0 MB to 100.1 MB.
Total: 5.588833 ms (FindLiveObjects: 0.274625 ms CreateObjectMapping: 0.135750 ms MarkObjects: 4.244875 ms  DeleteObjects: 0.933042 ms)

Prepare: number of updated asset objects reloaded= 0
========================================================================
Received Prepare
Begin MonoManager ReloadAssembly
Thread 0x28419f000 may have been prematurely finalized
- Loaded All Assemblies, in  0.561 seconds
Refreshing native plugins compatible for Editor in 0.48 ms, found 3 plugins.
Native extension for iOS target not found
Native extension for Android target not found
Native extension for OSXStandalone target not found
Native extension for WebGL target not found
Mono: successfully reloaded assembly
- Finished resetting the current domain, in  0.585 seconds
Domain Reload Profiling: 1147ms
	BeginReloadAssembly (165ms)
		ExecutionOrderSort (0ms)
		DisableScriptedObjects (22ms)
		BackupInstance (0ms)
		ReleaseScriptingObjects (0ms)
		CreateAndSetChildDomain (67ms)
	RebuildCommonClasses (31ms)
	RebuildNativeTypeToScriptingClass (10ms)
	initialDomainReloadingComplete (18ms)
	LoadAllAssembliesAndSetupDomain (337ms)
		LoadAssemblies (239ms)
		RebuildTransferFunctionScriptingTraits (0ms)
		AnalyzeDomain (143ms)
			TypeCache.Refresh (13ms)
				TypeCache.ScanAssembly (0ms)
			BuildScriptInfoCaches (123ms)
			ResolveRequiredComponents (4ms)
	FinalizeReload (585ms)
		ReleaseScriptCaches (0ms)
		RebuildScriptCaches (0ms)
		SetupLoadedEditorAssemblies (482ms)
			LogAssemblyErrors (0ms)
			InitializePlatformSupportModulesInManaged (48ms)
			SetLoadedEditorAssemblies (6ms)
			BeforeProcessingInitializeOnLoad (105ms)
			ProcessInitializeOnLoadAttributes (294ms)
			ProcessInitializeOnLoadMethodAttributes (27ms)
			AfterProcessingInitializeOnLoad (1ms)
			EditorAssembliesLoaded (0ms)
		ExecutionOrderSort2 (0ms)
		AwakeInstancesAfterBackupRestoration (3ms)
Refreshing native plugins compatible for Editor in 0.60 ms, found 3 plugins.
Preloading 0 native plugins for Editor in 0.00 ms.
Unloading 0 Unused Serialized files (Serialized files now loaded: 0)
Unloading 4708 unused Assets / (0.6 MB). Loaded Objects now: 5562.
Memory consumption went from 99.3 MB to 98.7 MB.
Total: 5.245833 ms (FindLiveObjects: 0.273250 ms CreateObjectMapping: 0.134250 ms MarkObjects: 4.007458 ms  DeleteObjects: 0.830292 ms)

Prepare: number of updated asset objects reloaded= 0
========================================================================
Received Prepare
Begin MonoManager ReloadAssembly
Thread 0x28419f000 may have been prematurely finalized
- Loaded All Assemblies, in  0.557 seconds
Refreshing native plugins compatible for Editor in 0.37 ms, found 3 plugins.
Native extension for iOS target not found
Native extension for Android target not found
Native extension for OSXStandalone target not found
Native extension for WebGL target not found
Mono: successfully reloaded assembly
- Finished resetting the current domain, in  0.500 seconds
Domain Reload Profiling: 1059ms
	BeginReloadAssembly (182ms)
		ExecutionOrderSort (0ms)
		DisableScriptedObjects (18ms)
		BackupInstance (0ms)
		ReleaseScriptingObjects (0ms)
		CreateAndSetChildDomain (74ms)
	RebuildCommonClasses (33ms)
	RebuildNativeTypeToScriptingClass (11ms)
	initialDomainReloadingComplete (16ms)
	LoadAllAssembliesAndSetupDomain (317ms)
		LoadAssemblies (221ms)
		RebuildTransferFunctionScriptingTraits (0ms)
		AnalyzeDomain (137ms)
			TypeCache.Refresh (11ms)
				TypeCache.ScanAssembly (0ms)
			BuildScriptInfoCaches (119ms)
			ResolveRequiredComponents (4ms)
	FinalizeReload (500ms)
		ReleaseScriptCaches (0ms)
		RebuildScriptCaches (0ms)
		SetupLoadedEditorAssemblies (405ms)
			LogAssemblyErrors (0ms)
			InitializePlatformSupportModulesInManaged (14ms)
			SetLoadedEditorAssemblies (5ms)
			BeforeProcessingInitializeOnLoad (84ms)
			ProcessInitializeOnLoadAttributes (275ms)
			ProcessInitializeOnLoadMethodAttributes (26ms)
			AfterProcessingInitializeOnLoad (1ms)
			EditorAssembliesLoaded (0ms)
		ExecutionOrderSort2 (0ms)
		AwakeInstancesAfterBackupRestoration (2ms)
Refreshing native plugins compatible for Editor in 0.45 ms, found 3 plugins.
Preloading 0 native plugins for Editor in 0.00 ms.
Unloading 0 Unused Serialized files (Serialized files now loaded: 0)
Unloading 4708 unused Assets / (1.1 MB). Loaded Objects now: 5564.
Memory consumption went from 97.8 MB to 96.8 MB.
Total: 4.792250 ms (FindLiveObjects: 0.251792 ms CreateObjectMapping: 0.134250 ms MarkObjects: 3.749708 ms  DeleteObjects: 0.655833 ms)

Prepare: number of updated asset objects reloaded= 0
========================================================================
Received Prepare
Begin MonoManager ReloadAssembly
Thread 0x299a47000 may have been prematurely finalized
- Loaded All Assemblies, in  0.457 seconds
Refreshing native plugins compatible for Editor in 0.36 ms, found 3 plugins.
Native extension for iOS target not found
Native extension for Android target not found
Native extension for OSXStandalone target not found
Native extension for WebGL target not found
Mono: successfully reloaded assembly
- Finished resetting the current domain, in  0.527 seconds
Domain Reload Profiling: 986ms
	BeginReloadAssembly (113ms)
		ExecutionOrderSort (0ms)
		DisableScriptedObjects (8ms)
		BackupInstance (0ms)
		ReleaseScriptingObjects (0ms)
		CreateAndSetChildDomain (46ms)
	RebuildCommonClasses (33ms)
	RebuildNativeTypeToScriptingClass (10ms)
	initialDomainReloadingComplete (15ms)
	LoadAllAssembliesAndSetupDomain (287ms)
		LoadAssemblies (198ms)
		RebuildTransferFunctionScriptingTraits (0ms)
		AnalyzeDomain (120ms)
			TypeCache.Refresh (7ms)
				TypeCache.ScanAssembly (0ms)
			BuildScriptInfoCaches (107ms)
			ResolveRequiredComponents (4ms)
	FinalizeReload (527ms)
		ReleaseScriptCaches (0ms)
		RebuildScriptCaches (0ms)
		SetupLoadedEditorAssemblies (430ms)
			LogAssemblyErrors (0ms)
			InitializePlatformSupportModulesInManaged (13ms)
			SetLoadedEditorAssemblies (5ms)
			BeforeProcessingInitializeOnLoad (88ms)
			ProcessInitializeOnLoadAttributes (296ms)
			ProcessInitializeOnLoadMethodAttributes (27ms)
			AfterProcessingInitializeOnLoad (1ms)
			EditorAssembliesLoaded (0ms)
		ExecutionOrderSort2 (0ms)
		AwakeInstancesAfterBackupRestoration (2ms)
Refreshing native plugins compatible for Editor in 0.43 ms, found 3 plugins.
Preloading 0 native plugins for Editor in 0.00 ms.
Unloading 0 Unused Serialized files (Serialized files now loaded: 0)
Unloading 4708 unused Assets / (0.8 MB). Loaded Objects now: 5566.
Memory consumption went from 97.8 MB to 97.0 MB.
Total: 5.477875 ms (FindLiveObjects: 0.351625 ms CreateObjectMapping: 0.153334 ms MarkObjects: 4.177750 ms  DeleteObjects: 0.794500 ms)

Prepare: number of updated asset objects reloaded= 0
========================================================================
Received Prepare
Begin MonoManager ReloadAssembly
Thread 0x299a47000 may have been prematurely finalized
- Loaded All Assemblies, in  0.546 seconds
Refreshing native plugins compatible for Editor in 0.38 ms, found 3 plugins.
Native extension for iOS target not found
Native extension for Android target not found
Native extension for OSXStandalone target not found
Native extension for WebGL target not found
Mono: successfully reloaded assembly
- Finished resetting the current domain, in  0.506 seconds
Domain Reload Profiling: 1054ms
	BeginReloadAssembly (180ms)
		ExecutionOrderSort (0ms)
		DisableScriptedObjects (23ms)
		BackupInstance (0ms)
		ReleaseScriptingObjects (0ms)
		CreateAndSetChildDomain (69ms)
	RebuildCommonClasses (32ms)
	RebuildNativeTypeToScriptingClass (10ms)
	initialDomainReloadingComplete (17ms)
	LoadAllAssembliesAndSetupDomain (308ms)
		LoadAssemblies (231ms)
		RebuildTransferFunctionScriptingTraits (0ms)
		AnalyzeDomain (128ms)
			TypeCache.Refresh (11ms)
				TypeCache.ScanAssembly (1ms)
			BuildScriptInfoCaches (110ms)
			ResolveRequiredComponents (4ms)
	FinalizeReload (506ms)
		ReleaseScriptCaches (0ms)
		RebuildScriptCaches (0ms)
		SetupLoadedEditorAssemblies (408ms)
			LogAssemblyErrors (0ms)
			InitializePlatformSupportModulesInManaged (13ms)
			SetLoadedEditorAssemblies (3ms)
			BeforeProcessingInitializeOnLoad (79ms)
			ProcessInitializeOnLoadAttributes (286ms)
			ProcessInitializeOnLoadMethodAttributes (25ms)
			AfterProcessingInitializeOnLoad (1ms)
			EditorAssembliesLoaded (0ms)
		ExecutionOrderSort2 (0ms)
		AwakeInstancesAfterBackupRestoration (3ms)
Refreshing native plugins compatible for Editor in 0.42 ms, found 3 plugins.
Preloading 0 native plugins for Editor in 0.00 ms.
Unloading 0 Unused Serialized files (Serialized files now loaded: 0)
Unloading 4755 unused Assets / (1.0 MB). Loaded Objects now: 5615.
Memory consumption went from 98.0 MB to 97.0 MB.
Total: 4.972375 ms (FindLiveObjects: 0.242834 ms CreateObjectMapping: 0.143125 ms MarkObjects: 3.725708 ms  DeleteObjects: 0.859709 ms)

Prepare: number of updated asset objects reloaded= 0
========================================================================
Received Prepare
Refreshing native plugins compatible for Editor in 0.68 ms, found 3 plugins.
Preloading 0 native plugins for Editor in 0.00 ms.
Unloading 0 Unused Serialized files (Serialized files now loaded: 0)
Unloading 4744 unused Assets / (0.7 MB). Loaded Objects now: 5615.
Memory consumption went from 89.9 MB to 89.2 MB.
Total: 22.369500 ms (FindLiveObjects: 0.347375 ms CreateObjectMapping: 0.145667 ms MarkObjects: 21.078416 ms  DeleteObjects: 0.797083 ms)

Prepare: number of updated asset objects reloaded= 0
========================================================================
Received Prepare
Begin MonoManager ReloadAssembly
Thread 0x29a893000 may have been prematurely finalized
- Loaded All Assemblies, in  0.578 seconds
Refreshing native plugins compatible for Editor in 0.37 ms, found 3 plugins.
Native extension for iOS target not found
Native extension for Android target not found
Native extension for OSXStandalone target not found
Native extension for WebGL target not found
Mono: successfully reloaded assembly
- Finished resetting the current domain, in  0.562 seconds
Domain Reload Profiling: 1142ms
	BeginReloadAssembly (196ms)
		ExecutionOrderSort (0ms)
		DisableScriptedObjects (14ms)
		BackupInstance (0ms)
		ReleaseScriptingObjects (0ms)
		CreateAndSetChildDomain (67ms)
	RebuildCommonClasses (36ms)
	RebuildNativeTypeToScriptingClass (11ms)
	initialDomainReloadingComplete (20ms)
	LoadAllAssembliesAndSetupDomain (316ms)
		LoadAssemblies (243ms)
		RebuildTransferFunctionScriptingTraits (0ms)
		AnalyzeDomain (143ms)
			TypeCache.Refresh (10ms)
				TypeCache.ScanAssembly (1ms)
			BuildScriptInfoCaches (127ms)
			ResolveRequiredComponents (4ms)
	FinalizeReload (563ms)
		ReleaseScriptCaches (0ms)
		RebuildScriptCaches (0ms)
		SetupLoadedEditorAssemblies (462ms)
			LogAssemblyErrors (0ms)
			InitializePlatformSupportModulesInManaged (15ms)
			SetLoadedEditorAssemblies (4ms)
			BeforeProcessingInitializeOnLoad (90ms)
			ProcessInitializeOnLoadAttributes (323ms)
			ProcessInitializeOnLoadMethodAttributes (30ms)
			AfterProcessingInitializeOnLoad (1ms)
			EditorAssembliesLoaded (0ms)
		ExecutionOrderSort2 (0ms)
		AwakeInstancesAfterBackupRestoration (2ms)
Refreshing native plugins compatible for Editor in 0.43 ms, found 3 plugins.
Preloading 0 native plugins for Editor in 0.00 ms.
Unloading 0 Unused Serialized files (Serialized files now loaded: 0)
Unloading 4755 unused Assets / (0.9 MB). Loaded Objects now: 5617.
Memory consumption went from 98.0 MB to 97.1 MB.
Total: 5.001458 ms (FindLiveObjects: 0.263333 ms CreateObjectMapping: 0.137416 ms MarkObjects: 3.912209 ms  DeleteObjects: 0.688000 ms)

Prepare: number of updated asset objects reloaded= 0
========================================================================
Received Prepare
Begin MonoManager ReloadAssembly
Thread 0x2afa07000 may have been prematurely finalized
- Loaded All Assemblies, in  0.462 seconds
Refreshing native plugins compatible for Editor in 0.36 ms, found 3 plugins.
Native extension for iOS target not found
Native extension for Android target not found
Native extension for OSXStandalone target not found
Native extension for WebGL target not found
Mono: successfully reloaded assembly
- Finished resetting the current domain, in  0.518 seconds
Domain Reload Profiling: 982ms
	BeginReloadAssembly (114ms)
		ExecutionOrderSort (0ms)
		DisableScriptedObjects (9ms)
		BackupInstance (0ms)
		ReleaseScriptingObjects (0ms)
		CreateAndSetChildDomain (45ms)
	RebuildCommonClasses (33ms)
	RebuildNativeTypeToScriptingClass (11ms)
	initialDomainReloadingComplete (16ms)
	LoadAllAssembliesAndSetupDomain (290ms)
		LoadAssemblies (199ms)
		RebuildTransferFunctionScriptingTraits (0ms)
		AnalyzeDomain (123ms)
			TypeCache.Refresh (7ms)
				TypeCache.ScanAssembly (0ms)
			BuildScriptInfoCaches (110ms)
			ResolveRequiredComponents (5ms)
	FinalizeReload (519ms)
		ReleaseScriptCaches (0ms)
		RebuildScriptCaches (0ms)
		SetupLoadedEditorAssemblies (418ms)
			LogAssemblyErrors (0ms)
			InitializePlatformSupportModulesInManaged (13ms)
			SetLoadedEditorAssemblies (3ms)
			BeforeProcessingInitializeOnLoad (77ms)
			ProcessInitializeOnLoadAttributes (295ms)
			ProcessInitializeOnLoadMethodAttributes (28ms)
			AfterProcessingInitializeOnLoad (1ms)
			EditorAssembliesLoaded (0ms)
		ExecutionOrderSort2 (0ms)
		AwakeInstancesAfterBackupRestoration (3ms)
Refreshing native plugins compatible for Editor in 0.43 ms, found 3 plugins.
Preloading 0 native plugins for Editor in 0.00 ms.
Unloading 0 Unused Serialized files (Serialized files now loaded: 0)
Unloading 4755 unused Assets / (0.9 MB). Loaded Objects now: 5619.
Memory consumption went from 98.0 MB to 97.2 MB.
Total: 4.924625 ms (FindLiveObjects: 0.238750 ms CreateObjectMapping: 0.126708 ms MarkObjects: 3.765875 ms  DeleteObjects: 0.792666 ms)

Prepare: number of updated asset objects reloaded= 0
========================================================================
Received Prepare
Begin MonoManager ReloadAssembly
Thread 0x299013000 may have been prematurely finalized
- Loaded All Assemblies, in  0.522 seconds
Refreshing native plugins compatible for Editor in 0.41 ms, found 3 plugins.
Native extension for iOS target not found
Native extension for Android target not found
Native extension for OSXStandalone target not found
Native extension for WebGL target not found
Mono: successfully reloaded assembly
- Finished resetting the current domain, in  0.511 seconds
Domain Reload Profiling: 1035ms
	BeginReloadAssembly (158ms)
		ExecutionOrderSort (0ms)
		DisableScriptedObjects (12ms)
		BackupInstance (0ms)
		ReleaseScriptingObjects (0ms)
		CreateAndSetChildDomain (73ms)
	RebuildCommonClasses (39ms)
	RebuildNativeTypeToScriptingClass (12ms)
	initialDomainReloadingComplete (20ms)
	LoadAllAssembliesAndSetupDomain (295ms)
		LoadAssemblies (202ms)
		RebuildTransferFunctionScriptingTraits (0ms)
		AnalyzeDomain (133ms)
			TypeCache.Refresh (8ms)
				TypeCache.ScanAssembly (0ms)
			BuildScriptInfoCaches (118ms)
			ResolveRequiredComponents (4ms)
	FinalizeReload (512ms)
		ReleaseScriptCaches (0ms)
		RebuildScriptCaches (0ms)
		SetupLoadedEditorAssemblies (413ms)
			LogAssemblyErrors (0ms)
			InitializePlatformSupportModulesInManaged (14ms)
			SetLoadedEditorAssemblies (4ms)
			BeforeProcessingInitializeOnLoad (79ms)
			ProcessInitializeOnLoadAttributes (288ms)
			ProcessInitializeOnLoadMethodAttributes (27ms)
			AfterProcessingInitializeOnLoad (1ms)
			EditorAssembliesLoaded (0ms)
		ExecutionOrderSort2 (0ms)
		AwakeInstancesAfterBackupRestoration (3ms)
Refreshing native plugins compatible for Editor in 0.67 ms, found 3 plugins.
Preloading 0 native plugins for Editor in 0.00 ms.
Unloading 0 Unused Serialized files (Serialized files now loaded: 0)
Unloading 4755 unused Assets / (0.9 MB). Loaded Objects now: 5621.
Memory consumption went from 98.0 MB to 97.1 MB.
Total: 4.907750 ms (FindLiveObjects: 0.250500 ms CreateObjectMapping: 0.202833 ms MarkObjects: 3.652792 ms  DeleteObjects: 0.800792 ms)

Prepare: number of updated asset objects reloaded= 0
========================================================================
Received Prepare
Begin MonoManager ReloadAssembly
Thread 0x299013000 may have been prematurely finalized
- Loaded All Assemblies, in  0.456 seconds
Refreshing native plugins compatible for Editor in 0.38 ms, found 3 plugins.
Native extension for iOS target not found
Native extension for Android target not found
Native extension for OSXStandalone target not found
Native extension for WebGL target not found
Mono: successfully reloaded assembly
- Finished resetting the current domain, in  0.499 seconds
Domain Reload Profiling: 957ms
	BeginReloadAssembly (111ms)
		ExecutionOrderSort (0ms)
		DisableScriptedObjects (9ms)
		BackupInstance (0ms)
		ReleaseScriptingObjects (0ms)
		CreateAndSetChildDomain (43ms)
	RebuildCommonClasses (33ms)
	RebuildNativeTypeToScriptingClass (11ms)
	initialDomainReloadingComplete (16ms)
	LoadAllAssembliesAndSetupDomain (287ms)
		LoadAssemblies (196ms)
		RebuildTransferFunctionScriptingTraits (0ms)
		AnalyzeDomain (121ms)
			TypeCache.Refresh (8ms)
				TypeCache.ScanAssembly (0ms)
			BuildScriptInfoCaches (106ms)
			ResolveRequiredComponents (4ms)
	FinalizeReload (499ms)
		ReleaseScriptCaches (0ms)
		RebuildScriptCaches (0ms)
		SetupLoadedEditorAssemblies (402ms)
			LogAssemblyErrors (0ms)
			InitializePlatformSupportModulesInManaged (13ms)
			SetLoadedEditorAssemblies (3ms)
			BeforeProcessingInitializeOnLoad (75ms)
			ProcessInitializeOnLoadAttributes (282ms)
			ProcessInitializeOnLoadMethodAttributes (28ms)
			AfterProcessingInitializeOnLoad (1ms)
			EditorAssembliesLoaded (0ms)
		ExecutionOrderSort2 (0ms)
		AwakeInstancesAfterBackupRestoration (3ms)
Refreshing native plugins compatible for Editor in 0.61 ms, found 3 plugins.
Preloading 0 native plugins for Editor in 0.00 ms.
Unloading 0 Unused Serialized files (Serialized files now loaded: 0)
Unloading 4755 unused Assets / (0.9 MB). Loaded Objects now: 5623.
Memory consumption went from 98.0 MB to 97.1 MB.
Total: 5.129750 ms (FindLiveObjects: 0.358333 ms CreateObjectMapping: 0.139375 ms MarkObjects: 3.814208 ms  DeleteObjects: 0.817042 ms)

Prepare: number of updated asset objects reloaded= 0
========================================================================
Received Prepare
Begin MonoManager ReloadAssembly
Thread 0x299013000 may have been prematurely finalized
- Loaded All Assemblies, in  0.447 seconds
Refreshing native plugins compatible for Editor in 0.37 ms, found 3 plugins.
Native extension for iOS target not found
Native extension for Android target not found
Native extension for OSXStandalone target not found
Native extension for WebGL target not found
Mono: successfully reloaded assembly
- Finished resetting the current domain, in  0.482 seconds
Domain Reload Profiling: 932ms
	BeginReloadAssembly (110ms)
		ExecutionOrderSort (0ms)
		DisableScriptedObjects (9ms)
		BackupInstance (0ms)
		ReleaseScriptingObjects (0ms)
		CreateAndSetChildDomain (45ms)
	RebuildCommonClasses (32ms)
	RebuildNativeTypeToScriptingClass (10ms)
	initialDomainReloadingComplete (15ms)
	LoadAllAssembliesAndSetupDomain (282ms)
		LoadAssemblies (192ms)
		RebuildTransferFunctionScriptingTraits (0ms)
		AnalyzeDomain (120ms)
			TypeCache.Refresh (7ms)
				TypeCache.ScanAssembly (0ms)
			BuildScriptInfoCaches (106ms)
			ResolveRequiredComponents (4ms)
	FinalizeReload (483ms)
		ReleaseScriptCaches (0ms)
		RebuildScriptCaches (0ms)
		SetupLoadedEditorAssemblies (391ms)
			LogAssemblyErrors (0ms)
			InitializePlatformSupportModulesInManaged (13ms)
			SetLoadedEditorAssemblies (3ms)
			BeforeProcessingInitializeOnLoad (78ms)
			ProcessInitializeOnLoadAttributes (270ms)
			ProcessInitializeOnLoadMethodAttributes (27ms)
			AfterProcessingInitializeOnLoad (1ms)
			EditorAssembliesLoaded (0ms)
		ExecutionOrderSort2 (0ms)
		AwakeInstancesAfterBackupRestoration (2ms)
Refreshing native plugins compatible for Editor in 0.53 ms, found 3 plugins.
Preloading 0 native plugins for Editor in 0.00 ms.
Unloading 0 Unused Serialized files (Serialized files now loaded: 0)
Unloading 4755 unused Assets / (0.7 MB). Loaded Objects now: 5625.
Memory consumption went from 98.0 MB to 97.3 MB.
Total: 5.227334 ms (FindLiveObjects: 0.306292 ms CreateObjectMapping: 0.187458 ms MarkObjects: 3.954875 ms  DeleteObjects: 0.778042 ms)

Prepare: number of updated asset objects reloaded= 0
========================================================================
Received Prepare
Begin MonoManager ReloadAssembly
Thread 0x299013000 may have been prematurely finalized
- Loaded All Assemblies, in  0.583 seconds
Refreshing native plugins compatible for Editor in 0.36 ms, found 3 plugins.
Native extension for iOS target not found
Native extension for Android target not found
Native extension for OSXStandalone target not found
Native extension for WebGL target not found
Mono: successfully reloaded assembly
- Finished resetting the current domain, in  0.531 seconds
Domain Reload Profiling: 1116ms
	BeginReloadAssembly (199ms)
		ExecutionOrderSort (0ms)
		DisableScriptedObjects (14ms)
		BackupInstance (0ms)
		ReleaseScriptingObjects (0ms)
		CreateAndSetChildDomain (66ms)
	RebuildCommonClasses (39ms)
	RebuildNativeTypeToScriptingClass (11ms)
	initialDomainReloadingComplete (17ms)
	LoadAllAssembliesAndSetupDomain (318ms)
		LoadAssemblies (255ms)
		RebuildTransferFunctionScriptingTraits (0ms)
		AnalyzeDomain (139ms)
			TypeCache.Refresh (11ms)
				TypeCache.ScanAssembly (1ms)
			BuildScriptInfoCaches (121ms)
			ResolveRequiredComponents (4ms)
	FinalizeReload (531ms)
		ReleaseScriptCaches (0ms)
		RebuildScriptCaches (0ms)
		SetupLoadedEditorAssemblies (436ms)
			LogAssemblyErrors (0ms)
			InitializePlatformSupportModulesInManaged (13ms)
			SetLoadedEditorAssemblies (3ms)
			BeforeProcessingInitializeOnLoad (79ms)
			ProcessInitializeOnLoadAttributes (306ms)
			ProcessInitializeOnLoadMethodAttributes (34ms)
			AfterProcessingInitializeOnLoad (1ms)
			EditorAssembliesLoaded (0ms)
		ExecutionOrderSort2 (0ms)
		AwakeInstancesAfterBackupRestoration (3ms)
Refreshing native plugins compatible for Editor in 0.53 ms, found 3 plugins.
Preloading 0 native plugins for Editor in 0.00 ms.
Unloading 0 Unused Serialized files (Serialized files now loaded: 0)
Unloading 4755 unused Assets / (1.1 MB). Loaded Objects now: 5627.
Memory consumption went from 98.0 MB to 96.9 MB.
Total: 5.679917 ms (FindLiveObjects: 0.271167 ms CreateObjectMapping: 0.139833 ms MarkObjects: 4.315209 ms  DeleteObjects: 0.952500 ms)

Prepare: number of updated asset objects reloaded= 0
========================================================================
Received Prepare
Begin MonoManager ReloadAssembly
Thread 0x299013000 may have been prematurely finalized
- Loaded All Assemblies, in  0.470 seconds
Refreshing native plugins compatible for Editor in 0.37 ms, found 3 plugins.
Native extension for iOS target not found
Native extension for Android target not found
Native extension for OSXStandalone target not found
Native extension for WebGL target not found
Mono: successfully reloaded assembly
- Finished resetting the current domain, in  0.520 seconds
Domain Reload Profiling: 993ms
	BeginReloadAssembly (110ms)
		ExecutionOrderSort (0ms)
		DisableScriptedObjects (9ms)
		BackupInstance (0ms)
		ReleaseScriptingObjects (0ms)
		CreateAndSetChildDomain (43ms)
	RebuildCommonClasses (31ms)
	RebuildNativeTypeToScriptingClass (10ms)
	initialDomainReloadingComplete (14ms)
	LoadAllAssembliesAndSetupDomain (306ms)
		LoadAssemblies (214ms)
		RebuildTransferFunctionScriptingTraits (0ms)
		AnalyzeDomain (124ms)
			TypeCache.Refresh (7ms)
				TypeCache.ScanAssembly (0ms)
			BuildScriptInfoCaches (111ms)
			ResolveRequiredComponents (4ms)
	FinalizeReload (521ms)
		ReleaseScriptCaches (0ms)
		RebuildScriptCaches (0ms)
		SetupLoadedEditorAssemblies (423ms)
			LogAssemblyErrors (0ms)
			InitializePlatformSupportModulesInManaged (12ms)
			SetLoadedEditorAssemblies (3ms)
			BeforeProcessingInitializeOnLoad (81ms)
			ProcessInitializeOnLoadAttributes (297ms)
			ProcessInitializeOnLoadMethodAttributes (29ms)
			AfterProcessingInitializeOnLoad (1ms)
			EditorAssembliesLoaded (0ms)
		ExecutionOrderSort2 (0ms)
		AwakeInstancesAfterBackupRestoration (3ms)
Refreshing native plugins compatible for Editor in 0.45 ms, found 3 plugins.
Preloading 0 native plugins for Editor in 0.00 ms.
Unloading 0 Unused Serialized files (Serialized files now loaded: 0)
Unloading 4755 unused Assets / (0.9 MB). Loaded Objects now: 5629.
Memory consumption went from 98.0 MB to 97.1 MB.
Total: 5.457417 ms (FindLiveObjects: 0.256292 ms CreateObjectMapping: 0.134083 ms MarkObjects: 4.157167 ms  DeleteObjects: 0.909375 ms)

Prepare: number of updated asset objects reloaded= 0
========================================================================
Received Prepare
Begin MonoManager ReloadAssembly
Thread 0x299013000 may have been prematurely finalized
- Loaded All Assemblies, in  0.537 seconds
Refreshing native plugins compatible for Editor in 0.50 ms, found 3 plugins.
Native extension for iOS target not found
Native extension for Android target not found
Native extension for OSXStandalone target not found
Native extension for WebGL target not found
Mono: successfully reloaded assembly
- Finished resetting the current domain, in  0.654 seconds
Domain Reload Profiling: 1194ms
	BeginReloadAssembly (110ms)
		ExecutionOrderSort (0ms)
		DisableScriptedObjects (9ms)
		BackupInstance (0ms)
		ReleaseScriptingObjects (0ms)
		CreateAndSetChildDomain (44ms)
	RebuildCommonClasses (33ms)
	RebuildNativeTypeToScriptingClass (10ms)
	initialDomainReloadingComplete (15ms)
	LoadAllAssembliesAndSetupDomain (371ms)
		LoadAssemblies (236ms)
		RebuildTransferFunctionScriptingTraits (0ms)
		AnalyzeDomain (164ms)
			TypeCache.Refresh (10ms)
				TypeCache.ScanAssembly (0ms)
			BuildScriptInfoCaches (145ms)
			ResolveRequiredComponents (5ms)
	FinalizeReload (654ms)
		ReleaseScriptCaches (0ms)
		RebuildScriptCaches (0ms)
		SetupLoadedEditorAssemblies (530ms)
			LogAssemblyErrors (0ms)
			InitializePlatformSupportModulesInManaged (16ms)
			SetLoadedEditorAssemblies (4ms)
			BeforeProcessingInitializeOnLoad (93ms)
			ProcessInitializeOnLoadAttributes (387ms)
			ProcessInitializeOnLoadMethodAttributes (29ms)
			AfterProcessingInitializeOnLoad (1ms)
			EditorAssembliesLoaded (0ms)
		ExecutionOrderSort2 (0ms)
		AwakeInstancesAfterBackupRestoration (3ms)
Refreshing native plugins compatible for Editor in 0.64 ms, found 3 plugins.
Preloading 0 native plugins for Editor in 0.00 ms.
Unloading 0 Unused Serialized files (Serialized files now loaded: 0)
Unloading 4755 unused Assets / (0.7 MB). Loaded Objects now: 5631.
Memory consumption went from 98.0 MB to 97.3 MB.
Total: 6.277625 ms (FindLiveObjects: 0.402583 ms CreateObjectMapping: 0.174667 ms MarkObjects: 4.748917 ms  DeleteObjects: 0.950625 ms)

Prepare: number of updated asset objects reloaded= 0
========================================================================
Received Prepare
Begin MonoManager ReloadAssembly
Thread 0x299013000 may have been prematurely finalized
- Loaded All Assemblies, in  0.496 seconds
Refreshing native plugins compatible for Editor in 0.42 ms, found 3 plugins.
Native extension for iOS target not found
Native extension for Android target not found
Native extension for OSXStandalone target not found
Native extension for WebGL target not found
Mono: successfully reloaded assembly
- Finished resetting the current domain, in  0.496 seconds
Domain Reload Profiling: 994ms
	BeginReloadAssembly (125ms)
		ExecutionOrderSort (0ms)
		DisableScriptedObjects (8ms)
		BackupInstance (0ms)
		ReleaseScriptingObjects (0ms)
		CreateAndSetChildDomain (55ms)
	RebuildCommonClasses (42ms)
	RebuildNativeTypeToScriptingClass (12ms)
	initialDomainReloadingComplete (27ms)
	LoadAllAssembliesAndSetupDomain (292ms)
		LoadAssemblies (208ms)
		RebuildTransferFunctionScriptingTraits (0ms)
		AnalyzeDomain (119ms)
			TypeCache.Refresh (10ms)
				TypeCache.ScanAssembly (1ms)
			BuildScriptInfoCaches (102ms)
			ResolveRequiredComponents (4ms)
	FinalizeReload (496ms)
		ReleaseScriptCaches (0ms)
		RebuildScriptCaches (0ms)
		SetupLoadedEditorAssemblies (397ms)
			LogAssemblyErrors (0ms)
			InitializePlatformSupportModulesInManaged (15ms)
			SetLoadedEditorAssemblies (4ms)
			BeforeProcessingInitializeOnLoad (81ms)
			ProcessInitializeOnLoadAttributes (271ms)
			ProcessInitializeOnLoadMethodAttributes (26ms)
			AfterProcessingInitializeOnLoad (1ms)
			EditorAssembliesLoaded (0ms)
		ExecutionOrderSort2 (0ms)
		AwakeInstancesAfterBackupRestoration (2ms)
Refreshing native plugins compatible for Editor in 0.58 ms, found 3 plugins.
Preloading 0 native plugins for Editor in 0.00 ms.
Unloading 0 Unused Serialized files (Serialized files now loaded: 0)
Unloading 4755 unused Assets / (1.0 MB). Loaded Objects now: 5633.
Memory consumption went from 98.0 MB to 97.0 MB.
Total: 4.728375 ms (FindLiveObjects: 0.242125 ms CreateObjectMapping: 0.133708 ms MarkObjects: 3.688042 ms  DeleteObjects: 0.662875 ms)

Prepare: number of updated asset objects reloaded= 0
========================================================================
Received Prepare
Begin MonoManager ReloadAssembly
Thread 0x299013000 may have been prematurely finalized
- Loaded All Assemblies, in  0.477 seconds
Refreshing native plugins compatible for Editor in 0.39 ms, found 3 plugins.
Native extension for iOS target not found
Native extension for Android target not found
Native extension for OSXStandalone target not found
Native extension for WebGL target not found
Mono: successfully reloaded assembly
- Finished resetting the current domain, in  0.557 seconds
Domain Reload Profiling: 1036ms
	BeginReloadAssembly (107ms)
		ExecutionOrderSort (0ms)
		DisableScriptedObjects (8ms)
		BackupInstance (0ms)
		ReleaseScriptingObjects (0ms)
		CreateAndSetChildDomain (43ms)
	RebuildCommonClasses (32ms)
	RebuildNativeTypeToScriptingClass (10ms)
	initialDomainReloadingComplete (15ms)
	LoadAllAssembliesAndSetupDomain (315ms)
		LoadAssemblies (211ms)
		RebuildTransferFunctionScriptingTraits (0ms)
		AnalyzeDomain (131ms)
			TypeCache.Refresh (10ms)
				TypeCache.ScanAssembly (0ms)
			BuildScriptInfoCaches (114ms)
			ResolveRequiredComponents (5ms)
	FinalizeReload (557ms)
		ReleaseScriptCaches (0ms)
		RebuildScriptCaches (0ms)
		SetupLoadedEditorAssemblies (460ms)
			LogAssemblyErrors (0ms)
			InitializePlatformSupportModulesInManaged (13ms)
			SetLoadedEditorAssemblies (4ms)
			BeforeProcessingInitializeOnLoad (94ms)
			ProcessInitializeOnLoadAttributes (317ms)
			ProcessInitializeOnLoadMethodAttributes (31ms)
			AfterProcessingInitializeOnLoad (1ms)
			EditorAssembliesLoaded (0ms)
		ExecutionOrderSort2 (0ms)
		AwakeInstancesAfterBackupRestoration (3ms)
Refreshing native plugins compatible for Editor in 0.49 ms, found 3 plugins.
Preloading 0 native plugins for Editor in 0.00 ms.
Unloading 0 Unused Serialized files (Serialized files now loaded: 0)
Unloading 4755 unused Assets / (0.8 MB). Loaded Objects now: 5635.
Memory consumption went from 98.0 MB to 97.2 MB.
Total: 5.785292 ms (FindLiveObjects: 0.279500 ms CreateObjectMapping: 0.170125 ms MarkObjects: 4.406000 ms  DeleteObjects: 0.929125 ms)

Prepare: number of updated asset objects reloaded= 0
========================================================================
Received Prepare
Begin MonoManager ReloadAssembly
Thread 0x299013000 may have been prematurely finalized
- Loaded All Assemblies, in  0.540 seconds
Refreshing native plugins compatible for Editor in 0.39 ms, found 3 plugins.
Native extension for iOS target not found
Native extension for Android target not found
Native extension for OSXStandalone target not found
Native extension for WebGL target not found
Mono: successfully reloaded assembly
- Finished resetting the current domain, in  0.564 seconds
Domain Reload Profiling: 1105ms
	BeginReloadAssembly (166ms)
		ExecutionOrderSort (0ms)
		DisableScriptedObjects (20ms)
		BackupInstance (0ms)
		ReleaseScriptingObjects (0ms)
		CreateAndSetChildDomain (65ms)
	RebuildCommonClasses (34ms)
	RebuildNativeTypeToScriptingClass (11ms)
	initialDomainReloadingComplete (21ms)
	LoadAllAssembliesAndSetupDomain (309ms)
		LoadAssemblies (233ms)
		RebuildTransferFunctionScriptingTraits (0ms)
		AnalyzeDomain (124ms)
			TypeCache.Refresh (8ms)
				TypeCache.ScanAssembly (0ms)
			BuildScriptInfoCaches (109ms)
			ResolveRequiredComponents (5ms)
	FinalizeReload (564ms)
		ReleaseScriptCaches (0ms)
		RebuildScriptCaches (0ms)
		SetupLoadedEditorAssemblies (451ms)
			LogAssemblyErrors (0ms)
			InitializePlatformSupportModulesInManaged (17ms)
			SetLoadedEditorAssemblies (4ms)
			BeforeProcessingInitializeOnLoad (87ms)
			ProcessInitializeOnLoadAttributes (311ms)
			ProcessInitializeOnLoadMethodAttributes (32ms)
			AfterProcessingInitializeOnLoad (1ms)
			EditorAssembliesLoaded (0ms)
		ExecutionOrderSort2 (0ms)
		AwakeInstancesAfterBackupRestoration (3ms)
Refreshing native plugins compatible for Editor in 0.55 ms, found 3 plugins.
Preloading 0 native plugins for Editor in 0.00 ms.
Unloading 0 Unused Serialized files (Serialized files now loaded: 0)
Unloading 4755 unused Assets / (0.8 MB). Loaded Objects now: 5637.
Memory consumption went from 98.0 MB to 97.3 MB.
Total: 5.962583 ms (FindLiveObjects: 0.295916 ms CreateObjectMapping: 0.184250 ms MarkObjects: 4.455959 ms  DeleteObjects: 1.025625 ms)

Prepare: number of updated asset objects reloaded= 0
========================================================================
Received Prepare
Begin MonoManager ReloadAssembly
Thread 0x299013000 may have been prematurely finalized
- Loaded All Assemblies, in  0.461 seconds
Refreshing native plugins compatible for Editor in 0.46 ms, found 3 plugins.
Native extension for iOS target not found
Native extension for Android target not found
Native extension for OSXStandalone target not found
Native extension for WebGL target not found
Mono: successfully reloaded assembly
- Finished resetting the current domain, in  0.553 seconds
Domain Reload Profiling: 1016ms
	BeginReloadAssembly (110ms)
		ExecutionOrderSort (0ms)
		DisableScriptedObjects (8ms)
		BackupInstance (0ms)
		ReleaseScriptingObjects (0ms)
		CreateAndSetChildDomain (45ms)
	RebuildCommonClasses (33ms)
	RebuildNativeTypeToScriptingClass (11ms)
	initialDomainReloadingComplete (16ms)
	LoadAllAssembliesAndSetupDomain (294ms)
		LoadAssemblies (201ms)
		RebuildTransferFunctionScriptingTraits (0ms)
		AnalyzeDomain (122ms)
			TypeCache.Refresh (7ms)
				TypeCache.ScanAssembly (0ms)
			BuildScriptInfoCaches (109ms)
			ResolveRequiredComponents (5ms)
	FinalizeReload (553ms)
		ReleaseScriptCaches (0ms)
		RebuildScriptCaches (0ms)
		SetupLoadedEditorAssemblies (452ms)
			LogAssemblyErrors (0ms)
			InitializePlatformSupportModulesInManaged (14ms)
			SetLoadedEditorAssemblies (4ms)
			BeforeProcessingInitializeOnLoad (86ms)
			ProcessInitializeOnLoadAttributes (317ms)
			ProcessInitializeOnLoadMethodAttributes (31ms)
			AfterProcessingInitializeOnLoad (1ms)
			EditorAssembliesLoaded (0ms)
		ExecutionOrderSort2 (0ms)
		AwakeInstancesAfterBackupRestoration (3ms)
Refreshing native plugins compatible for Editor in 0.54 ms, found 3 plugins.
Preloading 0 native plugins for Editor in 0.00 ms.
Unloading 0 Unused Serialized files (Serialized files now loaded: 0)
Unloading 4755 unused Assets / (0.9 MB). Loaded Objects now: 5639.
Memory consumption went from 98.0 MB to 97.1 MB.
Total: 6.036584 ms (FindLiveObjects: 0.303625 ms CreateObjectMapping: 0.188125 ms MarkObjects: 4.556541 ms  DeleteObjects: 0.987917 ms)

Prepare: number of updated asset objects reloaded= 0
========================================================================
Received Prepare
Begin MonoManager ReloadAssembly
Thread 0x299013000 may have been prematurely finalized
- Loaded All Assemblies, in  0.599 seconds
Refreshing native plugins compatible for Editor in 0.58 ms, found 3 plugins.
Native extension for iOS target not found
Native extension for Android target not found
Native extension for OSXStandalone target not found
Native extension for WebGL target not found
Mono: successfully reloaded assembly
- Finished resetting the current domain, in  0.502 seconds
Domain Reload Profiling: 1104ms
	BeginReloadAssembly (205ms)
		ExecutionOrderSort (0ms)
		DisableScriptedObjects (13ms)
		BackupInstance (0ms)
		ReleaseScriptingObjects (0ms)
		CreateAndSetChildDomain (62ms)
	RebuildCommonClasses (36ms)
	RebuildNativeTypeToScriptingClass (11ms)
	initialDomainReloadingComplete (17ms)
	LoadAllAssembliesAndSetupDomain (332ms)
		LoadAssemblies (269ms)
		RebuildTransferFunctionScriptingTraits (0ms)
		AnalyzeDomain (148ms)
			TypeCache.Refresh (12ms)
				TypeCache.ScanAssembly (1ms)
			BuildScriptInfoCaches (129ms)
			ResolveRequiredComponents (5ms)
	FinalizeReload (502ms)
		ReleaseScriptCaches (0ms)
		RebuildScriptCaches (0ms)
		SetupLoadedEditorAssemblies (400ms)
			LogAssemblyErrors (0ms)
			InitializePlatformSupportModulesInManaged (13ms)
			SetLoadedEditorAssemblies (4ms)
			BeforeProcessingInitializeOnLoad (75ms)
			ProcessInitializeOnLoadAttributes (280ms)
			ProcessInitializeOnLoadMethodAttributes (28ms)
			AfterProcessingInitializeOnLoad (1ms)
			EditorAssembliesLoaded (0ms)
		ExecutionOrderSort2 (0ms)
		AwakeInstancesAfterBackupRestoration (3ms)
Refreshing native plugins compatible for Editor in 0.48 ms, found 3 plugins.
Preloading 0 native plugins for Editor in 0.00 ms.
Unloading 0 Unused Serialized files (Serialized files now loaded: 0)
Unloading 4755 unused Assets / (1.1 MB). Loaded Objects now: 5641.
Memory consumption went from 98.0 MB to 97.0 MB.
Total: 5.670708 ms (FindLiveObjects: 0.254500 ms CreateObjectMapping: 0.126000 ms MarkObjects: 4.315875 ms  DeleteObjects: 0.973625 ms)

Prepare: number of updated asset objects reloaded= 0
========================================================================
Received Prepare
Begin MonoManager ReloadAssembly
Thread 0x299013000 may have been prematurely finalized
- Loaded All Assemblies, in  0.449 seconds
Refreshing native plugins compatible for Editor in 0.36 ms, found 3 plugins.
Native extension for iOS target not found
Native extension for Android target not found
Native extension for OSXStandalone target not found
Native extension for WebGL target not found
Mono: successfully reloaded assembly
- Finished resetting the current domain, in  0.531 seconds
Domain Reload Profiling: 983ms
	BeginReloadAssembly (111ms)
		ExecutionOrderSort (0ms)
		DisableScriptedObjects (9ms)
		BackupInstance (0ms)
		ReleaseScriptingObjects (0ms)
		CreateAndSetChildDomain (44ms)
	RebuildCommonClasses (33ms)
	RebuildNativeTypeToScriptingClass (12ms)
	initialDomainReloadingComplete (16ms)
	LoadAllAssembliesAndSetupDomain (279ms)
		LoadAssemblies (194ms)
		RebuildTransferFunctionScriptingTraits (0ms)
		AnalyzeDomain (116ms)
			TypeCache.Refresh (6ms)
				TypeCache.ScanAssembly (0ms)
			BuildScriptInfoCaches (103ms)
			ResolveRequiredComponents (4ms)
	FinalizeReload (532ms)
		ReleaseScriptCaches (0ms)
		RebuildScriptCaches (0ms)
		SetupLoadedEditorAssemblies (439ms)
			LogAssemblyErrors (0ms)
			InitializePlatformSupportModulesInManaged (13ms)
			SetLoadedEditorAssemblies (3ms)
			BeforeProcessingInitializeOnLoad (77ms)
			ProcessInitializeOnLoadAttributes (315ms)
			ProcessInitializeOnLoadMethodAttributes (29ms)
			AfterProcessingInitializeOnLoad (1ms)
			EditorAssembliesLoaded (0ms)
		ExecutionOrderSort2 (0ms)
		AwakeInstancesAfterBackupRestoration (3ms)
Refreshing native plugins compatible for Editor in 0.46 ms, found 3 plugins.
Preloading 0 native plugins for Editor in 0.00 ms.
Unloading 0 Unused Serialized files (Serialized files now loaded: 0)
Unloading 4755 unused Assets / (0.6 MB). Loaded Objects now: 5643.
Memory consumption went from 98.0 MB to 97.5 MB.
Total: 5.190959 ms (FindLiveObjects: 0.264166 ms CreateObjectMapping: 0.139542 ms MarkObjects: 3.951792 ms  DeleteObjects: 0.835042 ms)

Prepare: number of updated asset objects reloaded= 0
========================================================================
Received Prepare
Begin MonoManager ReloadAssembly
Thread 0x299013000 may have been prematurely finalized
- Loaded All Assemblies, in  0.582 seconds
Refreshing native plugins compatible for Editor in 0.42 ms, found 3 plugins.
Native extension for iOS target not found
Native extension for Android target not found
Native extension for OSXStandalone target not found
Native extension for WebGL target not found
Mono: successfully reloaded assembly
- Finished resetting the current domain, in  0.496 seconds
Domain Reload Profiling: 1079ms
	BeginReloadAssembly (207ms)
		ExecutionOrderSort (0ms)
		DisableScriptedObjects (25ms)
		BackupInstance (0ms)
		ReleaseScriptingObjects (0ms)
		CreateAndSetChildDomain (70ms)
	RebuildCommonClasses (35ms)
	RebuildNativeTypeToScriptingClass (11ms)
	initialDomainReloadingComplete (17ms)
	LoadAllAssembliesAndSetupDomain (313ms)
		LoadAssemblies (246ms)
		RebuildTransferFunctionScriptingTraits (0ms)
		AnalyzeDomain (147ms)
			TypeCache.Refresh (17ms)
				TypeCache.ScanAssembly (1ms)
			BuildScriptInfoCaches (123ms)
			ResolveRequiredComponents (5ms)
	FinalizeReload (496ms)
		ReleaseScriptCaches (0ms)
		RebuildScriptCaches (0ms)
		SetupLoadedEditorAssemblies (392ms)
			LogAssemblyErrors (0ms)
			InitializePlatformSupportModulesInManaged (15ms)
			SetLoadedEditorAssemblies (4ms)
			BeforeProcessingInitializeOnLoad (80ms)
			ProcessInitializeOnLoadAttributes (265ms)
			ProcessInitializeOnLoadMethodAttributes (27ms)
			AfterProcessingInitializeOnLoad (1ms)
			EditorAssembliesLoaded (0ms)
		ExecutionOrderSort2 (0ms)
		AwakeInstancesAfterBackupRestoration (3ms)
Refreshing native plugins compatible for Editor in 0.49 ms, found 3 plugins.
Preloading 0 native plugins for Editor in 0.00 ms.
Unloading 0 Unused Serialized files (Serialized files now loaded: 0)
Unloading 4755 unused Assets / (176.5 KB). Loaded Objects now: 5645.
Memory consumption went from 98.0 MB to 97.9 MB.
Total: 4.978583 ms (FindLiveObjects: 0.260875 ms CreateObjectMapping: 0.134959 ms MarkObjects: 3.942041 ms  DeleteObjects: 0.640125 ms)

Prepare: number of updated asset objects reloaded= 0
========================================================================
Received Prepare
Begin MonoManager ReloadAssembly
Thread 0x299013000 may have been prematurely finalized
- Loaded All Assemblies, in  0.466 seconds
Refreshing native plugins compatible for Editor in 0.37 ms, found 3 plugins.
Native extension for iOS target not found
Native extension for Android target not found
Native extension for OSXStandalone target not found
Native extension for WebGL target not found
Mono: successfully reloaded assembly
- Finished resetting the current domain, in  0.539 seconds
Domain Reload Profiling: 1007ms
	BeginReloadAssembly (119ms)
		ExecutionOrderSort (0ms)
		DisableScriptedObjects (8ms)
		BackupInstance (0ms)
		ReleaseScriptingObjects (0ms)
		CreateAndSetChildDomain (45ms)
	RebuildCommonClasses (32ms)
	RebuildNativeTypeToScriptingClass (10ms)
	initialDomainReloadingComplete (15ms)
	LoadAllAssembliesAndSetupDomain (292ms)
		LoadAssemblies (216ms)
		RebuildTransferFunctionScriptingTraits (0ms)
		AnalyzeDomain (116ms)
			TypeCache.Refresh (6ms)
				TypeCache.ScanAssembly (0ms)
			BuildScriptInfoCaches (103ms)
			ResolveRequiredComponents (4ms)
	FinalizeReload (539ms)
		ReleaseScriptCaches (0ms)
		RebuildScriptCaches (0ms)
		SetupLoadedEditorAssemblies (444ms)
			LogAssemblyErrors (0ms)
			InitializePlatformSupportModulesInManaged (14ms)
			SetLoadedEditorAssemblies (4ms)
			BeforeProcessingInitializeOnLoad (78ms)
			ProcessInitializeOnLoadAttributes (319ms)
			ProcessInitializeOnLoadMethodAttributes (29ms)
			AfterProcessingInitializeOnLoad (1ms)
			EditorAssembliesLoaded (0ms)
		ExecutionOrderSort2 (0ms)
		AwakeInstancesAfterBackupRestoration (3ms)
Refreshing native plugins compatible for Editor in 0.45 ms, found 3 plugins.
Preloading 0 native plugins for Editor in 0.00 ms.
Unloading 0 Unused Serialized files (Serialized files now loaded: 0)
Unloading 4755 unused Assets / (1.0 MB). Loaded Objects now: 5647.
Memory consumption went from 98.0 MB to 97.1 MB.
Total: 5.330583 ms (FindLiveObjects: 0.287000 ms CreateObjectMapping: 0.132625 ms MarkObjects: 4.085334 ms  DeleteObjects: 0.824791 ms)

Prepare: number of updated asset objects reloaded= 0
========================================================================
Received Prepare
Begin MonoManager ReloadAssembly
Thread 0x299013000 may have been prematurely finalized
- Loaded All Assemblies, in  0.534 seconds
Refreshing native plugins compatible for Editor in 0.38 ms, found 3 plugins.
Native extension for iOS target not found
Native extension for Android target not found
Native extension for OSXStandalone target not found
Native extension for WebGL target not found
Mono: successfully reloaded assembly
- Finished resetting the current domain, in  0.522 seconds
Domain Reload Profiling: 1058ms
	BeginReloadAssembly (178ms)
		ExecutionOrderSort (0ms)
		DisableScriptedObjects (22ms)
		BackupInstance (0ms)
		ReleaseScriptingObjects (0ms)
		CreateAndSetChildDomain (82ms)
	RebuildCommonClasses (39ms)
	RebuildNativeTypeToScriptingClass (12ms)
	initialDomainReloadingComplete (17ms)
	LoadAllAssembliesAndSetupDomain (290ms)
		LoadAssemblies (208ms)
		RebuildTransferFunctionScriptingTraits (0ms)
		AnalyzeDomain (123ms)
			TypeCache.Refresh (7ms)
				TypeCache.ScanAssembly (0ms)
			BuildScriptInfoCaches (109ms)
			ResolveRequiredComponents (4ms)
	FinalizeReload (522ms)
		ReleaseScriptCaches (0ms)
		RebuildScriptCaches (0ms)
		SetupLoadedEditorAssemblies (429ms)
			LogAssemblyErrors (0ms)
			InitializePlatformSupportModulesInManaged (14ms)
			SetLoadedEditorAssemblies (3ms)
			BeforeProcessingInitializeOnLoad (79ms)
			ProcessInitializeOnLoadAttributes (302ms)
			ProcessInitializeOnLoadMethodAttributes (29ms)
			AfterProcessingInitializeOnLoad (1ms)
			EditorAssembliesLoaded (0ms)
		ExecutionOrderSort2 (0ms)
		AwakeInstancesAfterBackupRestoration (3ms)
Refreshing native plugins compatible for Editor in 0.44 ms, found 3 plugins.
Preloading 0 native plugins for Editor in 0.00 ms.
Unloading 0 Unused Serialized files (Serialized files now loaded: 0)
Unloading 4755 unused Assets / (0.9 MB). Loaded Objects now: 5649.
Memory consumption went from 98.0 MB to 97.2 MB.
Total: 5.229166 ms (FindLiveObjects: 0.277667 ms CreateObjectMapping: 0.131333 ms MarkObjects: 3.990833 ms  DeleteObjects: 0.828250 ms)

Prepare: number of updated asset objects reloaded= 0
========================================================================
Received Prepare
Begin MonoManager ReloadAssembly
Thread 0x299013000 may have been prematurely finalized
- Loaded All Assemblies, in  0.485 seconds
Refreshing native plugins compatible for Editor in 0.45 ms, found 3 plugins.
Native extension for iOS target not found
Native extension for Android target not found
Native extension for OSXStandalone target not found
Native extension for WebGL target not found
Mono: successfully reloaded assembly
- Finished resetting the current domain, in  0.558 seconds
Domain Reload Profiling: 1044ms
	BeginReloadAssembly (125ms)
		ExecutionOrderSort (0ms)
		DisableScriptedObjects (9ms)
		BackupInstance (0ms)
		ReleaseScriptingObjects (0ms)
		CreateAndSetChildDomain (51ms)
	RebuildCommonClasses (35ms)
	RebuildNativeTypeToScriptingClass (11ms)
	initialDomainReloadingComplete (16ms)
	LoadAllAssembliesAndSetupDomain (300ms)
		LoadAssemblies (211ms)
		RebuildTransferFunctionScriptingTraits (0ms)
		AnalyzeDomain (126ms)
			TypeCache.Refresh (11ms)
				TypeCache.ScanAssembly (0ms)
			BuildScriptInfoCaches (108ms)
			ResolveRequiredComponents (5ms)
	FinalizeReload (558ms)
		ReleaseScriptCaches (0ms)
		RebuildScriptCaches (0ms)
		SetupLoadedEditorAssemblies (454ms)
			LogAssemblyErrors (0ms)
			InitializePlatformSupportModulesInManaged (15ms)
			SetLoadedEditorAssemblies (4ms)
			BeforeProcessingInitializeOnLoad (86ms)
			ProcessInitializeOnLoadAttributes (317ms)
			ProcessInitializeOnLoadMethodAttributes (32ms)
			AfterProcessingInitializeOnLoad (1ms)
			EditorAssembliesLoaded (0ms)
		ExecutionOrderSort2 (0ms)
		AwakeInstancesAfterBackupRestoration (3ms)
Refreshing native plugins compatible for Editor in 0.53 ms, found 3 plugins.
Preloading 0 native plugins for Editor in 0.00 ms.
Unloading 0 Unused Serialized files (Serialized files now loaded: 0)
Unloading 4755 unused Assets / (0.8 MB). Loaded Objects now: 5651.
Memory consumption went from 98.1 MB to 97.2 MB.
Total: 5.855917 ms (FindLiveObjects: 0.367000 ms CreateObjectMapping: 0.152375 ms MarkObjects: 4.467292 ms  DeleteObjects: 0.868625 ms)

Prepare: number of updated asset objects reloaded= 0
========================================================================
Received Prepare
Begin MonoManager ReloadAssembly
Thread 0x299013000 may have been prematurely finalized
- Loaded All Assemblies, in  0.612 seconds
Refreshing native plugins compatible for Editor in 0.41 ms, found 3 plugins.
Native extension for iOS target not found
Native extension for Android target not found
Native extension for OSXStandalone target not found
Native extension for WebGL target not found
Mono: successfully reloaded assembly
- Finished resetting the current domain, in  0.494 seconds
Domain Reload Profiling: 1107ms
	BeginReloadAssembly (208ms)
		ExecutionOrderSort (0ms)
		DisableScriptedObjects (26ms)
		BackupInstance (0ms)
		ReleaseScriptingObjects (1ms)
		CreateAndSetChildDomain (89ms)
	RebuildCommonClasses (32ms)
	RebuildNativeTypeToScriptingClass (10ms)
	initialDomainReloadingComplete (23ms)
	LoadAllAssembliesAndSetupDomain (340ms)
		LoadAssemblies (222ms)
		RebuildTransferFunctionScriptingTraits (0ms)
		AnalyzeDomain (165ms)
			TypeCache.Refresh (14ms)
				TypeCache.ScanAssembly (1ms)
			BuildScriptInfoCaches (144ms)
			ResolveRequiredComponents (5ms)
	FinalizeReload (494ms)
		ReleaseScriptCaches (0ms)
		RebuildScriptCaches (0ms)
		SetupLoadedEditorAssemblies (392ms)
			LogAssemblyErrors (0ms)
			InitializePlatformSupportModulesInManaged (14ms)
			SetLoadedEditorAssemblies (4ms)
			BeforeProcessingInitializeOnLoad (79ms)
			ProcessInitializeOnLoadAttributes (268ms)
			ProcessInitializeOnLoadMethodAttributes (27ms)
			AfterProcessingInitializeOnLoad (1ms)
			EditorAssembliesLoaded (0ms)
		ExecutionOrderSort2 (0ms)
		AwakeInstancesAfterBackupRestoration (3ms)
Refreshing native plugins compatible for Editor in 0.46 ms, found 3 plugins.
Preloading 0 native plugins for Editor in 0.00 ms.
Unloading 0 Unused Serialized files (Serialized files now loaded: 0)
Unloading 4755 unused Assets / (1.0 MB). Loaded Objects now: 5653.
Memory consumption went from 98.1 MB to 97.1 MB.
Total: 4.891958 ms (FindLiveObjects: 0.251541 ms CreateObjectMapping: 0.134125 ms MarkObjects: 3.826084 ms  DeleteObjects: 0.679583 ms)

Prepare: number of updated asset objects reloaded= 0
========================================================================
Received Prepare
Begin MonoManager ReloadAssembly
Thread 0x299013000 may have been prematurely finalized
- Loaded All Assemblies, in  0.467 seconds
Refreshing native plugins compatible for Editor in 0.37 ms, found 3 plugins.
Native extension for iOS target not found
Native extension for Android target not found
Native extension for OSXStandalone target not found
Native extension for WebGL target not found
Mono: successfully reloaded assembly
- Finished resetting the current domain, in  0.493 seconds
Domain Reload Profiling: 963ms
	BeginReloadAssembly (116ms)
		ExecutionOrderSort (0ms)
		DisableScriptedObjects (8ms)
		BackupInstance (0ms)
		ReleaseScriptingObjects (0ms)
		CreateAndSetChildDomain (49ms)
	RebuildCommonClasses (34ms)
	RebuildNativeTypeToScriptingClass (11ms)
	initialDomainReloadingComplete (16ms)
	LoadAllAssembliesAndSetupDomain (292ms)
		LoadAssemblies (202ms)
		RebuildTransferFunctionScriptingTraits (0ms)
		AnalyzeDomain (123ms)
			TypeCache.Refresh (7ms)
				TypeCache.ScanAssembly (0ms)
			BuildScriptInfoCaches (109ms)
			ResolveRequiredComponents (5ms)
	FinalizeReload (494ms)
		ReleaseScriptCaches (0ms)
		RebuildScriptCaches (0ms)
		SetupLoadedEditorAssemblies (398ms)
			LogAssemblyErrors (0ms)
			InitializePlatformSupportModulesInManaged (13ms)
			SetLoadedEditorAssemblies (3ms)
			BeforeProcessingInitializeOnLoad (77ms)
			ProcessInitializeOnLoadAttributes (278ms)
			ProcessInitializeOnLoadMethodAttributes (26ms)
			AfterProcessingInitializeOnLoad (1ms)
			EditorAssembliesLoaded (0ms)
		ExecutionOrderSort2 (0ms)
		AwakeInstancesAfterBackupRestoration (3ms)
Refreshing native plugins compatible for Editor in 0.49 ms, found 3 plugins.
Preloading 0 native plugins for Editor in 0.00 ms.
Unloading 0 Unused Serialized files (Serialized files now loaded: 0)
Unloading 4755 unused Assets / (1.0 MB). Loaded Objects now: 5655.
Memory consumption went from 98.1 MB to 97.0 MB.
Total: 5.368833 ms (FindLiveObjects: 0.243416 ms CreateObjectMapping: 0.339667 ms MarkObjects: 3.973167 ms  DeleteObjects: 0.812250 ms)

Prepare: number of updated asset objects reloaded= 0
========================================================================
Received Prepare
Begin MonoManager ReloadAssembly
Thread 0x299013000 may have been prematurely finalized
- Loaded All Assemblies, in  0.445 seconds
Refreshing native plugins compatible for Editor in 0.38 ms, found 3 plugins.
Native extension for iOS target not found
Native extension for Android target not found
Native extension for OSXStandalone target not found
Native extension for WebGL target not found
Mono: successfully reloaded assembly
- Finished resetting the current domain, in  0.546 seconds
Domain Reload Profiling: 994ms
	BeginReloadAssembly (118ms)
		ExecutionOrderSort (0ms)
		DisableScriptedObjects (10ms)
		BackupInstance (0ms)
		ReleaseScriptingObjects (0ms)
		CreateAndSetChildDomain (49ms)
	RebuildCommonClasses (32ms)
	RebuildNativeTypeToScriptingClass (10ms)
	initialDomainReloadingComplete (15ms)
	LoadAllAssembliesAndSetupDomain (272ms)
		LoadAssemblies (183ms)
		RebuildTransferFunctionScriptingTraits (0ms)
		AnalyzeDomain (120ms)
			TypeCache.Refresh (8ms)
				TypeCache.ScanAssembly (0ms)
			BuildScriptInfoCaches (105ms)
			ResolveRequiredComponents (5ms)
	FinalizeReload (547ms)
		ReleaseScriptCaches (0ms)
		RebuildScriptCaches (0ms)
		SetupLoadedEditorAssemblies (448ms)
			LogAssemblyErrors (0ms)
			InitializePlatformSupportModulesInManaged (12ms)
			SetLoadedEditorAssemblies (3ms)
			BeforeProcessingInitializeOnLoad (77ms)
			ProcessInitializeOnLoadAttributes (326ms)
			ProcessInitializeOnLoadMethodAttributes (28ms)
			AfterProcessingInitializeOnLoad (1ms)
			EditorAssembliesLoaded (0ms)
		ExecutionOrderSort2 (0ms)
		AwakeInstancesAfterBackupRestoration (2ms)
Refreshing native plugins compatible for Editor in 0.43 ms, found 3 plugins.
Preloading 0 native plugins for Editor in 0.00 ms.
Unloading 0 Unused Serialized files (Serialized files now loaded: 0)
Unloading 4755 unused Assets / (1.1 MB). Loaded Objects now: 5657.
Memory consumption went from 98.1 MB to 96.9 MB.
Total: 5.474916 ms (FindLiveObjects: 0.280166 ms CreateObjectMapping: 0.167959 ms MarkObjects: 3.912083 ms  DeleteObjects: 1.114000 ms)

Prepare: number of updated asset objects reloaded= 0
========================================================================
Received Prepare
Begin MonoManager ReloadAssembly
Thread 0x299013000 may have been prematurely finalized
- Loaded All Assemblies, in  0.535 seconds
Refreshing native plugins compatible for Editor in 0.37 ms, found 3 plugins.
Native extension for iOS target not found
Native extension for Android target not found
Native extension for OSXStandalone target not found
Native extension for WebGL target not found
Mono: successfully reloaded assembly
- Finished resetting the current domain, in  0.578 seconds
Domain Reload Profiling: 1115ms
	BeginReloadAssembly (168ms)
		ExecutionOrderSort (0ms)
		DisableScriptedObjects (13ms)
		BackupInstance (0ms)
		ReleaseScriptingObjects (0ms)
		CreateAndSetChildDomain (82ms)
	RebuildCommonClasses (39ms)
	RebuildNativeTypeToScriptingClass (11ms)
	initialDomainReloadingComplete (18ms)
	LoadAllAssembliesAndSetupDomain (301ms)
		LoadAssemblies (220ms)
		RebuildTransferFunctionScriptingTraits (0ms)
		AnalyzeDomain (120ms)
			TypeCache.Refresh (8ms)
				TypeCache.ScanAssembly (0ms)
			BuildScriptInfoCaches (105ms)
			ResolveRequiredComponents (5ms)
	FinalizeReload (578ms)
		ReleaseScriptCaches (0ms)
		RebuildScriptCaches (0ms)
		SetupLoadedEditorAssemblies (460ms)
			LogAssemblyErrors (0ms)
			InitializePlatformSupportModulesInManaged (15ms)
			SetLoadedEditorAssemblies (4ms)
			BeforeProcessingInitializeOnLoad (86ms)
			ProcessInitializeOnLoadAttributes (325ms)
			ProcessInitializeOnLoadMethodAttributes (30ms)
			AfterProcessingInitializeOnLoad (1ms)
			EditorAssembliesLoaded (0ms)
		ExecutionOrderSort2 (0ms)
		AwakeInstancesAfterBackupRestoration (3ms)
Refreshing native plugins compatible for Editor in 0.56 ms, found 3 plugins.
Preloading 0 native plugins for Editor in 0.00 ms.
Unloading 0 Unused Serialized files (Serialized files now loaded: 0)
Unloading 4755 unused Assets / (0.7 MB). Loaded Objects now: 5659.
Memory consumption went from 98.1 MB to 97.4 MB.
Total: 6.028542 ms (FindLiveObjects: 0.301000 ms CreateObjectMapping: 0.149791 ms MarkObjects: 4.648750 ms  DeleteObjects: 0.928458 ms)

Prepare: number of updated asset objects reloaded= 0
========================================================================
Received Prepare
Begin MonoManager ReloadAssembly
Thread 0x299013000 may have been prematurely finalized
- Loaded All Assemblies, in  0.522 seconds
Refreshing native plugins compatible for Editor in 0.38 ms, found 3 plugins.
Native extension for iOS target not found
Native extension for Android target not found
Native extension for OSXStandalone target not found
Native extension for WebGL target not found
Mono: successfully reloaded assembly
- Finished resetting the current domain, in  0.551 seconds
Domain Reload Profiling: 1075ms
	BeginReloadAssembly (145ms)
		ExecutionOrderSort (0ms)
		DisableScriptedObjects (13ms)
		BackupInstance (0ms)
		ReleaseScriptingObjects (0ms)
		CreateAndSetChildDomain (59ms)
	RebuildCommonClasses (34ms)
	RebuildNativeTypeToScriptingClass (11ms)
	initialDomainReloadingComplete (17ms)
	LoadAllAssembliesAndSetupDomain (317ms)
		LoadAssemblies (231ms)
		RebuildTransferFunctionScriptingTraits (0ms)
		AnalyzeDomain (128ms)
			TypeCache.Refresh (8ms)
				TypeCache.ScanAssembly (0ms)
			BuildScriptInfoCaches (113ms)
			ResolveRequiredComponents (4ms)
	FinalizeReload (552ms)
		ReleaseScriptCaches (0ms)
		RebuildScriptCaches (0ms)
		SetupLoadedEditorAssemblies (450ms)
			LogAssemblyErrors (0ms)
			InitializePlatformSupportModulesInManaged (15ms)
			SetLoadedEditorAssemblies (4ms)
			BeforeProcessingInitializeOnLoad (90ms)
			ProcessInitializeOnLoadAttributes (312ms)
			ProcessInitializeOnLoadMethodAttributes (28ms)
			AfterProcessingInitializeOnLoad (1ms)
			EditorAssembliesLoaded (0ms)
		ExecutionOrderSort2 (0ms)
		AwakeInstancesAfterBackupRestoration (3ms)
Refreshing native plugins compatible for Editor in 0.50 ms, found 3 plugins.
Preloading 0 native plugins for Editor in 0.00 ms.
Unloading 0 Unused Serialized files (Serialized files now loaded: 0)
Unloading 4755 unused Assets / (1.0 MB). Loaded Objects now: 5661.
Memory consumption went from 98.1 MB to 97.1 MB.
Total: 6.003500 ms (FindLiveObjects: 0.291916 ms CreateObjectMapping: 0.183750 ms MarkObjects: 4.462791 ms  DeleteObjects: 1.064500 ms)

Prepare: number of updated asset objects reloaded= 0
========================================================================
Received Prepare
Begin MonoManager ReloadAssembly
Thread 0x299013000 may have been prematurely finalized
- Loaded All Assemblies, in  0.608 seconds
Refreshing native plugins compatible for Editor in 0.42 ms, found 3 plugins.
Native extension for iOS target not found
Native extension for Android target not found
Native extension for OSXStandalone target not found
Native extension for WebGL target not found
Mono: successfully reloaded assembly
- Finished resetting the current domain, in  0.560 seconds
Domain Reload Profiling: 1170ms
	BeginReloadAssembly (169ms)
		ExecutionOrderSort (0ms)
		DisableScriptedObjects (26ms)
		BackupInstance (0ms)
		ReleaseScriptingObjects (0ms)
		CreateAndSetChildDomain (66ms)
	RebuildCommonClasses (50ms)
	RebuildNativeTypeToScriptingClass (15ms)
	initialDomainReloadingComplete (58ms)
	LoadAllAssembliesAndSetupDomain (316ms)
		LoadAssemblies (223ms)
		RebuildTransferFunctionScriptingTraits (0ms)
		AnalyzeDomain (132ms)
			TypeCache.Refresh (11ms)
				TypeCache.ScanAssembly (1ms)
			BuildScriptInfoCaches (114ms)
			ResolveRequiredComponents (5ms)
	FinalizeReload (561ms)
		ReleaseScriptCaches (0ms)
		RebuildScriptCaches (0ms)
		SetupLoadedEditorAssemblies (448ms)
			LogAssemblyErrors (0ms)
			InitializePlatformSupportModulesInManaged (15ms)
			SetLoadedEditorAssemblies (4ms)
			BeforeProcessingInitializeOnLoad (90ms)
			ProcessInitializeOnLoadAttributes (310ms)
			ProcessInitializeOnLoadMethodAttributes (27ms)
			AfterProcessingInitializeOnLoad (1ms)
			EditorAssembliesLoaded (0ms)
		ExecutionOrderSort2 (0ms)
		AwakeInstancesAfterBackupRestoration (3ms)
Refreshing native plugins compatible for Editor in 0.44 ms, found 3 plugins.
Preloading 0 native plugins for Editor in 0.00 ms.
Unloading 0 Unused Serialized files (Serialized files now loaded: 0)
Unloading 4755 unused Assets / (1.1 MB). Loaded Objects now: 5663.
Memory consumption went from 98.1 MB to 97.0 MB.
Total: 4.998709 ms (FindLiveObjects: 0.256709 ms CreateObjectMapping: 0.147458 ms MarkObjects: 3.874542 ms  DeleteObjects: 0.719292 ms)

Prepare: number of updated asset objects reloaded= 0
========================================================================
Received Prepare
Begin MonoManager ReloadAssembly
Thread 0x299013000 may have been prematurely finalized
- Loaded All Assemblies, in  0.453 seconds
Refreshing native plugins compatible for Editor in 0.35 ms, found 3 plugins.
Native extension for iOS target not found
Native extension for Android target not found
Native extension for OSXStandalone target not found
Native extension for WebGL target not found
Mono: successfully reloaded assembly
- Finished resetting the current domain, in  0.538 seconds
Domain Reload Profiling: 993ms
	BeginReloadAssembly (110ms)
		ExecutionOrderSort (0ms)
		DisableScriptedObjects (8ms)
		BackupInstance (0ms)
		ReleaseScriptingObjects (0ms)
		CreateAndSetChildDomain (44ms)
	RebuildCommonClasses (31ms)
	RebuildNativeTypeToScriptingClass (11ms)
	initialDomainReloadingComplete (15ms)
	LoadAllAssembliesAndSetupDomain (288ms)
		LoadAssemblies (203ms)
		RebuildTransferFunctionScriptingTraits (0ms)
		AnalyzeDomain (116ms)
			TypeCache.Refresh (6ms)
				TypeCache.ScanAssembly (0ms)
			BuildScriptInfoCaches (103ms)
			ResolveRequiredComponents (4ms)
	FinalizeReload (538ms)
		ReleaseScriptCaches (0ms)
		RebuildScriptCaches (0ms)
		SetupLoadedEditorAssemblies (444ms)
			LogAssemblyErrors (0ms)
			InitializePlatformSupportModulesInManaged (13ms)
			SetLoadedEditorAssemblies (3ms)
			BeforeProcessingInitializeOnLoad (76ms)
			ProcessInitializeOnLoadAttributes (323ms)
			ProcessInitializeOnLoadMethodAttributes (27ms)
			AfterProcessingInitializeOnLoad (1ms)
			EditorAssembliesLoaded (0ms)
		ExecutionOrderSort2 (0ms)
		AwakeInstancesAfterBackupRestoration (3ms)
Refreshing native plugins compatible for Editor in 0.44 ms, found 3 plugins.
Preloading 0 native plugins for Editor in 0.00 ms.
Unloading 0 Unused Serialized files (Serialized files now loaded: 0)
Unloading 4755 unused Assets / (416.9 KB). Loaded Objects now: 5665.
Memory consumption went from 98.1 MB to 97.7 MB.
Total: 5.880375 ms (FindLiveObjects: 0.286166 ms CreateObjectMapping: 0.153750 ms MarkObjects: 4.531625 ms  DeleteObjects: 0.908042 ms)

Prepare: number of updated asset objects reloaded= 0
========================================================================
Received Prepare
Begin MonoManager ReloadAssembly
Thread 0x299013000 may have been prematurely finalized
- Loaded All Assemblies, in  0.627 seconds
Refreshing native plugins compatible for Editor in 0.38 ms, found 3 plugins.
Native extension for iOS target not found
Native extension for Android target not found
Native extension for OSXStandalone target not found
Native extension for WebGL target not found
Mono: successfully reloaded assembly
- Finished resetting the current domain, in  0.538 seconds
Domain Reload Profiling: 1167ms
	BeginReloadAssembly (228ms)
		ExecutionOrderSort (0ms)
		DisableScriptedObjects (23ms)
		BackupInstance (0ms)
		ReleaseScriptingObjects (0ms)
		CreateAndSetChildDomain (78ms)
	RebuildCommonClasses (37ms)
	RebuildNativeTypeToScriptingClass (11ms)
	initialDomainReloadingComplete (17ms)
	LoadAllAssembliesAndSetupDomain (335ms)
		LoadAssemblies (294ms)
		RebuildTransferFunctionScriptingTraits (0ms)
		AnalyzeDomain (127ms)
			TypeCache.Refresh (14ms)
				TypeCache.ScanAssembly (0ms)
			BuildScriptInfoCaches (107ms)
			ResolveRequiredComponents (4ms)
	FinalizeReload (538ms)
		ReleaseScriptCaches (0ms)
		RebuildScriptCaches (0ms)
		SetupLoadedEditorAssemblies (428ms)
			LogAssemblyErrors (0ms)
			InitializePlatformSupportModulesInManaged (13ms)
			SetLoadedEditorAssemblies (4ms)
			BeforeProcessingInitializeOnLoad (81ms)
			ProcessInitializeOnLoadAttributes (303ms)
			ProcessInitializeOnLoadMethodAttributes (27ms)
			AfterProcessingInitializeOnLoad (1ms)
			EditorAssembliesLoaded (0ms)
		ExecutionOrderSort2 (0ms)
		AwakeInstancesAfterBackupRestoration (3ms)
Refreshing native plugins compatible for Editor in 0.53 ms, found 3 plugins.
Preloading 0 native plugins for Editor in 0.00 ms.
Unloading 0 Unused Serialized files (Serialized files now loaded: 0)
Unloading 4755 unused Assets / (0.9 MB). Loaded Objects now: 5667.
Memory consumption went from 98.1 MB to 97.1 MB.
Total: 5.831833 ms (FindLiveObjects: 0.328500 ms CreateObjectMapping: 0.163958 ms MarkObjects: 4.319042 ms  DeleteObjects: 1.019542 ms)

Prepare: number of updated asset objects reloaded= 0
========================================================================
Received Prepare
Begin MonoManager ReloadAssembly
Thread 0x299013000 may have been prematurely finalized
- Loaded All Assemblies, in  0.519 seconds
Refreshing native plugins compatible for Editor in 0.38 ms, found 3 plugins.
Native extension for iOS target not found
Native extension for Android target not found
Native extension for OSXStandalone target not found
Native extension for WebGL target not found
Mono: successfully reloaded assembly
- Finished resetting the current domain, in  0.518 seconds
Domain Reload Profiling: 1039ms
	BeginReloadAssembly (180ms)
		ExecutionOrderSort (0ms)
		DisableScriptedObjects (15ms)
		BackupInstance (0ms)
		ReleaseScriptingObjects (0ms)
		CreateAndSetChildDomain (74ms)
	RebuildCommonClasses (40ms)
	RebuildNativeTypeToScriptingClass (11ms)
	initialDomainReloadingComplete (17ms)
	LoadAllAssembliesAndSetupDomain (273ms)
		LoadAssemblies (207ms)
		RebuildTransferFunctionScriptingTraits (0ms)
		AnalyzeDomain (116ms)
			TypeCache.Refresh (7ms)
				TypeCache.ScanAssembly (0ms)
			BuildScriptInfoCaches (102ms)
			ResolveRequiredComponents (4ms)
	FinalizeReload (518ms)
		ReleaseScriptCaches (0ms)
		RebuildScriptCaches (0ms)
		SetupLoadedEditorAssemblies (415ms)
			LogAssemblyErrors (0ms)
			InitializePlatformSupportModulesInManaged (14ms)
			SetLoadedEditorAssemblies (4ms)
			BeforeProcessingInitializeOnLoad (78ms)
			ProcessInitializeOnLoadAttributes (292ms)
			ProcessInitializeOnLoadMethodAttributes (26ms)
			AfterProcessingInitializeOnLoad (1ms)
			EditorAssembliesLoaded (0ms)
		ExecutionOrderSort2 (0ms)
		AwakeInstancesAfterBackupRestoration (3ms)
Refreshing native plugins compatible for Editor in 0.42 ms, found 3 plugins.
Preloading 0 native plugins for Editor in 0.00 ms.
Unloading 0 Unused Serialized files (Serialized files now loaded: 0)
Unloading 4755 unused Assets / (1.1 MB). Loaded Objects now: 5669.
Memory consumption went from 98.1 MB to 97.0 MB.
Total: 5.296584 ms (FindLiveObjects: 0.281750 ms CreateObjectMapping: 0.165667 ms MarkObjects: 4.025584 ms  DeleteObjects: 0.823000 ms)

Prepare: number of updated asset objects reloaded= 0
========================================================================
Received Prepare
Begin MonoManager ReloadAssembly
Thread 0x299013000 may have been prematurely finalized
- Loaded All Assemblies, in  0.461 seconds
Refreshing native plugins compatible for Editor in 0.38 ms, found 3 plugins.
Native extension for iOS target not found
Native extension for Android target not found
Native extension for OSXStandalone target not found
Native extension for WebGL target not found
Mono: successfully reloaded assembly
- Finished resetting the current domain, in  0.494 seconds
Domain Reload Profiling: 957ms
	BeginReloadAssembly (124ms)
		ExecutionOrderSort (0ms)
		DisableScriptedObjects (8ms)
		BackupInstance (0ms)
		ReleaseScriptingObjects (0ms)
		CreateAndSetChildDomain (46ms)
	RebuildCommonClasses (34ms)
	RebuildNativeTypeToScriptingClass (11ms)
	initialDomainReloadingComplete (15ms)
	LoadAllAssembliesAndSetupDomain (279ms)
		LoadAssemblies (208ms)
		RebuildTransferFunctionScriptingTraits (0ms)
		AnalyzeDomain (114ms)
			TypeCache.Refresh (6ms)
				TypeCache.ScanAssembly (0ms)
			BuildScriptInfoCaches (102ms)
			ResolveRequiredComponents (4ms)
	FinalizeReload (495ms)
		ReleaseScriptCaches (0ms)
		RebuildScriptCaches (0ms)
		SetupLoadedEditorAssemblies (402ms)
			LogAssemblyErrors (0ms)
			InitializePlatformSupportModulesInManaged (13ms)
			SetLoadedEditorAssemblies (3ms)
			BeforeProcessingInitializeOnLoad (78ms)
			ProcessInitializeOnLoadAttributes (281ms)
			ProcessInitializeOnLoadMethodAttributes (26ms)
			AfterProcessingInitializeOnLoad (1ms)
			EditorAssembliesLoaded (0ms)
		ExecutionOrderSort2 (0ms)
		AwakeInstancesAfterBackupRestoration (3ms)
Refreshing native plugins compatible for Editor in 0.42 ms, found 3 plugins.
Preloading 0 native plugins for Editor in 0.00 ms.
Unloading 0 Unused Serialized files (Serialized files now loaded: 0)
Unloading 4755 unused Assets / (0.8 MB). Loaded Objects now: 5671.
Memory consumption went from 98.1 MB to 97.3 MB.
Total: 4.846583 ms (FindLiveObjects: 0.273792 ms CreateObjectMapping: 0.140334 ms MarkObjects: 3.711458 ms  DeleteObjects: 0.720375 ms)

Prepare: number of updated asset objects reloaded= 0
========================================================================
Received Prepare
Begin MonoManager ReloadAssembly
Thread 0x299013000 may have been prematurely finalized
- Loaded All Assemblies, in  0.538 seconds
Refreshing native plugins compatible for Editor in 0.37 ms, found 3 plugins.
Native extension for iOS target not found
Native extension for Android target not found
Native extension for OSXStandalone target not found
Native extension for WebGL target not found
Mono: successfully reloaded assembly
- Finished resetting the current domain, in  0.512 seconds
Domain Reload Profiling: 1052ms
	BeginReloadAssembly (191ms)
		ExecutionOrderSort (0ms)
		DisableScriptedObjects (12ms)
		BackupInstance (0ms)
		ReleaseScriptingObjects (0ms)
		CreateAndSetChildDomain (70ms)
	RebuildCommonClasses (35ms)
	RebuildNativeTypeToScriptingClass (11ms)
	initialDomainReloadingComplete (23ms)
	LoadAllAssembliesAndSetupDomain (280ms)
		LoadAssemblies (229ms)
		RebuildTransferFunctionScriptingTraits (0ms)
		AnalyzeDomain (116ms)
			TypeCache.Refresh (8ms)
				TypeCache.ScanAssembly (0ms)
			BuildScriptInfoCaches (102ms)
			ResolveRequiredComponents (4ms)
	FinalizeReload (512ms)
		ReleaseScriptCaches (0ms)
		RebuildScriptCaches (0ms)
		SetupLoadedEditorAssemblies (412ms)
			LogAssemblyErrors (0ms)
			InitializePlatformSupportModulesInManaged (15ms)
			SetLoadedEditorAssemblies (3ms)
			BeforeProcessingInitializeOnLoad (89ms)
			ProcessInitializeOnLoadAttributes (279ms)
			ProcessInitializeOnLoadMethodAttributes (24ms)
			AfterProcessingInitializeOnLoad (1ms)
			EditorAssembliesLoaded (0ms)
		ExecutionOrderSort2 (0ms)
		AwakeInstancesAfterBackupRestoration (2ms)
Refreshing native plugins compatible for Editor in 0.42 ms, found 3 plugins.
Preloading 0 native plugins for Editor in 0.00 ms.
Unloading 0 Unused Serialized files (Serialized files now loaded: 0)
Unloading 4755 unused Assets / (1.0 MB). Loaded Objects now: 5673.
Memory consumption went from 98.1 MB to 97.1 MB.
Total: 5.069417 ms (FindLiveObjects: 0.265459 ms CreateObjectMapping: 0.130209 ms MarkObjects: 3.898792 ms  DeleteObjects: 0.774291 ms)

Prepare: number of updated asset objects reloaded= 0
